# player track of capture 2026-09-15_13-16-33-496 (schema 0.34.0, mod 0.28.0): one line per consecutive brain tick from tick 1, the recorder player_px (his feet, player.Bottom) and player_vel columns, px_x,px_y,vel_x,vel_y
51256.00,5968.00,0.00,0.00
51256.00,5968.00,0.00,0.00
51256.00,5968.00,0.00,0.00
51256.00,5968.00,0.00,0.00
51256.00,5968.00,0.00,0.00
51256.00,5968.00,0.00,0.00
51256.00,5968.00,0.00,0.00
51256.00,5968.00,0.00,0.00
51256.08,5968.00,0.08,0.00
51256.24,5968.00,0.16,0.00
51256.48,5968.00,0.24,0.00
51256.80,5968.00,0.32,0.00
51257.20,5968.00,0.40,0.00
51257.68,5968.00,0.48,0.00
51258.23,5968.00,0.56,0.00
51258.88,5968.00,0.64,0.00
51259.59,5968.00,0.72,0.00
51260.39,5968.00,0.80,0.00
51261.27,5968.00,0.88,0.00
51262.23,5968.00,0.96,0.00
51263.27,5968.00,1.04,0.00
51264.39,5968.00,1.12,0.00
51265.59,5968.00,1.20,0.00
51266.88,5968.00,1.28,0.00
51268.23,5968.00,1.36,0.00
51269.68,5968.00,1.44,0.00
51271.20,5968.00,1.52,0.00
51272.80,5968.00,1.60,0.00
51274.48,5968.00,1.68,0.00
51276.24,5968.00,1.76,0.00
51278.08,5968.00,1.84,0.00
51280.00,5968.00,1.92,0.00
51282.00,5968.00,2.00,0.00
51284.08,5968.00,2.08,0.00
51286.24,5968.00,2.16,0.00
51288.48,5968.00,2.24,0.00
51290.80,5968.00,2.32,0.00
51293.20,5968.00,2.40,0.00
51295.68,5968.00,2.48,0.00
51298.23,5968.00,2.56,0.00
51300.88,5968.00,2.64,0.00
51303.59,5968.00,2.72,0.00
51306.39,5968.00,2.80,0.00
51309.27,5968.00,2.88,0.00
51312.23,5968.00,2.96,0.00
51315.27,5968.00,3.04,0.00
51318.11,5968.00,2.84,0.00
51321.04,5968.00,2.92,0.00
51324.04,5968.00,3.00,0.00
51327.11,5968.00,3.08,0.00
51329.99,5968.00,2.88,0.00
51332.95,5968.00,2.96,0.00
51335.99,5968.00,3.04,0.00
51338.83,5963.39,2.84,-4.61
51341.75,5958.78,2.92,-4.61
51344.75,5954.17,3.00,-4.61
51347.83,5949.56,3.08,-4.61
51350.81,5944.95,2.98,-4.61
51353.87,5940.34,3.06,-4.61
51356.83,5935.73,2.96,-4.61
51359.87,5931.12,3.04,-4.61
51362.81,5926.51,2.94,-4.61
51365.83,5921.90,3.02,-4.61
51368.75,5917.29,2.92,-4.61
51371.75,5912.68,3.00,-4.61
51374.83,5908.07,3.08,-4.61
51377.81,5903.46,2.98,-4.61
51380.87,5898.85,3.06,-4.61
51383.83,5894.24,2.96,-4.61
51386.87,5890.03,3.04,-4.21
51389.81,5886.22,2.94,-3.81
51392.83,5882.81,3.02,-3.41
51395.75,5879.80,2.92,-3.01
51398.75,5877.19,3.00,-2.61
51401.83,5874.98,3.08,-2.21
51404.81,5873.17,2.98,-1.81
51407.87,5871.76,3.06,-1.41
51410.83,5870.75,2.96,-1.01
51413.87,5870.14,3.04,-0.61
51416.81,5869.93,2.94,-0.21
51419.83,5870.12,3.02,0.19
51422.75,5870.71,2.92,0.59
51425.75,5871.70,3.00,0.99
51428.83,5873.09,3.08,1.39
51431.81,5874.88,2.98,1.79
51434.87,5877.07,3.06,2.19
51437.83,5879.66,2.96,2.59
51440.87,5882.65,3.04,2.99
51443.81,5886.04,2.94,3.39
51446.83,5889.83,3.02,3.79
51449.75,5894.02,2.92,4.19
51452.75,5898.61,3.00,4.59
51455.83,5903.60,3.08,4.99
51458.81,5908.99,2.98,5.39
51461.87,5914.78,3.06,5.79
51464.83,5920.97,2.96,6.19
51467.87,5927.56,3.04,6.59
51470.81,5934.55,2.94,6.99
51473.83,5941.94,3.02,7.39
51476.75,5949.73,2.92,7.79
51479.75,5957.92,3.00,8.19
51482.83,5966.51,3.08,8.59
51485.81,5975.50,2.98,8.99
51488.87,5984.00,3.06,8.50
51491.83,5984.00,2.96,0.00
51494.87,5984.00,3.04,0.00
51497.71,5984.00,2.84,0.00
51500.63,5984.00,2.92,0.00
51503.63,5984.00,3.00,0.00
51506.71,5984.00,3.08,0.00
51509.59,5984.00,2.88,0.00
51512.55,5984.00,2.96,0.00
51515.59,5984.00,3.04,0.00
51518.43,5984.00,2.84,0.00
51521.35,5984.00,2.92,0.00
51524.35,5984.00,3.00,0.00
51527.43,5984.00,3.08,0.00
51530.31,5984.00,2.88,0.00
51533.27,5984.00,2.96,0.00
51536.31,5984.00,3.04,0.00
51539.15,5984.00,2.84,0.00
51542.07,5984.00,2.92,0.00
51545.07,5984.00,3.00,0.00
51548.15,5984.00,3.08,0.00
51551.03,5984.00,2.88,0.00
51553.99,5984.00,2.96,0.00
51557.03,5984.00,3.04,0.00
51559.87,5984.00,2.84,0.00
51562.79,5984.00,2.92,0.00
51565.79,5984.00,3.00,0.00
51568.87,5984.00,3.08,0.00
51571.75,5984.00,2.88,0.00
51574.71,5984.00,2.96,0.00
51577.75,5984.00,3.04,0.00
51580.59,5984.00,2.84,0.00
51583.51,5984.00,2.92,0.00
51586.51,5984.00,3.00,0.00
51589.59,5984.00,3.08,0.00
51592.46,5984.00,2.88,0.00
51595.43,5984.00,2.96,0.00
51598.46,5984.00,3.04,0.00
51601.30,5984.00,2.84,0.00
51604.23,5984.00,2.92,0.00
51607.23,5984.00,3.00,0.00
51610.30,5984.00,3.08,0.00
51613.18,5984.00,2.88,0.00
51616.14,5984.00,2.96,0.00
51619.18,5984.00,3.04,0.00
51622.02,5984.00,2.84,0.00
51624.95,5984.00,2.92,0.00
51627.95,5984.00,3.00,0.00
51631.02,5984.00,3.08,0.00
51633.90,5984.00,2.88,0.00
51636.86,5984.00,2.96,0.00
51639.90,5984.00,3.04,0.00
51642.74,5984.00,2.84,0.00
51645.66,5984.00,2.92,0.00
51648.66,5984.00,3.00,0.00
51651.74,5984.00,3.08,0.00
51654.62,5984.00,2.88,0.00
51657.58,5984.00,2.96,0.00
51660.62,5984.00,3.04,0.00
51663.46,5984.00,2.84,0.00
51666.38,5984.00,2.92,0.00
51669.38,5984.00,3.00,0.00
51672.46,5984.00,3.08,0.00
51675.34,5984.00,2.88,0.00
51678.30,5984.00,2.96,0.00
51681.34,5984.00,3.04,0.00
51684.18,5984.00,2.84,0.00
51687.10,5984.00,2.92,0.00
51690.10,5984.00,3.00,0.00
51693.18,5984.00,3.08,0.00
51696.06,5984.00,2.88,0.00
51699.02,5984.00,2.96,0.00
51702.06,5984.00,3.04,0.00
51704.90,5984.00,2.84,0.00
51707.82,5984.00,2.92,0.00
51710.82,5984.00,3.00,0.00
51713.90,5984.00,3.08,0.00
51716.78,5984.00,2.88,0.00
51719.74,5984.00,2.96,0.00
51722.78,5979.39,3.04,-4.61
51725.72,5974.78,2.94,-4.61
51728.74,5970.17,3.02,-4.61
51731.66,5965.56,2.92,-4.61
51734.66,5960.95,3.00,-4.61
51737.74,5956.34,3.08,-4.61
51740.72,5951.73,2.98,-4.61
51743.78,5947.12,3.06,-4.61
51746.74,5942.51,2.96,-4.61
51749.78,5937.90,3.04,-4.61
51752.72,5933.29,2.94,-4.61
51755.74,5929.08,3.02,-4.21
51758.66,5925.27,2.92,-3.81
51761.66,5921.86,3.00,-3.41
51764.74,5918.85,3.08,-3.01
51767.72,5916.24,2.98,-2.61
51770.78,5914.03,3.06,-2.21
51773.74,5912.22,2.96,-1.81
51776.78,5910.81,3.04,-1.41
51779.72,5909.80,2.94,-1.01
51782.74,5909.19,3.02,-0.61
51785.66,5908.98,2.92,-0.21
51788.66,5909.17,3.00,0.19
51791.74,5909.76,3.08,0.59
51794.72,5910.75,2.98,0.99
51797.78,5912.14,3.06,1.39
51800.74,5913.93,2.96,1.79
51803.78,5916.12,3.04,2.19
51806.72,5918.71,2.94,2.59
51809.74,5921.70,3.02,2.99
51812.66,5925.09,2.92,3.39
51815.66,5928.88,3.00,3.79
51818.74,5933.07,3.08,4.19
51821.72,5937.66,2.98,4.59
51824.78,5942.65,3.06,4.99
51827.74,5948.04,2.96,5.39
51830.78,5953.83,3.04,5.79
51833.72,5960.02,2.94,6.19
51836.74,5966.61,3.02,6.59
51839.66,5973.60,2.92,6.99
51842.66,5980.99,3.00,7.39
51845.74,5988.78,3.08,7.79
51848.72,5992.00,2.98,3.22
51851.78,5992.00,3.06,0.00
51854.64,5992.00,2.86,0.00
51857.58,5992.00,2.94,0.00
51860.60,5992.00,3.02,0.00
51863.42,5984.00,2.82,0.00
51866.32,5984.00,2.90,0.00
51869.30,5984.00,2.98,0.00
51872.36,5984.00,3.06,0.00
51875.21,5984.00,2.86,0.00
51878.16,5976.00,2.94,0.00
51881.18,5976.00,3.02,0.00
51884.00,5976.00,2.82,0.00
51886.89,5976.00,2.90,0.00
51889.88,5976.00,2.98,0.00
51892.93,5976.00,3.06,0.00
51895.79,5968.00,2.86,0.00
51898.73,5968.00,2.94,0.00
51901.75,5968.00,3.02,0.00
51904.57,5968.00,2.82,0.00
51907.47,5968.00,2.90,0.00
51910.45,5968.00,2.98,0.00
51913.51,5968.00,3.06,0.00
51916.37,5968.00,2.86,0.00
51919.31,5968.00,2.94,0.00
51922.33,5968.00,3.02,0.00
51925.15,5968.00,2.82,0.00
51928.05,5968.00,2.90,0.00
51931.03,5968.00,2.98,0.00
51934.09,5968.00,3.06,0.00
51936.95,5968.00,2.86,0.00
51939.89,5968.00,2.94,0.00
51942.91,5968.00,3.02,0.00
51945.73,5968.00,2.82,0.00
51948.35,5968.00,2.62,0.00
51950.69,5968.00,2.34,0.00
51952.75,5968.00,2.06,0.00
51954.53,5968.00,1.78,0.00
51956.03,5968.00,1.50,0.00
51957.25,5968.00,1.22,0.00
51958.19,5968.00,0.94,0.00
51958.85,5968.00,0.66,0.00
51959.23,5968.00,0.38,0.00
51959.33,5968.00,0.10,0.00
51959.35,5968.00,0.02,0.00
51959.29,5968.00,-0.06,0.00
51959.15,5968.00,-0.14,0.00
51958.93,5968.00,-0.22,0.00
51958.63,5968.00,-0.30,0.00
51958.25,5968.00,-0.38,0.00
51957.79,5968.00,-0.46,0.00
51957.25,5968.00,-0.54,0.00
51956.63,5968.00,-0.62,0.00
51955.93,5968.00,-0.70,0.00
51955.15,5968.00,-0.78,0.00
51954.29,5968.00,-0.86,0.00
51953.35,5968.00,-0.94,0.00
51952.33,5968.00,-1.02,0.00
51951.23,5968.00,-1.10,0.00
51950.05,5968.00,-1.18,0.00
51948.79,5968.00,-1.26,0.00
51947.45,5968.00,-1.34,0.00
51946.03,5968.00,-1.42,0.00
51944.53,5968.00,-1.50,0.00
51942.95,5968.00,-1.58,0.00
51941.29,5968.00,-1.66,0.00
51939.55,5968.00,-1.74,0.00
51937.73,5968.00,-1.82,0.00
51935.83,5968.00,-1.90,0.00
51933.85,5968.00,-1.98,0.00
51931.79,5968.00,-2.06,0.00
51929.65,5968.00,-2.14,0.00
51927.43,5968.00,-2.22,0.00
51925.13,5968.00,-2.30,0.00
51922.75,5968.00,-2.38,0.00
51920.29,5968.00,-2.46,0.00
51917.75,5968.00,-2.54,0.00
51915.41,5968.00,-2.34,0.00
51913.36,5968.00,-2.06,0.00
51911.57,5968.00,-1.78,0.00
51910.07,5968.00,-1.50,0.00
51908.86,5968.00,-1.22,0.00
51907.91,5968.00,-0.94,0.00
51907.25,5968.00,-0.66,0.00
51906.88,5968.00,-0.38,0.00
51906.77,5968.00,-0.10,0.00
51906.75,5968.00,-0.02,0.00
51906.81,5968.00,0.06,0.00
51906.95,5968.00,0.14,0.00
51907.17,5968.00,0.22,0.00
51907.47,5968.00,0.30,0.00
51907.85,5968.00,0.38,0.00
51908.31,5968.00,0.46,0.00
51908.85,5968.00,0.54,0.00
51909.47,5968.00,0.62,0.00
51910.17,5968.00,0.70,0.00
51910.95,5968.00,0.78,0.00
51911.81,5968.00,0.86,0.00
51912.75,5968.00,0.94,0.00
51913.77,5968.00,1.02,0.00
51914.88,5968.00,1.10,0.00
51916.05,5968.00,1.18,0.00
51917.32,5968.00,1.26,0.00
51918.66,5968.00,1.34,0.00
51920.08,5968.00,1.42,0.00
51921.58,5968.00,1.50,0.00
51923.16,5968.00,1.58,0.00
51924.82,5968.00,1.66,0.00
51926.55,5968.00,1.74,0.00
51928.38,5968.00,1.82,0.00
51930.27,5968.00,1.90,0.00
51932.25,5968.00,1.98,0.00
51934.31,5968.00,2.06,0.00
51936.45,5968.00,2.14,0.00
51938.67,5968.00,2.22,0.00
51940.97,5968.00,2.30,0.00
51943.35,5968.00,2.38,0.00
51945.81,5968.00,2.46,0.00
51948.35,5968.00,2.54,0.00
51950.97,5968.00,2.62,0.00
51953.67,5968.00,2.70,0.00
51956.45,5968.00,2.78,0.00
51959.31,5968.00,2.86,0.00
51962.25,5968.00,2.94,0.00
51965.27,5968.00,3.02,0.00
51968.09,5968.00,2.82,0.00
51970.99,5968.00,2.90,0.00
51973.97,5968.00,2.98,0.00
51977.03,5968.00,3.06,0.00
51979.89,5968.00,2.86,0.00
51982.83,5968.00,2.94,0.00
51985.85,5968.00,3.02,0.00
51988.67,5968.00,2.82,0.00
51991.57,5968.00,2.90,0.00
51994.55,5968.00,2.98,0.00
51997.61,5968.00,3.06,0.00
52000.47,5968.00,2.86,0.00
52003.41,5968.00,2.94,0.00
52006.43,5968.00,3.02,0.00
52009.25,5968.00,2.82,0.00
52012.15,5968.00,2.90,0.00
52015.13,5968.00,2.98,0.00
52018.19,5968.00,3.06,0.00
52021.05,5968.00,2.86,0.00
52023.99,5968.00,2.94,0.00
52027.01,5968.00,3.02,0.00
52029.83,5968.00,2.82,0.00
52032.73,5968.00,2.90,0.00
52035.71,5968.00,2.98,0.00
52038.77,5968.00,3.06,0.00
52041.62,5968.00,2.86,0.00
52044.57,5968.00,2.94,0.00
52047.59,5968.00,3.02,0.00
52050.41,5968.00,2.82,0.00
52053.30,5968.00,2.90,0.00
52056.29,5968.00,2.98,0.00
52059.34,5968.00,3.06,0.00
52062.20,5968.00,2.86,0.00
52065.14,5968.00,2.94,0.00
52068.16,5968.00,3.02,0.00
52070.98,5968.00,2.82,0.00
52073.88,5968.00,2.90,0.00
52076.86,5968.00,2.98,0.00
52079.92,5968.00,3.06,0.00
52082.78,5968.00,2.86,0.00
52085.72,5968.00,2.94,0.00
52088.74,5968.00,3.02,0.00
52091.56,5968.00,2.82,0.00
52094.46,5968.00,2.90,0.00
52097.44,5968.00,2.98,0.00
52100.50,5968.00,3.06,0.00
52103.36,5968.00,2.86,0.00
52106.30,5968.00,2.94,0.00
52109.32,5968.00,3.02,0.00
52112.14,5968.00,2.82,0.00
52115.04,5968.00,2.90,0.00
52118.02,5968.00,2.98,0.00
52121.08,5968.00,3.06,0.00
52123.94,5968.00,2.86,0.00
52126.88,5968.00,2.94,0.00
52129.90,5968.00,3.02,0.00
52132.72,5968.00,2.82,0.00
52135.62,5968.00,2.90,0.00
52138.60,5968.00,2.98,0.00
52141.66,5968.00,3.06,0.00
52144.52,5968.00,2.86,0.00
52147.46,5968.00,2.94,0.00
52150.48,5968.00,3.02,0.00
52153.30,5968.00,2.82,0.00
52156.20,5968.00,2.90,0.00
52159.18,5968.00,2.98,0.00
52162.23,5968.00,3.06,0.00
52165.09,5968.00,2.86,0.00
52168.04,5968.00,2.94,0.00
52171.05,5968.00,3.02,0.00
52173.88,5968.00,2.82,0.00
52176.77,5968.00,2.90,0.00
52179.75,5968.00,2.98,0.00
52182.81,5968.00,3.06,0.00
52185.67,5968.00,2.86,0.00
52188.61,5968.00,2.94,0.00
52191.63,5968.00,3.02,0.00
52194.45,5968.00,2.82,0.00
52197.35,5968.00,2.90,0.00
52200.33,5968.00,2.98,0.00
52203.39,5968.00,3.06,0.00
52206.25,5968.00,2.86,0.00
52209.19,5968.00,2.94,0.00
52212.21,5968.00,3.02,0.00
52215.03,5968.00,2.82,0.00
52217.93,5968.00,2.90,0.00
52220.91,5968.00,2.98,0.00
52223.97,5968.00,3.06,0.00
52226.83,5968.00,2.86,0.00
52229.77,5968.00,2.94,0.00
52232.79,5968.00,3.02,0.00
52235.61,5968.00,2.82,0.00
52238.51,5968.00,2.90,0.00
52241.49,5968.00,2.98,0.00
52244.55,5968.00,3.06,0.00
52247.41,5968.00,2.86,0.00
52250.35,5968.00,2.94,0.00
52253.37,5968.00,3.02,0.00
52256.19,5968.00,2.82,0.00
52259.09,5968.00,2.90,0.00
52262.07,5968.00,2.98,0.00
52265.12,5968.00,3.06,0.00
52267.98,5968.00,2.86,0.00
52270.93,5968.00,2.94,0.00
52273.95,5968.00,3.02,0.00
52276.77,5968.00,2.82,0.00
52279.66,5968.00,2.90,0.00
52282.64,5968.00,2.98,0.00
52285.70,5968.00,3.06,0.00
52288.56,5968.00,2.86,0.00
52291.50,5968.00,2.94,0.00
52294.52,5968.00,3.02,0.00
52297.34,5963.39,2.82,-4.61
52300.24,5958.78,2.90,-4.61
52303.22,5954.17,2.98,-4.61
52306.28,5949.56,3.06,-4.61
52309.24,5944.95,2.96,-4.61
52312.28,5940.34,3.04,-4.61
52315.22,5935.73,2.94,-4.61
52318.24,5931.12,3.02,-4.61
52321.16,5926.51,2.92,-4.61
52324.16,5921.90,3.00,-4.61
52327.24,5917.29,3.08,-4.61
52330.22,5912.68,2.98,-4.61
52333.28,5908.07,3.06,-4.61
52336.24,5903.46,2.96,-4.61
52339.28,5898.85,3.04,-4.61
52342.22,5894.24,2.94,-4.61
52345.24,5890.03,3.02,-4.21
52348.16,5886.22,2.92,-3.81
52351.16,5882.81,3.00,-3.41
52354.24,5879.80,3.08,-3.01
52357.22,5877.19,2.98,-2.61
52360.28,5874.98,3.06,-2.21
52363.24,5873.17,2.96,-1.81
52366.28,5871.76,3.04,-1.41
52369.22,5870.75,2.94,-1.01
52372.24,5870.14,3.02,-0.61
52375.16,5869.93,2.92,-0.21
52378.16,5870.12,3.00,0.19
52381.24,5870.71,3.08,0.59
52384.22,5871.70,2.98,0.99
52387.28,5873.09,3.06,1.39
52390.24,5874.88,2.96,1.79
52393.28,5877.07,3.04,2.19
52396.22,5879.66,2.94,2.59
52399.24,5882.65,3.02,2.99
52402.16,5886.04,2.92,3.39
52405.16,5889.83,3.00,3.79
52408.24,5894.02,3.08,4.19
52411.22,5898.61,2.98,4.59
52414.28,5903.60,3.06,4.99
52417.24,5908.99,2.96,5.39
52420.28,5914.78,3.04,5.79
52423.22,5920.97,2.94,6.19
52426.24,5927.56,3.02,6.59
52429.16,5934.55,2.92,6.99
52432.16,5941.94,3.00,7.39
52435.24,5949.73,3.08,7.79
52438.22,5952.00,2.98,2.27
52441.28,5952.00,3.06,0.00
52444.14,5952.00,2.86,0.00
52447.08,5952.00,2.94,0.00
52450.10,5952.00,3.02,0.00
52452.92,5952.00,2.82,0.00
52455.82,5952.00,2.90,0.00
52458.80,5960.00,2.98,0.00
52461.86,5960.00,3.06,0.00
52464.72,5960.00,2.86,0.00
52467.66,5960.00,2.94,0.00
52470.68,5960.00,3.02,0.00
52473.50,5960.00,2.82,0.00
52476.40,5968.00,2.90,0.00
52479.38,5968.00,2.98,0.00
52482.44,5968.00,3.06,0.00
52485.30,5968.00,2.86,0.00
52488.24,5968.00,2.94,0.00
52491.26,5968.00,3.02,0.00
52494.08,5968.00,2.82,0.00
52496.98,5968.00,2.90,0.00
52499.96,5968.00,2.98,0.00
52503.02,5968.00,3.06,0.00
52505.88,5968.00,2.86,0.00
52508.82,5968.00,2.94,0.00
52511.84,5968.00,3.02,0.00
52514.66,5968.00,2.82,0.00
52517.55,5968.00,2.90,0.00
52520.54,5968.00,2.98,0.00
52523.59,5968.00,3.06,0.00
52526.45,5968.00,2.86,0.00
52529.39,5968.00,2.94,0.00
52532.41,5968.00,3.02,0.00
52535.23,5968.00,2.82,0.00
52538.13,5968.00,2.90,0.00
52541.11,5968.00,2.98,0.00
52544.17,5968.00,3.06,0.00
52547.03,5968.00,2.86,0.00
52549.97,5968.00,2.94,0.00
52552.99,5968.00,3.02,0.00
52555.81,5968.00,2.82,0.00
52558.71,5968.00,2.90,0.00
52561.69,5968.00,2.98,0.00
52564.75,5968.00,3.06,0.00
52567.61,5968.00,2.86,0.00
52570.55,5968.00,2.94,0.00
52573.57,5968.00,3.02,0.00
52576.39,5968.00,2.82,0.00
52579.29,5963.39,2.90,-4.61
52582.27,5958.78,2.98,-4.61
52585.33,5954.17,3.06,-4.61
52588.29,5949.56,2.96,-4.61
52591.33,5944.95,3.04,-4.61
52594.27,5940.34,2.94,-4.61
52597.29,5935.73,3.02,-4.61
52600.21,5931.12,2.92,-4.61
52603.21,5926.51,3.00,-4.61
52606.29,5921.90,3.08,-4.61
52609.27,5917.29,2.98,-4.61
52612.33,5912.68,3.06,-4.61
52615.29,5908.07,2.96,-4.61
52618.33,5903.46,3.04,-4.61
52621.27,5899.25,2.94,-4.21
52624.29,5895.44,3.02,-3.81
52627.21,5892.03,2.92,-3.41
52630.21,5889.02,3.00,-3.01
52633.29,5886.41,3.08,-2.61
52636.27,5884.20,2.98,-2.21
52639.33,5882.39,3.06,-1.81
52642.29,5880.98,2.96,-1.41
52645.33,5879.97,3.04,-1.01
52648.27,5879.36,2.94,-0.61
52651.29,5879.15,3.02,-0.21
52654.21,5879.34,2.92,0.19
52657.21,5879.93,3.00,0.59
52660.29,5880.92,3.08,0.99
52663.27,5882.31,2.98,1.39
52666.33,5884.10,3.06,1.79
52669.29,5886.29,2.96,2.19
52672.33,5888.88,3.04,2.59
52675.27,5891.87,2.94,2.99
52678.29,5895.26,3.02,3.39
52681.21,5899.05,2.92,3.79
52684.21,5903.24,3.00,4.19
52687.29,5907.83,3.08,4.59
52690.27,5912.82,2.98,4.99
52693.33,5918.21,3.06,5.39
52696.29,5924.00,2.96,5.79
52699.33,5930.19,3.04,6.19
52702.27,5936.78,2.94,6.59
52705.11,5943.77,2.84,6.99
52707.85,5951.16,2.74,7.39
52710.49,5952.00,2.64,0.84
52713.03,5952.00,2.54,0.00
52715.29,5952.00,2.26,0.00
52717.27,5952.00,1.98,0.00
52718.97,5952.00,1.70,0.00
52720.39,5952.00,1.42,0.00
52721.53,5952.00,1.14,0.00
52722.39,5952.00,0.86,0.00
52722.97,5952.00,0.58,0.00
52723.27,5952.00,0.30,0.00
52723.29,5952.00,0.02,0.00
52723.23,5952.00,-0.06,0.00
52723.09,5952.00,-0.14,0.00
52722.87,5952.00,-0.22,0.00
52722.57,5952.00,-0.30,0.00
52722.19,5952.00,-0.38,0.00
52721.73,5952.00,-0.46,0.00
52721.19,5952.00,-0.54,0.00
52720.57,5952.00,-0.62,0.00
52719.87,5952.00,-0.70,0.00
52719.09,5952.00,-0.78,0.00
52718.23,5952.00,-0.86,0.00
52717.29,5952.00,-0.94,0.00
52716.27,5952.00,-1.02,0.00
52715.17,5952.00,-1.10,0.00
52713.99,5952.00,-1.18,0.00
52712.73,5952.00,-1.26,0.00
52711.39,5952.00,-1.34,0.00
52709.96,5952.00,-1.42,0.00
52708.46,5952.00,-1.50,0.00
52706.89,5952.00,-1.58,0.00
52705.23,5952.00,-1.66,0.00
52703.49,5952.00,-1.74,0.00
52701.67,5952.00,-1.82,0.00
52699.77,5952.00,-1.90,0.00
52697.79,5952.00,-1.98,0.00
52695.73,5952.00,-2.06,0.00
52693.59,5952.00,-2.14,0.00
52691.37,5952.00,-2.22,0.00
52689.07,5952.00,-2.30,0.00
52686.69,5952.00,-2.38,0.00
52684.23,5952.00,-2.46,0.00
52681.69,5952.00,-2.54,0.00
52679.07,5952.00,-2.62,0.00
52676.37,5952.00,-2.70,0.00
52673.59,5952.00,-2.78,0.00
52670.73,5952.00,-2.86,0.00
52667.79,5952.00,-2.94,0.00
52664.77,5952.00,-3.02,0.00
52661.95,5952.00,-2.82,0.00
52659.33,5952.00,-2.62,0.00
52656.91,5952.00,-2.42,0.00
52654.69,5952.00,-2.22,0.00
52652.67,5952.00,-2.02,0.00
52650.85,5952.00,-1.82,0.00
52649.23,5952.00,-1.62,0.00
52647.80,5952.00,-1.42,0.00
52646.66,5952.00,-1.14,0.00
52645.80,5960.00,-0.86,0.00
52645.23,5960.00,-0.58,0.00
52644.93,5960.00,-0.30,0.00
52644.91,5960.00,-0.02,0.00
52644.96,5960.00,0.06,0.00
52645.11,5960.00,0.14,0.00
52645.32,5960.00,0.22,0.00
52645.62,5960.00,0.30,0.00
52646.00,5952.00,0.38,0.00
52646.46,5952.00,0.46,0.00
52647.00,5952.00,0.54,0.00
52647.62,5952.00,0.62,0.00
52648.32,5952.00,0.70,0.00
52649.11,5952.00,0.78,0.00
52649.96,5952.00,0.86,0.00
52650.91,5952.00,0.94,0.00
52651.93,5952.00,1.02,0.00
52653.03,5952.00,1.10,0.00
52654.21,5952.00,1.18,0.00
52655.47,5952.00,1.26,0.00
52656.81,5952.00,1.34,0.00
52658.23,5952.00,1.42,0.00
52659.73,5952.00,1.50,0.00
52661.31,5952.00,1.58,0.00
52662.97,5952.00,1.66,0.00
52664.43,5952.00,1.46,0.00
52665.69,5952.00,1.26,0.00
52666.75,5952.00,1.06,0.00
52667.61,5952.00,0.86,0.00
52668.19,5952.00,0.58,0.00
52668.49,5952.00,0.30,0.00
52668.51,5952.00,0.02,0.00
52668.45,5952.00,-0.06,0.00
52668.31,5952.00,-0.14,0.00
52668.09,5952.00,-0.22,0.00
52667.79,5952.00,-0.30,0.00
52667.41,5952.00,-0.38,0.00
52666.95,5952.00,-0.46,0.00
52666.41,5952.00,-0.54,0.00
52665.79,5952.00,-0.62,0.00
52665.09,5952.00,-0.70,0.00
52664.31,5952.00,-0.78,0.00
52663.45,5952.00,-0.86,0.00
52662.51,5952.00,-0.94,0.00
52661.49,5952.00,-1.02,0.00
52660.39,5952.00,-1.10,0.00
52659.21,5952.00,-1.18,0.00
52657.95,5952.00,-1.26,0.00
52656.61,5952.00,-1.34,0.00
52655.18,5952.00,-1.42,0.00
52653.68,5952.00,-1.50,0.00
52652.11,5952.00,-1.58,0.00
52650.45,5952.00,-1.66,0.00
52648.71,5952.00,-1.74,0.00
52646.89,5952.00,-1.82,0.00
52644.99,5960.00,-1.90,0.00
52643.01,5960.00,-1.98,0.00
52640.95,5960.00,-2.06,0.00
52638.81,5960.00,-2.14,0.00
52636.59,5960.00,-2.22,0.00
52634.29,5960.00,-2.30,0.00
52631.91,5960.00,-2.38,0.00
52629.45,5968.00,-2.46,0.00
52626.91,5968.00,-2.54,0.00
52624.29,5968.00,-2.62,0.00
52621.59,5968.00,-2.70,0.00
52618.81,5968.00,-2.78,0.00
52615.95,5968.00,-2.86,0.00
52613.01,5968.00,-2.94,0.00
52609.99,5968.00,-3.02,0.00
52607.17,5968.00,-2.82,0.00
52604.27,5968.00,-2.90,0.00
52601.29,5968.00,-2.98,0.00
52598.23,5968.00,-3.06,0.00
52595.37,5968.00,-2.86,0.00
52592.43,5968.00,-2.94,0.00
52589.41,5968.00,-3.02,0.00
52586.59,5968.00,-2.82,0.00
52583.69,5968.00,-2.90,0.00
52580.71,5968.00,-2.98,0.00
52577.65,5968.00,-3.06,0.00
52574.79,5968.00,-2.86,0.00
52571.85,5968.00,-2.94,0.00
52568.83,5968.00,-3.02,0.00
52566.01,5968.00,-2.82,0.00
52563.11,5968.00,-2.90,0.00
52560.13,5968.00,-2.98,0.00
52557.07,5968.00,-3.06,0.00
52554.21,5968.00,-2.86,0.00
52551.27,5968.00,-2.94,0.00
52548.25,5968.00,-3.02,0.00
52545.43,5968.00,-2.82,0.00
52542.54,5968.00,-2.90,0.00
52539.55,5968.00,-2.98,0.00
52536.50,5968.00,-3.06,0.00
52533.64,5968.00,-2.86,0.00
52530.70,5968.00,-2.94,0.00
52527.68,5968.00,-3.02,0.00
52524.86,5968.00,-2.82,0.00
52521.96,5968.00,-2.90,0.00
52518.98,5968.00,-2.98,0.00
52515.92,5968.00,-3.06,0.00
52513.06,5968.00,-2.86,0.00
52510.12,5968.00,-2.94,0.00
52507.10,5968.00,-3.02,0.00
52504.28,5968.00,-2.82,0.00
52501.38,5968.00,-2.90,0.00
52498.68,5968.00,-2.70,0.00
52496.18,5968.00,-2.50,0.00
52493.88,5968.00,-2.30,0.00
52491.78,5968.00,-2.10,0.00
52489.88,5968.00,-1.90,0.00
52488.18,5968.00,-1.70,0.00
52486.68,5968.00,-1.50,0.00
52485.38,5968.00,-1.30,0.00
52484.28,5968.00,-1.10,0.00
52483.38,5968.00,-0.90,0.00
52482.68,5968.00,-0.70,0.00
52482.18,5968.00,-0.50,0.00
52481.88,5968.00,-0.30,0.00
52481.78,5968.00,-0.10,0.00
52481.78,5968.00,0.00,0.00
52481.78,5968.00,0.00,0.00
52481.78,5968.00,0.00,0.00
52481.78,5968.00,0.00,0.00
52481.78,5968.00,0.00,0.00
52481.78,5968.00,0.00,0.00
52481.78,5968.00,0.00,0.00
52481.78,5968.00,0.00,0.00
52481.78,5968.00,0.00,0.00
52481.78,5968.00,0.00,0.00
52481.78,5968.00,0.00,0.00
52481.78,5968.00,0.00,0.00
52481.78,5968.00,0.00,0.00
52481.78,5968.00,0.00,0.00
52481.78,5968.00,0.00,0.00
52481.78,5968.00,0.00,0.00
52481.78,5968.00,0.00,0.00
52481.78,5968.00,0.00,0.00
52481.78,5968.00,0.00,0.00
52481.78,5968.00,0.00,0.00
52481.78,5968.00,0.00,0.00
52481.78,5968.00,0.00,0.00
52481.78,5968.00,0.00,0.00
52481.78,5968.00,0.00,0.00
52481.78,5968.00,0.00,0.00
52481.78,5968.00,0.00,0.00
52481.78,5968.00,0.00,0.00
52481.78,5968.00,0.00,0.00
52481.78,5968.00,0.00,0.00
52481.78,5968.00,0.00,0.00
52481.78,5968.00,0.00,0.00
52481.78,5968.00,0.00,0.00
52481.78,5968.00,0.00,0.00
52481.86,5968.00,0.08,0.00
52482.02,5968.00,0.16,0.00
52482.25,5968.00,0.24,0.00
52482.57,5968.00,0.32,0.00
52482.97,5968.00,0.40,0.00
52483.45,5968.00,0.48,0.00
52484.01,5968.00,0.56,0.00
52484.65,5968.00,0.64,0.00
52485.37,5968.00,0.72,0.00
52486.17,5968.00,0.80,0.00
52487.05,5968.00,0.88,0.00
52488.01,5968.00,0.96,0.00
52489.05,5968.00,1.04,0.00
52490.17,5968.00,1.12,0.00
52491.37,5968.00,1.20,0.00
52492.65,5968.00,1.28,0.00
52494.01,5968.00,1.36,0.00
52495.45,5968.00,1.44,0.00
52496.97,5968.00,1.52,0.00
52498.57,5968.00,1.60,0.00
52500.25,5968.00,1.68,0.00
52502.02,5968.00,1.76,0.00
52503.86,5968.00,1.84,0.00
52505.78,5968.00,1.92,0.00
52507.78,5968.00,2.00,0.00
52509.86,5968.00,2.08,0.00
52512.02,5968.00,2.16,0.00
52514.25,5968.00,2.24,0.00
52516.57,5968.00,2.32,0.00
52518.97,5968.00,2.40,0.00
52521.45,5968.00,2.48,0.00
52524.01,5968.00,2.56,0.00
52526.65,5968.00,2.64,0.00
52529.37,5968.00,2.72,0.00
52532.17,5968.00,2.80,0.00
52535.05,5968.00,2.88,0.00
52538.01,5968.00,2.96,0.00
52541.05,5968.00,3.04,0.00
52543.89,5968.00,2.84,0.00
52546.81,5968.00,2.92,0.00
52549.81,5968.00,3.00,0.00
52552.89,5968.00,3.08,0.00
52555.77,5968.00,2.88,0.00
52558.73,5968.00,2.96,0.00
52561.77,5968.00,3.04,0.00
52564.61,5968.00,2.84,0.00
52567.53,5968.00,2.92,0.00
52570.53,5968.00,3.00,0.00
52573.61,5968.00,3.08,0.00
52576.49,5968.00,2.88,0.00
52579.45,5968.00,2.96,0.00
52582.49,5968.00,3.04,0.00
52585.33,5968.00,2.84,0.00
52588.25,5968.00,2.92,0.00
52590.97,5968.00,2.72,0.00
52593.49,5968.00,2.52,0.00
52595.81,5968.00,2.32,0.00
52597.93,5968.00,2.12,0.00
52599.85,5968.00,1.92,0.00
52601.57,5968.00,1.72,0.00
52603.09,5968.00,1.52,0.00
52604.41,5968.00,1.32,0.00
52605.53,5968.00,1.12,0.00
52606.45,5968.00,0.92,0.00
52607.17,5968.00,0.72,0.00
52607.69,5968.00,0.52,0.00
52608.01,5968.00,0.32,0.00
52608.13,5968.00,0.12,0.00
52608.13,5968.00,0.00,0.00
52608.13,5968.00,0.00,0.00
52608.13,5968.00,0.00,0.00
52608.13,5968.00,0.00,0.00
52608.13,5968.00,0.00,0.00
52608.13,5968.00,0.00,0.00
52608.13,5968.00,0.00,0.00
52608.13,5968.00,0.00,0.00
52608.13,5968.00,0.00,0.00
52608.13,5968.00,0.00,0.00
52608.13,5968.00,0.00,0.00
52608.13,5968.00,0.00,0.00
52608.13,5968.00,0.00,0.00
52608.13,5968.00,0.00,0.00
52608.13,5968.00,0.00,0.00
52608.13,5968.00,0.00,0.00
52608.13,5968.00,0.00,0.00
52608.13,5968.00,0.00,0.00
52608.13,5968.00,0.00,0.00
52608.13,5968.00,0.00,0.00
52608.13,5968.00,0.00,0.00
52608.13,5968.00,0.00,0.00
52608.13,5968.00,0.00,0.00
52608.13,5968.00,0.00,0.00
52608.13,5968.00,0.00,0.00
52608.13,5968.00,0.00,0.00
52608.13,5968.00,0.00,0.00
52608.13,5968.00,0.00,0.00
52608.13,5968.00,0.00,0.00
52608.13,5968.00,0.00,0.00
52608.13,5968.00,0.00,0.00
52608.13,5968.00,0.00,0.00
52608.13,5968.00,0.00,0.00
52608.13,5968.00,0.00,0.00
52608.13,5968.00,0.00,0.00
52608.13,5968.00,0.00,0.00
52608.13,5968.00,0.00,0.00
52608.13,5968.00,0.00,0.00
52608.13,5968.00,0.00,0.00
52608.13,5968.00,0.00,0.00
52608.13,5968.00,0.00,0.00
52608.13,5968.00,0.00,0.00
52608.13,5968.00,0.00,0.00
52608.13,5968.00,0.00,0.00
52608.13,5968.00,0.00,0.00
52608.21,5968.00,0.08,0.00
52608.37,5968.00,0.16,0.00
52608.61,5968.00,0.24,0.00
52608.93,5968.00,0.32,0.00
52609.33,5968.00,0.40,0.00
52609.81,5968.00,0.48,0.00
52610.37,5968.00,0.56,0.00
52611.01,5968.00,0.64,0.00
52611.73,5968.00,0.72,0.00
52612.53,5968.00,0.80,0.00
52613.41,5968.00,0.88,0.00
52614.37,5968.00,0.96,0.00
52615.41,5968.00,1.04,0.00
52616.53,5968.00,1.12,0.00
52617.73,5968.00,1.20,0.00
52619.01,5968.00,1.28,0.00
52620.37,5968.00,1.36,0.00
52621.81,5968.00,1.44,0.00
52623.33,5968.00,1.52,0.00
52624.93,5968.00,1.60,0.00
52626.61,5968.00,1.68,0.00
52628.37,5968.00,1.76,0.00
52630.21,5960.00,1.84,0.00
52632.13,5960.00,1.92,0.00
52634.13,5960.00,2.00,0.00
52636.21,5960.00,2.08,0.00
52638.37,5960.00,2.16,0.00
52640.61,5960.00,2.24,0.00
52642.93,5960.00,2.32,0.00
52645.33,5960.00,2.40,0.00
52647.81,5952.00,2.48,0.00
52650.37,5952.00,2.56,0.00
52653.01,5952.00,2.64,0.00
52655.73,5952.00,2.72,0.00
52658.53,5952.00,2.80,0.00
52661.41,5952.00,2.88,0.00
52664.37,5947.39,2.96,-4.61
52667.41,5942.78,3.04,-4.61
52670.35,5938.17,2.94,-4.61
52673.37,5933.56,3.02,-4.61
52676.29,5928.95,2.92,-4.61
52679.29,5924.34,3.00,-4.61
52682.37,5919.73,3.08,-4.61
52685.35,5915.12,2.98,-4.61
52688.41,5910.51,3.06,-4.61
52691.37,5905.90,2.96,-4.61
52694.41,5901.29,3.04,-4.61
52697.35,5896.68,2.94,-4.61
52700.37,5892.07,3.02,-4.61
52703.29,5887.46,2.92,-4.61
52706.29,5882.85,3.00,-4.61
52709.37,5878.24,3.08,-4.61
52712.35,5874.03,2.98,-4.21
52715.41,5870.22,3.06,-3.81
52718.37,5866.81,2.96,-3.41
52721.41,5863.80,3.04,-3.01
52724.35,5861.19,2.94,-2.61
52727.37,5858.98,3.02,-2.21
52730.29,5857.17,2.92,-1.81
52733.29,5855.76,3.00,-1.41
52736.37,5854.75,3.08,-1.01
52739.35,5854.14,2.98,-0.61
52742.41,5853.93,3.06,-0.21
52745.37,5854.12,2.96,0.19
52748.41,5854.71,3.04,0.59
52751.35,5855.70,2.94,0.99
52754.37,5857.09,3.02,1.39
52757.29,5858.88,2.92,1.79
52760.29,5861.07,3.00,2.19
52763.37,5863.66,3.08,2.59
52766.35,5866.65,2.98,2.99
52769.41,5870.04,3.06,3.39
52772.37,5873.83,2.96,3.79
52775.41,5878.02,3.04,4.19
52778.35,5882.61,2.94,4.59
52781.37,5887.60,3.02,4.99
52784.29,5892.99,2.92,5.39
52787.29,5898.78,3.00,5.79
52790.37,5904.97,3.08,6.19
52793.35,5911.56,2.98,6.59
52796.41,5918.55,3.06,6.99
52799.37,5925.94,2.96,7.39
52802.41,5933.73,3.04,7.79
52805.35,5941.92,2.94,8.19
52808.37,5950.51,3.02,8.59
52811.29,5952.00,2.92,1.49
52814.29,5952.00,3.00,0.00
52817.37,5952.00,3.08,0.00
52820.25,5952.00,2.88,0.00
52823.21,5952.00,2.96,0.00
52826.25,5952.00,3.04,0.00
52829.09,5952.00,2.84,0.00
52832.01,5952.00,2.92,0.00
52835.01,5952.00,3.00,0.00
52838.09,5952.00,3.08,0.00
52840.96,5952.00,2.88,0.00
52843.93,5952.00,2.96,0.00
52846.96,5952.00,3.04,0.00
52849.80,5952.00,2.84,0.00
52852.73,5952.00,2.92,0.00
52855.73,5952.00,3.00,0.00
52858.80,5952.00,3.08,0.00
52861.68,5952.00,2.88,0.00
52864.64,5952.00,2.96,0.00
52867.68,5952.00,3.04,0.00
52870.52,5952.00,2.84,0.00
52873.45,5952.00,2.92,0.00
52876.45,5947.39,3.00,-4.61
52879.52,5942.78,3.08,-4.61
52882.50,5938.17,2.98,-4.61
52885.56,5933.56,3.06,-4.61
52888.52,5928.95,2.96,-4.61
52891.56,5924.34,3.04,-4.61
52894.50,5919.73,2.94,-4.61
52897.52,5915.12,3.02,-4.61
52900.45,5910.51,2.92,-4.61
52903.45,5905.90,3.00,-4.61
52906.52,5901.29,3.08,-4.61
52909.50,5896.68,2.98,-4.61
52912.56,5892.07,3.06,-4.61
52915.52,5887.46,2.96,-4.61
52918.56,5882.85,3.04,-4.61
52921.50,5878.24,2.94,-4.61
52924.52,5874.03,3.02,-4.21
52927.45,5870.22,2.92,-3.81
52930.45,5866.81,3.00,-3.41
52933.52,5863.80,3.08,-3.01
52936.50,5861.19,2.98,-2.61
52939.56,5858.98,3.06,-2.21
52942.52,5857.17,2.96,-1.81
52945.56,5855.76,3.04,-1.41
52948.50,5854.75,2.94,-1.01
52951.52,5854.14,3.02,-0.61
52954.45,5853.93,2.92,-0.21
52957.45,5854.12,3.00,0.19
52960.52,5854.71,3.08,0.59
52963.50,5855.70,2.98,0.99
52966.56,5857.09,3.06,1.39
52969.52,5858.88,2.96,1.79
52972.38,5861.07,2.86,2.19
52975.14,5863.66,2.76,2.59
52977.80,5866.65,2.66,2.99
52980.36,5870.04,2.56,3.39
52982.82,5873.83,2.46,3.79
52985.18,5878.02,2.36,4.19
52987.45,5882.61,2.26,4.59
52989.61,5887.60,2.16,4.99
52991.66,5892.99,2.06,5.39
52993.62,5898.78,1.96,5.79
52995.48,5904.97,1.86,6.19
52997.25,5911.56,1.76,6.59
52998.91,5918.55,1.66,6.99
53000.46,5920.00,1.56,1.45
53001.93,5920.00,1.46,0.00
53003.19,5920.00,1.26,0.00
53004.25,5920.00,1.06,0.00
53005.11,5920.00,0.86,0.00
53005.77,5920.00,0.66,0.00
53006.23,5920.00,0.46,0.00
53006.49,5920.00,0.26,0.00
53006.55,5920.00,0.06,0.00
53006.55,5920.00,0.00,0.00
53006.55,5920.00,0.00,0.00
53006.55,5920.00,0.00,0.00
53006.47,5920.00,-0.08,0.00
53006.31,5920.00,-0.16,0.00
53006.07,5920.00,-0.24,0.00
53005.75,5920.00,-0.32,0.00
53005.35,5920.00,-0.40,0.00
53004.87,5920.00,-0.48,0.00
53004.31,5920.00,-0.56,0.00
53003.67,5920.00,-0.64,0.00
53002.95,5920.00,-0.72,0.00
53002.15,5920.00,-0.80,0.00
53001.27,5920.00,-0.88,0.00
53000.31,5920.00,-0.96,0.00
52999.27,5920.00,-1.04,0.00
52998.15,5920.00,-1.12,0.00
52996.95,5921.05,-1.20,0.00
52995.67,5922.33,-1.28,0.00
52994.31,5923.69,-1.36,0.00
52992.87,5925.13,-1.44,0.00
52991.35,5926.65,-1.52,0.00
52989.75,5928.25,-1.60,0.00
52988.07,5929.93,-1.68,0.00
52986.31,5931.69,-1.76,0.00
52984.47,5933.53,-1.84,0.00
52982.55,5933.93,-1.92,0.40
52980.55,5934.73,-2.00,0.80
52978.47,5935.93,-2.08,1.20
52976.31,5936.00,-2.16,0.07
52974.07,5936.00,-2.24,0.00
52971.75,5936.00,-2.32,0.00
52969.35,5936.00,-2.40,0.00
52966.87,5936.00,-2.48,0.00
52964.31,5936.00,-2.56,0.00
52961.95,5936.00,-2.36,0.00
52959.79,5936.00,-2.16,0.00
52957.83,5936.00,-1.96,0.00
52956.07,5936.00,-1.76,0.00
52954.51,5936.00,-1.56,0.00
52953.15,5936.00,-1.36,0.00
52951.99,5936.00,-1.16,0.00
52951.03,5936.00,-0.96,0.00
52950.27,5936.00,-0.76,0.00
52949.71,5936.00,-0.56,0.00
52949.35,5936.00,-0.36,0.00
52949.19,5936.00,-0.16,0.00
52949.19,5936.00,0.00,0.00
52949.19,5936.00,0.00,0.00
52949.19,5936.00,0.00,0.00
52949.19,5936.00,0.00,0.00
52949.19,5936.00,0.00,0.00
52949.19,5936.00,0.00,0.00
52949.19,5936.00,0.00,0.00
52949.19,5936.00,0.00,0.00
52949.19,5936.00,0.00,0.00
52949.27,5936.00,0.08,0.00
52949.43,5936.00,0.16,0.00
52949.67,5936.00,0.24,0.00
52949.99,5936.00,0.32,0.00
52950.39,5936.00,0.40,0.00
52950.87,5936.00,0.48,0.00
52951.43,5936.00,0.56,0.00
52952.07,5936.00,0.64,0.00
52952.79,5936.00,0.72,0.00
52953.59,5936.00,0.80,0.00
52954.46,5936.00,0.88,0.00
52955.43,5936.00,0.96,0.00
52956.46,5936.00,1.04,0.00
52957.59,5936.00,1.12,0.00
52958.79,5936.00,1.20,0.00
52960.07,5936.00,1.28,0.00
52961.43,5936.00,1.36,0.00
52962.87,5936.00,1.44,0.00
52964.39,5936.00,1.52,0.00
52965.99,5936.00,1.60,0.00
52967.67,5936.00,1.68,0.00
52969.43,5936.00,1.76,0.00
52971.27,5936.00,1.84,0.00
52973.19,5936.00,1.92,0.00
52975.19,5936.00,2.00,0.00
52977.27,5936.00,2.08,0.00
52979.43,5936.00,2.16,0.00
52981.67,5936.00,2.24,0.00
52983.99,5934.01,2.32,0.00
52986.39,5931.61,2.40,0.00
52988.87,5929.13,2.48,0.00
52991.43,5926.57,2.56,0.00
52994.07,5923.93,2.64,0.00
52996.79,5921.22,2.72,0.00
52999.59,5920.00,2.80,0.00
53002.46,5920.00,2.88,0.00
53005.43,5920.00,2.96,0.00
53008.46,5920.00,3.04,0.00
53011.30,5920.00,2.84,0.00
53014.23,5920.00,2.92,0.00
53017.23,5920.00,3.00,0.00
53020.30,5920.00,3.08,0.00
53023.18,5920.00,2.88,0.00
53026.14,5920.00,2.96,0.00
53029.18,5920.00,3.04,0.00
53032.02,5920.00,2.84,0.00
53034.95,5920.00,2.92,0.00
53037.95,5920.00,3.00,0.00
53041.02,5920.00,3.08,0.00
53043.90,5920.00,2.88,0.00
53046.86,5920.00,2.96,0.00
53049.90,5920.00,3.04,0.00
53052.74,5920.00,2.84,0.00
53055.66,5920.00,2.92,0.00
53058.66,5920.00,3.00,0.00
53061.74,5920.00,3.08,0.00
53064.62,5920.00,2.88,0.00
53067.58,5920.00,2.96,0.00
53070.62,5920.00,3.04,0.00
53073.46,5920.00,2.84,0.00
53076.38,5920.00,2.92,0.00
53079.38,5915.39,3.00,-4.61
53082.46,5910.78,3.08,-4.61
53085.44,5906.17,2.98,-4.61
53088.50,5901.56,3.06,-4.61
53091.46,5896.95,2.96,-4.61
53094.50,5892.34,3.04,-4.61
53097.44,5887.73,2.94,-4.61
53100.46,5883.12,3.02,-4.61
53103.38,5878.51,2.92,-4.61
53106.38,5873.90,3.00,-4.61
53109.46,5869.29,3.08,-4.61
53112.44,5864.68,2.98,-4.61
53115.50,5860.47,3.06,-4.21
53118.46,5856.66,2.96,-3.81
53121.50,5853.25,3.04,-3.41
53124.44,5850.24,2.94,-3.01
53127.46,5847.63,3.02,-2.61
53130.38,5845.42,2.92,-2.21
53133.38,5843.61,3.00,-1.81
53136.46,5842.20,3.08,-1.41
53139.44,5841.19,2.98,-1.01
53142.50,5840.58,3.06,-0.61
53145.46,5840.37,2.96,-0.21
53148.50,5840.56,3.04,0.19
53151.44,5841.15,2.94,0.59
53154.46,5842.14,3.02,0.99
53157.38,5837.53,2.92,-4.61
53160.38,5832.92,3.00,-4.61
53163.46,5828.31,3.08,-4.61
53166.44,5823.70,2.98,-4.61
53169.50,5819.09,3.06,-4.61
53172.46,5814.48,2.96,-4.61
53175.50,5809.87,3.04,-4.61
53178.44,5805.26,2.94,-4.61
53181.46,5800.65,3.02,-4.61
53184.38,5796.04,2.92,-4.61
53187.38,5791.43,3.00,-4.61
53190.46,5786.82,3.08,-4.61
53193.44,5782.61,2.98,-4.21
53196.50,5778.80,3.06,-3.81
53199.46,5775.39,2.96,-3.41
53202.50,5772.38,3.04,-3.01
53205.44,5769.77,2.94,-2.61
53208.46,5767.56,3.02,-2.21
53211.38,5765.75,2.92,-1.81
53214.38,5764.34,3.00,-1.41
53217.46,5763.33,3.08,-1.01
53220.44,5762.72,2.98,-0.61
53223.50,5762.51,3.06,-0.21
53226.46,5762.70,2.96,0.19
53229.50,5763.29,3.04,0.59
53232.44,5764.28,2.94,0.99
53235.46,5765.67,3.02,1.39
53238.38,5767.46,2.92,1.79
53241.38,5769.65,3.00,2.19
53244.46,5772.24,3.08,2.59
53247.44,5775.23,2.98,2.99
53250.50,5778.63,3.06,3.39
53253.46,5782.42,2.96,3.79
53256.50,5786.60,3.04,4.19
53259.44,5791.19,2.94,4.59
53262.46,5796.19,3.02,4.99
53265.38,5801.58,2.92,5.39
53268.38,5807.37,3.00,5.79
53271.46,5813.56,3.08,6.19
53274.44,5820.15,2.98,6.59
53277.50,5827.14,3.06,6.99
53280.46,5834.53,2.96,7.39
53283.50,5842.32,3.04,7.79
53286.44,5850.51,2.94,8.19
53289.46,5859.10,3.02,8.59
53292.38,5868.09,2.92,8.99
53295.38,5877.48,3.00,9.39
53298.46,5887.27,3.08,9.79
53301.44,5897.28,2.98,10.01
53304.50,5904.00,3.06,6.73
53307.46,5904.00,2.96,0.00
53310.50,5904.00,3.04,0.00
53313.34,5904.00,2.84,0.00
53316.26,5904.00,2.92,0.00
53319.26,5904.00,3.00,0.00
53322.34,5904.00,3.08,0.00
53325.22,5904.00,2.88,0.00
53328.18,5904.00,2.96,0.00
53331.22,5904.00,3.04,0.00
53334.06,5904.00,2.84,0.00
53336.98,5904.00,2.92,0.00
53339.98,5904.00,3.00,0.00
53343.06,5904.00,3.08,0.00
53345.94,5904.00,2.88,0.00
53348.90,5904.00,2.96,0.00
53351.94,5904.00,3.04,0.00
53354.78,5904.00,2.84,0.00
53357.70,5904.00,2.92,0.00
53360.70,5904.00,3.00,0.00
53363.78,5904.00,3.08,0.00
53366.66,5904.00,2.88,0.00
53369.62,5904.00,2.96,0.00
53372.66,5904.00,3.04,0.00
53375.50,5904.00,2.84,0.00
53378.42,5904.00,2.92,0.00
53381.42,5904.00,3.00,0.00
53384.50,5904.00,3.08,0.00
53387.38,5904.00,2.88,0.00
53390.34,5904.00,2.96,0.00
53393.38,5904.00,3.04,0.00
53396.21,5904.00,2.84,0.00
53399.14,5904.00,2.92,0.00
53402.14,5904.00,3.00,0.00
53405.21,5904.00,3.08,0.00
53408.09,5904.00,2.88,0.00
53411.05,5904.00,2.96,0.00
53414.09,5904.00,3.04,0.00
53416.93,5904.00,2.84,0.00
53419.86,5904.00,2.92,0.00
53422.86,5904.00,3.00,0.00
53425.93,5904.00,3.08,0.00
53428.81,5904.00,2.88,0.00
53431.77,5904.00,2.96,0.00
53434.81,5904.00,3.04,0.00
53437.65,5904.00,2.84,0.00
53440.57,5904.00,2.92,0.00
53443.57,5904.00,3.00,0.00
53446.65,5904.00,3.08,0.00
53449.53,5904.00,2.88,0.00
53452.49,5904.00,2.96,0.00
53455.53,5904.00,3.04,0.00
53458.37,5904.00,2.84,0.00
53461.29,5904.00,2.92,0.00
53464.29,5904.00,3.00,0.00
53467.37,5904.00,3.08,0.00
53470.25,5904.00,2.88,0.00
53473.21,5904.00,2.96,0.00
53476.25,5904.00,3.04,0.00
53479.09,5904.00,2.84,0.00
53482.01,5904.00,2.92,0.00
53485.01,5904.00,3.00,0.00
53488.09,5904.00,3.08,0.00
53490.97,5904.00,2.88,0.00
53493.93,5904.00,2.96,0.00
53496.97,5904.00,3.04,0.00
53499.81,5904.00,2.84,0.00
53502.73,5904.00,2.92,0.00
53505.73,5904.00,3.00,0.00
53508.81,5904.00,3.08,0.00
53511.69,5904.00,2.88,0.00
53514.65,5904.00,2.96,0.00
53517.69,5904.00,3.04,0.00
53520.53,5904.00,2.84,0.00
53523.45,5904.00,2.92,0.00
53526.45,5904.00,3.00,0.00
53529.53,5904.00,3.08,0.00
53532.41,5904.00,2.88,0.00
53535.37,5904.00,2.96,0.00
53538.41,5904.00,3.04,0.00
53541.25,5904.00,2.84,0.00
53544.17,5904.00,2.92,0.00
53547.17,5904.00,3.00,0.00
53550.25,5904.00,3.08,0.00
53553.12,5904.00,2.88,0.00
53556.09,5904.00,2.96,0.00
53559.12,5904.00,3.04,0.00
53561.96,5904.00,2.84,0.00
53564.89,5904.00,2.92,0.00
53567.89,5904.00,3.00,0.00
53570.96,5904.00,3.08,0.00
53573.84,5904.00,2.88,0.00
53576.80,5904.00,2.96,0.00
53579.84,5904.00,3.04,0.00
53582.68,5904.00,2.84,0.00
53585.61,5904.00,2.92,0.00
53588.61,5904.00,3.00,0.00
53591.68,5904.00,3.08,0.00
53594.56,5904.00,2.88,0.00
53597.52,5904.00,2.96,0.00
53600.56,5904.00,3.04,0.00
53603.40,5904.00,2.84,0.00
53606.32,5904.00,2.92,0.00
53609.32,5904.00,3.00,0.00
53612.40,5904.00,3.08,0.00
53615.28,5904.00,2.88,0.00
53618.24,5904.00,2.96,0.00
53621.28,5904.00,3.04,0.00
53624.12,5904.00,2.84,0.00
53627.04,5904.00,2.92,0.00
53630.04,5904.00,3.00,0.00
53633.12,5904.00,3.08,0.00
53636.00,5904.00,2.88,0.00
53638.96,5904.00,2.96,0.00
53642.00,5904.00,3.04,0.00
53644.84,5904.00,2.84,0.00
53647.76,5904.00,2.92,0.00
53650.76,5904.00,3.00,0.00
53653.84,5904.00,3.08,0.00
53656.72,5904.00,2.88,0.00
53659.68,5904.00,2.96,0.00
53662.72,5904.00,3.04,0.00
53665.56,5904.00,2.84,0.00
53668.48,5904.00,2.92,0.00
53671.48,5904.00,3.00,0.00
53674.56,5904.00,3.08,0.00
53677.44,5904.00,2.88,0.00
53680.40,5904.00,2.96,0.00
53683.44,5904.00,3.04,0.00
53686.28,5904.00,2.84,0.00
53689.20,5904.00,2.92,0.00
53692.20,5904.00,3.00,0.00
53695.28,5904.00,3.08,0.00
53698.16,5904.00,2.88,0.00
53701.12,5904.00,2.96,0.00
53704.16,5904.00,3.04,0.00
53707.00,5904.00,2.84,0.00
53709.64,5904.00,2.64,0.00
53712.08,5904.00,2.44,0.00
53714.32,5904.00,2.24,0.00
53716.28,5904.00,1.96,0.00
53717.96,5904.00,1.68,0.00
53719.36,5904.00,1.40,0.00
53720.48,5904.00,1.12,0.00
53721.32,5904.00,0.84,0.00
53721.88,5904.00,0.56,0.00
53722.16,5904.00,0.28,0.00
53722.16,5904.00,-0.00,0.00
53722.08,5904.00,-0.08,0.00
53721.92,5904.00,-0.16,0.00
53721.68,5904.00,-0.24,0.00
53721.36,5904.00,-0.32,0.00
53720.96,5904.00,-0.40,0.00
53720.48,5904.00,-0.48,0.00
53719.92,5904.00,-0.56,0.00
53719.28,5904.00,-0.64,0.00
53718.56,5904.00,-0.72,0.00
53717.76,5904.00,-0.80,0.00
53716.88,5904.00,-0.88,0.00
53715.92,5904.00,-0.96,0.00
53714.88,5904.00,-1.04,0.00
53713.76,5904.00,-1.12,0.00
53712.56,5904.00,-1.20,0.00
53711.28,5904.00,-1.28,0.00
53709.92,5904.00,-1.36,0.00
53708.48,5904.00,-1.44,0.00
53706.96,5904.00,-1.52,0.00
53705.36,5904.00,-1.60,0.00
53703.68,5904.00,-1.68,0.00
53701.92,5904.00,-1.76,0.00
53700.08,5904.00,-1.84,0.00
53698.16,5904.00,-1.92,0.00
53696.16,5904.00,-2.00,0.00
53694.08,5904.00,-2.08,0.00
53691.92,5904.00,-2.16,0.00
53689.68,5904.00,-2.24,0.00
53687.36,5904.00,-2.32,0.00
53684.96,5904.00,-2.40,0.00
53682.48,5904.00,-2.48,0.00
53679.92,5904.00,-2.56,0.00
53677.28,5904.00,-2.64,0.00
53674.56,5904.00,-2.72,0.00
53671.76,5904.00,-2.80,0.00
53668.88,5904.00,-2.88,0.00
53665.92,5904.00,-2.96,0.00
53662.88,5904.00,-3.04,0.00
53660.04,5904.00,-2.84,0.00
53657.12,5904.00,-2.92,0.00
53654.12,5904.00,-3.00,0.00
53651.32,5904.00,-2.80,0.00
53648.44,5904.00,-2.88,0.00
53645.48,5904.00,-2.96,0.00
53642.44,5904.00,-3.04,0.00
53639.60,5904.00,-2.84,0.00
53636.68,5904.00,-2.92,0.00
53633.68,5904.00,-3.00,0.00
53630.88,5904.00,-2.80,0.00
53628.00,5904.00,-2.88,0.00
53625.04,5904.00,-2.96,0.00
53622.00,5904.00,-3.04,0.00
53619.16,5904.00,-2.84,0.00
53616.24,5904.00,-2.92,0.00
53613.24,5904.00,-3.00,0.00
53610.44,5904.00,-2.80,0.00
53607.56,5904.00,-2.88,0.00
53604.60,5904.00,-2.96,0.00
53601.56,5904.00,-3.04,0.00
53598.72,5904.00,-2.84,0.00
53595.80,5904.00,-2.92,0.00
53592.80,5904.00,-3.00,0.00
53590.00,5904.00,-2.80,0.00
53587.39,5904.00,-2.60,0.00
53585.00,5904.00,-2.40,0.00
53582.80,5904.00,-2.20,0.00
53580.80,5904.00,-2.00,0.00
53579.00,5904.00,-1.80,0.00
53577.39,5904.00,-1.60,0.00
53576.00,5904.00,-1.40,0.00
53574.80,5904.00,-1.20,0.00
53573.80,5904.00,-1.00,0.00
53573.00,5904.00,-0.80,0.00
53572.39,5904.00,-0.60,0.00
53572.00,5904.00,-0.40,0.00
53571.80,5904.00,-0.20,0.00
53571.80,5904.00,-0.00,0.00
53571.80,5904.00,0.00,0.00
53571.80,5904.00,0.00,0.00
53571.80,5904.00,0.00,0.00
53571.80,5904.00,0.00,0.00
53571.80,5904.00,0.00,0.00
53571.80,5904.00,0.00,0.00
53571.80,5904.00,0.00,0.00
53571.80,5904.00,0.00,0.00
53571.80,5904.00,0.00,0.00
53571.80,5904.00,0.00,0.00
53571.80,5904.00,0.00,0.00
53571.80,5904.00,0.00,0.00
53571.80,5904.00,0.00,0.00
53571.80,5904.00,0.00,0.00
53571.80,5904.00,0.00,0.00
53571.80,5904.00,0.00,0.00
53571.80,5904.00,0.00,0.00
53571.80,5904.00,0.00,0.00
53571.80,5904.00,0.00,0.00
53571.80,5904.00,0.00,0.00
53571.80,5904.00,0.00,0.00
53571.80,5904.00,0.00,0.00
53571.80,5904.00,0.00,0.00
53571.80,5904.00,0.00,0.00
53571.80,5904.00,0.00,0.00
53571.80,5904.00,0.00,0.00
53571.80,5904.00,0.00,0.00
53571.80,5904.00,0.00,0.00
53571.80,5904.00,0.00,0.00
53571.80,5904.00,0.00,0.00
53571.80,5904.00,0.00,0.00
53571.80,5904.00,0.00,0.00
53571.80,5904.00,0.00,0.00
53571.80,5904.00,0.00,0.00
53571.80,5904.00,0.00,0.00
53571.80,5904.00,0.00,0.00
53571.80,5904.00,0.00,0.00
53571.80,5904.00,0.00,0.00
53571.80,5904.00,0.00,0.00
53571.80,5904.00,0.00,0.00
53571.80,5904.00,0.00,0.00
53571.80,5904.00,0.00,0.00
53571.80,5904.00,0.00,0.00
53571.80,5904.00,0.00,0.00
53571.80,5904.00,0.00,0.00
53571.80,5904.00,0.00,0.00
53571.80,5904.00,0.00,0.00
53571.80,5904.00,0.00,0.00
53571.80,5904.00,0.00,0.00
53571.80,5904.00,0.00,0.00
53571.80,5904.00,0.00,0.00
53571.80,5904.00,0.00,0.00
53571.80,5904.00,0.00,0.00
53571.80,5904.00,0.00,0.00
53571.80,5904.00,0.00,0.00
53571.80,5904.00,0.00,0.00
53571.80,5904.00,0.00,0.00
53571.80,5904.00,0.00,0.00
53571.80,5904.00,0.00,0.00
53571.80,5904.00,0.00,0.00
53571.80,5904.00,0.00,0.00
53571.80,5904.00,0.00,0.00
53571.80,5904.00,0.00,0.00
53571.80,5904.00,0.00,0.00
53571.80,5904.00,0.00,0.00
53571.80,5904.00,0.00,0.00
53571.80,5904.00,0.00,0.00
53571.80,5904.00,0.00,0.00
53571.80,5904.00,0.00,0.00
53571.80,5904.00,0.00,0.00
53571.80,5904.00,0.00,0.00
53571.80,5904.00,0.00,0.00
53571.80,5904.00,0.00,0.00
53571.80,5904.00,0.00,0.00
53571.80,5904.00,0.00,0.00
53571.80,5904.00,0.00,0.00
53571.80,5904.00,0.00,0.00
53571.80,5904.00,0.00,0.00
53571.80,5904.00,0.00,0.00
53571.80,5904.00,0.00,0.00
53571.80,5904.00,0.00,0.00
53571.80,5904.00,0.00,0.00
53571.80,5904.00,0.00,0.00
53571.80,5904.00,0.00,0.00
53571.80,5904.00,0.00,0.00
53571.80,5904.00,0.00,0.00
53571.80,5904.00,0.00,0.00
53571.80,5904.00,0.00,0.00
53571.80,5904.00,0.00,0.00
53571.80,5904.00,0.00,0.00
53571.80,5904.00,0.00,0.00
53571.80,5904.00,0.00,0.00
53571.80,5904.00,0.00,0.00
53571.80,5904.00,0.00,0.00
53571.80,5904.00,0.00,0.00
53571.80,5904.00,0.00,0.00
53571.80,5904.00,0.00,0.00
53571.80,5904.00,0.00,0.00
53571.80,5904.00,0.00,0.00
53571.80,5904.00,0.00,0.00
53571.80,5904.00,0.00,0.00
53571.80,5904.00,0.00,0.00
53571.80,5904.00,0.00,0.00
53571.80,5904.00,0.00,0.00
53571.80,5904.00,0.00,0.00
53571.80,5904.00,0.00,0.00
53571.80,5904.00,0.00,0.00
53571.80,5904.00,0.00,0.00
53571.80,5904.00,0.00,0.00
53571.80,5904.00,0.00,0.00
53571.80,5904.00,0.00,0.00
53571.80,5904.00,0.00,0.00
53571.80,5904.00,0.00,0.00
53571.80,5904.00,0.00,0.00
53571.80,5904.00,0.00,0.00
53571.80,5904.00,0.00,0.00
53571.80,5904.00,0.00,0.00
53571.80,5904.00,0.00,0.00
53571.80,5904.00,0.00,0.00
53571.80,5904.00,0.00,0.00
53571.80,5904.00,0.00,0.00
53571.80,5904.00,0.00,0.00
53571.80,5904.00,0.00,0.00
53571.80,5904.00,0.00,0.00
53571.80,5904.00,0.00,0.00
53571.80,5904.00,0.00,0.00
53571.80,5904.00,0.00,0.00
53571.80,5904.00,0.00,0.00
53571.80,5904.00,0.00,0.00
53571.80,5904.00,0.00,0.00
53571.80,5904.00,0.00,0.00
53571.80,5904.00,0.00,0.00
53571.80,5904.00,0.00,0.00
53571.80,5904.00,0.00,0.00
53571.80,5904.00,0.00,0.00
53571.72,5904.00,-0.08,0.00
53571.56,5904.00,-0.16,0.00
53571.32,5904.00,-0.24,0.00
53571.00,5904.00,-0.32,0.00
53570.60,5904.00,-0.40,0.00
53570.12,5904.00,-0.48,0.00
53569.56,5904.00,-0.56,0.00
53568.92,5904.00,-0.64,0.00
53568.20,5904.00,-0.72,0.00
53567.40,5904.00,-0.80,0.00
53566.52,5904.00,-0.88,0.00
53565.56,5904.00,-0.96,0.00
53564.52,5904.00,-1.04,0.00
53563.40,5904.00,-1.12,0.00
53562.20,5904.00,-1.20,0.00
53560.92,5904.00,-1.28,0.00
53559.56,5904.00,-1.36,0.00
53558.12,5904.00,-1.44,0.00
53556.60,5904.00,-1.52,0.00
53555.00,5904.00,-1.60,0.00
53553.32,5904.00,-1.68,0.00
53551.56,5904.00,-1.76,0.00
53549.72,5904.00,-1.84,0.00
53547.80,5904.00,-1.92,0.00
53545.80,5904.00,-2.00,0.00
53543.72,5904.00,-2.08,0.00
53541.56,5904.00,-2.16,0.00
53539.32,5904.00,-2.24,0.00
53537.00,5904.00,-2.32,0.00
53534.60,5904.00,-2.40,0.00
53532.12,5904.00,-2.48,0.00
53529.56,5904.00,-2.56,0.00
53526.92,5904.00,-2.64,0.00
53524.20,5904.00,-2.72,0.00
53521.40,5904.00,-2.80,0.00
53518.52,5904.00,-2.88,0.00
53515.56,5904.00,-2.96,0.00
53512.52,5904.00,-3.04,0.00
53509.68,5904.00,-2.84,0.00
53506.76,5904.00,-2.92,0.00
53503.76,5904.00,-3.00,0.00
53500.68,5904.00,-3.08,0.00
53497.80,5904.00,-2.88,0.00
53494.84,5904.00,-2.96,0.00
53491.80,5904.00,-3.04,0.00
53488.96,5904.00,-2.84,0.00
53486.04,5904.00,-2.92,0.00
53483.04,5904.00,-3.00,0.00
53479.96,5904.00,-3.08,0.00
53477.09,5904.00,-2.88,0.00
53474.12,5904.00,-2.96,0.00
53471.09,5904.00,-3.04,0.00
53468.25,5904.00,-2.84,0.00
53465.32,5904.00,-2.92,0.00
53462.32,5904.00,-3.00,0.00
53459.25,5904.00,-3.08,0.00
53456.37,5904.00,-2.88,0.00
53453.41,5904.00,-2.96,0.00
53450.37,5904.00,-3.04,0.00
53447.53,5904.00,-2.84,0.00
53444.61,5904.00,-2.92,0.00
53441.61,5904.00,-3.00,0.00
53438.53,5904.00,-3.08,0.00
53435.65,5904.00,-2.88,0.00
53432.69,5904.00,-2.96,0.00
53429.65,5904.00,-3.04,0.00
53426.81,5904.00,-2.84,0.00
53423.89,5904.00,-2.92,0.00
53420.89,5904.00,-3.00,0.00
53417.81,5904.00,-3.08,0.00
53414.93,5904.00,-2.88,0.00
53411.97,5904.00,-2.96,0.00
53408.93,5904.00,-3.04,0.00
53406.09,5904.00,-2.84,0.00
53403.17,5904.00,-2.92,0.00
53400.17,5904.00,-3.00,0.00
53397.09,5904.00,-3.08,0.00
53394.21,5904.00,-2.88,0.00
53391.25,5904.00,-2.96,0.00
53388.21,5904.00,-3.04,0.00
53385.37,5904.00,-2.84,0.00
53382.45,5904.00,-2.92,0.00
53379.45,5904.00,-3.00,0.00
53376.37,5904.00,-3.08,0.00
53373.49,5904.00,-2.88,0.00
53370.53,5904.00,-2.96,0.00
53367.49,5904.00,-3.04,0.00
53364.65,5904.00,-2.84,0.00
53361.73,5904.00,-2.92,0.00
53358.73,5904.00,-3.00,0.00
53355.65,5904.00,-3.08,0.00
53352.77,5904.00,-2.88,0.00
53349.81,5904.00,-2.96,0.00
53346.77,5904.00,-3.04,0.00
53343.93,5904.00,-2.84,0.00
53341.01,5904.00,-2.92,0.00
53338.01,5904.00,-3.00,0.00
53334.93,5904.00,-3.08,0.00
53332.05,5904.00,-2.88,0.00
53329.09,5904.00,-2.96,0.00
53326.05,5904.00,-3.04,0.00
53323.21,5904.00,-2.84,0.00
53320.29,5904.00,-2.92,0.00
53317.29,5904.00,-3.00,0.00
53314.21,5904.00,-3.08,0.00
53311.34,5904.00,-2.88,0.00
53308.38,5904.00,-2.96,0.00
53305.34,5904.00,-3.04,0.00
53302.50,5904.00,-2.84,0.00
53299.57,5904.00,-2.92,0.00
53296.57,5904.00,-3.00,0.00
53293.50,5904.00,-3.08,0.00
53290.62,5904.00,-2.88,0.00
53287.94,5904.00,-2.68,0.00
53285.46,5904.00,-2.48,0.00
53283.18,5904.00,-2.28,0.00
53281.10,5904.00,-2.08,0.00
53279.22,5904.00,-1.88,0.00
53277.54,5904.00,-1.68,0.00
53276.06,5904.00,-1.48,0.00
53274.78,5904.00,-1.28,0.00
53273.70,5904.00,-1.08,0.00
53272.82,5904.00,-0.88,0.00
53272.14,5904.00,-0.68,0.00
53271.66,5904.00,-0.48,0.00
53271.38,5904.00,-0.28,0.00
53271.30,5904.00,-0.08,0.00
53271.30,5904.00,0.00,0.00
53271.30,5904.00,0.00,0.00
53271.30,5904.00,0.00,0.00
53271.30,5904.00,0.00,0.00
53271.30,5904.00,0.00,0.00
53271.30,5904.00,0.00,0.00
53271.30,5904.00,0.00,0.00
53271.30,5904.00,0.00,0.00
53271.30,5904.00,0.00,0.00
53271.30,5904.00,0.00,0.00
53271.30,5904.00,0.00,0.00
53271.30,5904.00,0.00,0.00
53271.30,5904.00,0.00,0.00
53271.22,5904.00,-0.08,0.00
53271.06,5904.00,-0.16,0.00
53270.82,5904.00,-0.24,0.00
53270.50,5904.00,-0.32,0.00
53270.11,5904.00,-0.40,0.00
53269.62,5904.00,-0.48,0.00
53269.07,5904.00,-0.56,0.00
53268.43,5904.00,-0.64,0.00
53267.71,5904.00,-0.72,0.00
53266.91,5904.00,-0.80,0.00
53266.03,5904.00,-0.88,0.00
53265.07,5904.00,-0.96,0.00
53264.03,5904.00,-1.04,0.00
53262.91,5904.00,-1.12,0.00
53261.98,5904.00,-0.92,0.00
53261.27,5904.00,-0.72,0.00
53260.75,5904.00,-0.52,0.00
53260.43,5904.00,-0.32,0.00
53260.30,5904.00,-0.12,0.00
53260.30,5904.00,0.00,0.00
53260.30,5904.00,0.00,0.00
53260.30,5904.00,0.00,0.00
53260.30,5904.00,0.00,0.00
53260.30,5904.00,0.00,0.00
53260.30,5904.00,0.00,0.00
53260.30,5904.00,0.00,0.00
53260.30,5904.00,0.00,0.00
53260.30,5904.00,0.00,0.00
53260.30,5904.00,0.00,0.00
53260.30,5904.00,0.00,0.00
53260.30,5904.00,0.00,0.00
53260.30,5904.00,0.00,0.00
53260.30,5904.00,0.00,0.00
53260.30,5904.00,0.00,0.00
53260.30,5904.00,0.00,0.00
53260.30,5904.00,0.00,0.00
53260.30,5904.00,0.00,0.00
53260.30,5904.00,0.00,0.00
53260.30,5904.00,0.00,0.00
53260.30,5904.00,0.00,0.00
53260.30,5904.00,0.00,0.00
53260.30,5904.00,0.00,0.00
53260.30,5904.00,0.00,0.00
53260.30,5904.00,0.00,0.00
53260.30,5904.00,0.00,0.00
53260.30,5904.00,0.00,0.00
53260.30,5904.00,0.00,0.00
53260.30,5904.00,0.00,0.00
53260.30,5904.00,0.00,0.00
53260.30,5904.00,0.00,0.00
53260.30,5904.00,0.00,0.00
53260.30,5904.00,0.00,0.00
53260.30,5904.00,0.00,0.00
53260.30,5904.00,0.00,0.00
53260.30,5904.00,0.00,0.00
53260.30,5904.00,0.00,0.00
53260.30,5904.00,0.00,0.00
53260.30,5904.00,0.00,0.00
53260.30,5904.00,0.00,0.00
53260.30,5904.00,0.00,0.00
53260.30,5904.00,0.00,0.00
53260.30,5904.00,0.00,0.00
53260.30,5904.00,0.00,0.00
53260.30,5904.00,0.00,0.00
53260.30,5904.00,0.00,0.00
53260.30,5904.00,0.00,0.00
53260.30,5904.00,0.00,0.00
53260.30,5904.00,0.00,0.00
53260.30,5904.00,0.00,0.00
53260.30,5904.00,0.00,0.00
53260.30,5904.00,0.00,0.00
53260.30,5904.00,0.00,0.00
53260.30,5904.00,0.00,0.00
53260.30,5904.00,0.00,0.00
53260.30,5904.00,0.00,0.00
53260.30,5904.00,0.00,0.00
53260.23,5904.00,-0.08,0.00
53260.07,5904.00,-0.16,0.00
53259.83,5904.00,-0.24,0.00
53259.51,5904.00,-0.32,0.00
53259.11,5904.00,-0.40,0.00
53258.63,5904.00,-0.48,0.00
53258.07,5904.00,-0.56,0.00
53257.43,5904.00,-0.64,0.00
53256.71,5904.00,-0.72,0.00
53255.91,5904.00,-0.80,0.00
53255.03,5904.00,-0.88,0.00
53254.07,5904.00,-0.96,0.00
53253.03,5904.00,-1.04,0.00
53251.91,5904.00,-1.12,0.00
53250.71,5904.00,-1.20,0.00
53249.43,5904.00,-1.28,0.00
53248.07,5904.00,-1.36,0.00
53246.63,5904.00,-1.44,0.00
53245.11,5904.00,-1.52,0.00
53243.51,5904.00,-1.60,0.00
53241.83,5904.00,-1.68,0.00
53240.07,5904.00,-1.76,0.00
53238.23,5904.00,-1.84,0.00
53236.30,5904.00,-1.92,0.00
53234.30,5904.00,-2.00,0.00
53232.23,5904.00,-2.08,0.00
53230.07,5904.00,-2.16,0.00
53227.83,5904.00,-2.24,0.00
53225.51,5904.00,-2.32,0.00
53223.11,5904.00,-2.40,0.00
53220.63,5904.00,-2.48,0.00
53218.07,5904.00,-2.56,0.00
53215.43,5904.00,-2.64,0.00
53212.71,5904.00,-2.72,0.00
53209.91,5904.00,-2.80,0.00
53207.03,5904.00,-2.88,0.00
53204.07,5904.00,-2.96,0.00
53201.03,5904.00,-3.04,0.00
53198.19,5904.00,-2.84,0.00
53195.27,5904.00,-2.92,0.00
53192.27,5904.00,-3.00,0.00
53189.19,5912.00,-3.08,0.00
53186.31,5912.00,-2.88,0.00
53183.35,5912.00,-2.96,0.00
53180.31,5912.00,-3.04,0.00
53177.47,5912.00,-2.84,0.00
53174.55,5912.00,-2.92,0.00
53171.55,5920.00,-3.00,0.00
53168.47,5920.00,-3.08,0.00
53165.59,5920.00,-2.88,0.00
53162.63,5920.00,-2.96,0.00
53159.59,5920.00,-3.04,0.00
53156.75,5920.00,-2.84,0.00
53154.11,5920.00,-2.64,0.00
53151.67,5920.00,-2.44,0.00
53149.43,5920.00,-2.24,0.00
53147.39,5920.00,-2.04,0.00
53145.55,5920.00,-1.84,0.00
53143.91,5920.00,-1.64,0.00
53142.47,5920.00,-1.44,0.00
53141.23,5920.00,-1.24,0.00
53140.20,5920.00,-1.04,0.00
53139.36,5920.00,-0.84,0.00
53138.71,5920.00,-0.64,0.00
53138.27,5920.00,-0.44,0.00
53138.04,5920.00,-0.24,0.00
53138.00,5920.00,-0.04,0.00
53138.00,5920.00,0.00,0.00
53138.00,5920.00,0.00,0.00
53138.00,5920.00,0.00,0.00
53138.00,5920.00,0.00,0.00
53138.00,5920.00,0.00,0.00
53138.00,5920.00,0.00,0.00
53138.00,5920.00,0.00,0.00
53138.00,5920.00,0.00,0.00
53138.00,5920.00,0.00,0.00
53138.00,5920.00,0.00,0.00
53138.00,5920.00,0.00,0.00
53138.00,5920.00,0.00,0.00
53138.00,5920.00,0.00,0.00
53138.00,5920.00,0.00,0.00
53138.00,5920.00,0.00,0.00
53138.00,5920.00,0.00,0.00
53138.00,5920.00,0.00,0.00
53138.00,5920.00,0.00,0.00
53138.00,5920.00,0.00,0.00
53138.00,5920.00,0.00,0.00
53138.00,5920.00,0.00,0.00
53138.00,5920.00,0.00,0.00
53138.00,5920.00,0.00,0.00
53138.00,5920.00,0.00,0.00
53138.00,5920.00,0.00,0.00
53138.00,5920.00,0.00,0.00
53138.00,5920.00,0.00,0.00
53138.00,5920.00,0.00,0.00
53138.00,5920.00,0.00,0.00
53138.00,5920.00,0.00,0.00
53138.00,5920.00,0.00,0.00
53137.92,5920.00,-0.08,0.00
53137.76,5920.00,-0.16,0.00
53137.52,5920.00,-0.24,0.00
53137.20,5920.00,-0.32,0.00
53136.80,5920.00,-0.40,0.00
53136.32,5920.00,-0.48,0.00
53135.76,5920.00,-0.56,0.00
53135.12,5920.00,-0.64,0.00
53134.40,5920.00,-0.72,0.00
53133.60,5920.00,-0.80,0.00
53132.72,5920.00,-0.88,0.00
53131.76,5920.00,-0.96,0.00
53130.72,5920.00,-1.04,0.00
53129.60,5920.00,-1.12,0.00
53128.40,5920.00,-1.20,0.00
53127.12,5920.00,-1.28,0.00
53125.76,5920.00,-1.36,0.00
53124.32,5920.00,-1.44,0.00
53122.80,5920.00,-1.52,0.00
53121.20,5920.00,-1.60,0.00
53119.52,5920.00,-1.68,0.00
53117.76,5920.00,-1.76,0.00
53115.92,5920.00,-1.84,0.00
53114.00,5920.00,-1.92,0.00
53112.00,5920.00,-2.00,0.00
53109.92,5920.00,-2.08,0.00
53107.76,5920.00,-2.16,0.00
53105.52,5920.00,-2.24,0.00
53103.20,5920.00,-2.32,0.00
53100.80,5920.00,-2.40,0.00
53098.32,5920.00,-2.48,0.00
53095.76,5920.00,-2.56,0.00
53093.12,5920.00,-2.64,0.00
53090.40,5920.00,-2.72,0.00
53087.60,5920.00,-2.80,0.00
53085.00,5920.00,-2.60,0.00
53082.60,5920.00,-2.40,0.00
53080.40,5920.00,-2.20,0.00
53078.40,5920.00,-2.00,0.00
53076.60,5920.00,-1.80,0.00
53075.00,5920.00,-1.60,0.00
53073.60,5920.00,-1.40,0.00
53072.40,5920.00,-1.20,0.00
53071.40,5920.00,-1.00,0.00
53070.60,5920.00,-0.80,0.00
53070.00,5920.00,-0.60,0.00
53069.60,5920.00,-0.40,0.00
53069.40,5920.00,-0.20,0.00
53069.40,5920.00,0.00,0.00
53069.40,5920.00,0.00,0.00
53069.40,5920.00,0.00,0.00
53069.40,5920.00,0.00,0.00
53069.40,5920.00,0.00,0.00
53069.40,5920.00,0.00,0.00
53069.40,5920.00,0.00,0.00
53069.40,5920.00,0.00,0.00
53069.40,5920.00,0.00,0.00
53069.40,5920.00,0.00,0.00
53069.40,5920.00,0.00,0.00
53069.40,5920.00,0.00,0.00
53069.40,5920.00,0.00,0.00
53069.40,5920.00,0.00,0.00
53069.40,5920.00,0.00,0.00
53069.40,5920.00,0.00,0.00
53069.40,5920.00,0.00,0.00
53069.40,5920.00,0.00,0.00
53069.40,5920.00,0.00,0.00
53069.40,5920.00,0.00,0.00
53069.40,5920.00,0.00,0.00
53069.40,5920.00,0.00,0.00
53069.40,5920.00,0.00,0.00
53069.40,5920.00,0.00,0.00
53069.40,5920.00,0.00,0.00
53069.40,5920.00,0.00,0.00
53069.40,5920.00,0.00,0.00
53069.40,5920.00,0.00,0.00
53069.40,5920.00,0.00,0.00
53069.40,5920.00,0.00,0.00
53069.40,5920.00,0.00,0.00
53069.40,5920.00,0.00,0.00
53069.40,5920.00,0.00,0.00
53069.40,5920.00,0.00,0.00
53069.40,5920.00,0.00,0.00
53069.40,5920.00,0.00,0.00
53069.40,5920.00,0.00,0.00
53069.40,5920.00,0.00,0.00
53069.40,5920.00,0.00,0.00
53069.40,5920.00,0.00,0.00
53069.40,5920.00,0.00,0.00
53069.40,5920.00,0.00,0.00
53069.40,5920.00,0.00,0.00
53069.40,5920.00,0.00,0.00
53069.40,5920.00,0.00,0.00
53069.40,5920.00,0.00,0.00
53069.40,5920.00,0.00,0.00
53069.40,5920.00,0.00,0.00
53069.40,5920.00,0.00,0.00
53069.40,5920.00,0.00,0.00
53069.40,5920.00,0.00,0.00
53069.40,5920.00,0.00,0.00
53069.40,5920.00,0.00,0.00
53069.40,5920.00,0.00,0.00
53069.40,5920.00,0.00,0.00
53069.40,5920.00,0.00,0.00
53069.40,5920.00,0.00,0.00
53069.40,5920.00,0.00,0.00
53069.40,5920.00,0.00,0.00
53069.40,5920.00,0.00,0.00
53069.40,5920.00,0.00,0.00
53069.40,5920.00,0.00,0.00
53069.40,5920.00,0.00,0.00
53069.40,5920.00,0.00,0.00
53069.40,5920.00,0.00,0.00
53069.40,5920.00,0.00,0.00
53069.40,5920.00,0.00,0.00
53069.40,5920.00,0.00,0.00
53069.40,5920.00,0.00,0.00
53069.40,5920.00,0.00,0.00
53069.40,5920.00,0.00,0.00
53069.40,5920.00,0.00,0.00
53069.40,5920.00,0.00,0.00
53069.40,5920.00,0.00,0.00
53069.40,5920.00,0.00,0.00
53069.40,5920.00,0.00,0.00
53069.40,5920.00,0.00,0.00
53069.40,5920.00,0.00,0.00
53069.40,5920.00,0.00,0.00
53069.40,5920.00,0.00,0.00
53069.40,5920.00,0.00,0.00
53069.40,5920.00,0.00,0.00
53069.40,5920.00,0.00,0.00
53069.40,5920.00,0.00,0.00
53069.40,5920.00,0.00,0.00
53069.40,5920.00,0.00,0.00
53069.40,5920.00,0.00,0.00
53069.40,5920.00,0.00,0.00
53069.40,5920.00,0.00,0.00
53069.40,5920.00,0.00,0.00
53069.40,5920.00,0.00,0.00
53069.40,5920.00,0.00,0.00
53069.40,5920.00,0.00,0.00
53069.40,5920.00,0.00,0.00
53069.40,5920.00,0.00,0.00
53069.40,5920.00,0.00,0.00
53069.40,5920.00,0.00,0.00
53069.40,5920.00,0.00,0.00
53069.40,5920.00,0.00,0.00
53069.40,5920.00,0.00,0.00
53069.40,5920.00,0.00,0.00
53069.40,5920.00,0.00,0.00
53069.32,5920.00,-0.08,0.00
53069.16,5920.00,-0.16,0.00
53068.93,5920.00,-0.24,0.00
53068.61,5920.00,-0.32,0.00
53068.21,5920.00,-0.40,0.00
53067.73,5920.00,-0.48,0.00
53067.17,5920.00,-0.56,0.00
53066.53,5920.00,-0.64,0.00
53065.81,5920.00,-0.72,0.00
53065.01,5920.00,-0.80,0.00
53064.13,5920.00,-0.88,0.00
53063.17,5920.00,-0.96,0.00
53062.13,5920.00,-1.04,0.00
53061.01,5920.00,-1.12,0.00
53059.81,5920.00,-1.20,0.00
53058.53,5920.00,-1.28,0.00
53057.17,5920.00,-1.36,0.00
53055.73,5920.00,-1.44,0.00
53054.21,5920.00,-1.52,0.00
53052.61,5920.00,-1.60,0.00
53050.93,5920.00,-1.68,0.00
53049.45,5920.00,-1.48,0.00
53048.16,5920.00,-1.28,0.00
53047.09,5920.00,-1.08,0.00
53046.21,5920.00,-0.88,0.00
53045.53,5920.00,-0.68,0.00
53045.05,5920.00,-0.48,0.00
53044.85,5920.00,-0.20,0.00
53044.93,5920.00,0.08,0.00
53045.09,5920.00,0.16,0.00
53045.32,5920.00,0.24,0.00
53045.64,5920.00,0.32,0.00
53046.04,5920.00,0.40,0.00
53046.52,5920.00,0.48,0.00
53047.08,5920.00,0.56,0.00
53047.72,5920.00,0.64,0.00
53048.44,5920.00,0.72,0.00
53049.24,5920.00,0.80,0.00
53050.12,5920.00,0.88,0.00
53051.08,5920.00,0.96,0.00
53052.12,5920.00,1.04,0.00
53053.24,5920.00,1.12,0.00
53054.44,5920.00,1.20,0.00
53055.72,5920.00,1.28,0.00
53057.08,5920.00,1.36,0.00
53058.52,5920.00,1.44,0.00
53060.04,5920.00,1.52,0.00
53061.64,5920.00,1.60,0.00
53063.32,5920.00,1.68,0.00
53065.09,5920.00,1.76,0.00
53066.93,5920.00,1.84,0.00
53068.85,5920.00,1.92,0.00
53070.85,5920.00,2.00,0.00
53072.93,5920.00,2.08,0.00
53075.09,5920.00,2.16,0.00
53077.32,5920.00,2.24,0.00
53079.64,5920.00,2.32,0.00
53082.04,5920.00,2.40,0.00
53084.52,5920.00,2.48,0.00
53087.08,5920.00,2.56,0.00
53089.72,5920.00,2.64,0.00
53092.44,5920.00,2.72,0.00
53095.24,5920.00,2.80,0.00
53098.12,5920.00,2.88,0.00
53101.08,5920.00,2.96,0.00
53104.12,5920.00,3.04,0.00
53106.96,5920.00,2.84,0.00
53109.88,5920.00,2.92,0.00
53112.88,5920.00,3.00,0.00
53115.96,5920.00,3.08,0.00
53118.84,5920.00,2.88,0.00
53121.80,5920.00,2.96,0.00
53124.84,5920.00,3.04,0.00
53127.68,5920.00,2.84,0.00
53130.60,5920.00,2.92,0.00
53133.60,5920.00,3.00,0.00
53136.68,5920.00,3.08,0.00
53139.56,5920.00,2.88,0.00
53142.52,5920.00,2.96,0.00
53145.56,5920.00,3.04,0.00
53148.40,5920.00,2.84,0.00
53151.32,5920.00,2.92,0.00
53154.32,5920.00,3.00,0.00
53157.40,5920.00,3.08,0.00
53160.28,5920.00,2.88,0.00
53163.24,5920.00,2.96,0.00
53166.28,5920.00,3.04,0.00
53169.12,5920.00,2.84,0.00
53172.04,5920.00,2.92,0.00
53175.04,5912.00,3.00,0.00
53178.12,5912.00,3.08,0.00
53181.00,5912.00,2.88,0.00
53183.96,5912.00,2.96,0.00
53187.00,5912.00,3.04,0.00
53189.84,5912.00,2.84,0.00
53192.76,5904.00,2.92,0.00
53195.76,5904.00,3.00,0.00
53198.84,5904.00,3.08,0.00
53201.71,5904.00,2.88,0.00
53204.68,5904.00,2.96,0.00
53207.71,5904.00,3.04,0.00
53210.55,5904.00,2.84,0.00
53213.48,5904.00,2.92,0.00
53216.48,5904.00,3.00,0.00
53219.55,5904.00,3.08,0.00
53222.43,5904.00,2.88,0.00
53225.39,5904.00,2.96,0.00
53228.43,5904.00,3.04,0.00
53231.27,5904.00,2.84,0.00
53234.20,5904.00,2.92,0.00
53237.20,5904.00,3.00,0.00
53240.27,5904.00,3.08,0.00
53243.15,5904.00,2.88,0.00
53246.11,5904.00,2.96,0.00
53249.15,5904.00,3.04,0.00
53251.99,5904.00,2.84,0.00
53254.91,5904.00,2.92,0.00
53257.91,5904.00,3.00,0.00
53260.99,5904.00,3.08,0.00
53263.87,5904.00,2.88,0.00
53266.83,5904.00,2.96,0.00
53269.87,5904.00,3.04,0.00
53272.71,5904.00,2.84,0.00
53275.63,5904.00,2.92,0.00
53278.63,5904.00,3.00,0.00
53281.71,5904.00,3.08,0.00
53284.59,5904.00,2.88,0.00
53287.55,5904.00,2.96,0.00
53290.59,5904.00,3.04,0.00
53293.43,5904.00,2.84,0.00
53296.35,5904.00,2.92,0.00
53299.35,5904.00,3.00,0.00
53302.43,5904.00,3.08,0.00
53305.31,5904.00,2.88,0.00
53308.27,5904.00,2.96,0.00
53311.31,5904.00,3.04,0.00
53314.15,5904.00,2.84,0.00
53317.07,5904.00,2.92,0.00
53320.07,5904.00,3.00,0.00
53323.15,5904.00,3.08,0.00
53326.03,5904.00,2.88,0.00
53328.99,5904.00,2.96,0.00
53332.03,5904.00,3.04,0.00
53334.87,5904.00,2.84,0.00
53337.79,5904.00,2.92,0.00
53340.79,5904.00,3.00,0.00
53343.87,5904.00,3.08,0.00
53346.75,5904.00,2.88,0.00
53349.71,5904.00,2.96,0.00
53352.75,5904.00,3.04,0.00
53355.59,5904.00,2.84,0.00
53358.51,5904.00,2.92,0.00
53361.51,5904.00,3.00,0.00
53364.59,5904.00,3.08,0.00
53367.46,5904.00,2.88,0.00
53370.43,5904.00,2.96,0.00
53373.46,5904.00,3.04,0.00
53376.30,5904.00,2.84,0.00
53379.23,5904.00,2.92,0.00
53382.23,5904.00,3.00,0.00
53385.30,5904.00,3.08,0.00
53388.18,5904.00,2.88,0.00
53391.14,5904.00,2.96,0.00
53394.18,5904.00,3.04,0.00
53397.02,5904.00,2.84,0.00
53399.95,5904.00,2.92,0.00
53402.95,5904.00,3.00,0.00
53406.02,5904.00,3.08,0.00
53408.90,5904.00,2.88,0.00
53411.86,5904.00,2.96,0.00
53414.90,5904.00,3.04,0.00
53417.74,5904.00,2.84,0.00
53420.66,5904.00,2.92,0.00
53423.66,5904.00,3.00,0.00
53426.74,5904.00,3.08,0.00
53429.62,5904.00,2.88,0.00
53432.58,5904.00,2.96,0.00
53435.62,5904.00,3.04,0.00
53438.46,5904.00,2.84,0.00
53441.38,5904.00,2.92,0.00
53444.38,5904.00,3.00,0.00
53447.46,5904.00,3.08,0.00
53450.34,5904.00,2.88,0.00
53453.30,5904.00,2.96,0.00
53456.34,5904.00,3.04,0.00
53459.18,5904.00,2.84,0.00
53462.10,5904.00,2.92,0.00
53465.10,5904.00,3.00,0.00
53468.18,5904.00,3.08,0.00
53471.06,5904.00,2.88,0.00
53474.02,5904.00,2.96,0.00
53477.06,5904.00,3.04,0.00
53479.90,5904.00,2.84,0.00
53482.82,5904.00,2.92,0.00
53485.82,5904.00,3.00,0.00
53488.90,5904.00,3.08,0.00
53491.78,5904.00,2.88,0.00
53494.74,5904.00,2.96,0.00
53497.78,5904.00,3.04,0.00
53500.62,5904.00,2.84,0.00
53503.54,5904.00,2.92,0.00
53506.54,5904.00,3.00,0.00
53509.62,5904.00,3.08,0.00
53512.50,5904.00,2.88,0.00
53515.46,5904.00,2.96,0.00
53518.50,5904.00,3.04,0.00
53521.34,5904.00,2.84,0.00
53524.26,5904.00,2.92,0.00
53527.26,5904.00,3.00,0.00
53530.34,5904.00,3.08,0.00
53533.21,5904.00,2.88,0.00
53536.18,5904.00,2.96,0.00
53539.21,5904.00,3.04,0.00
53542.05,5904.00,2.84,0.00
53544.98,5904.00,2.92,0.00
53547.98,5904.00,3.00,0.00
53551.05,5904.00,3.08,0.00
53553.93,5904.00,2.88,0.00
53556.89,5904.00,2.96,0.00
53559.93,5904.00,3.04,0.00
53562.77,5904.00,2.84,0.00
53565.70,5904.00,2.92,0.00
53568.70,5904.00,3.00,0.00
53571.77,5904.00,3.08,0.00
53574.65,5904.00,2.88,0.00
53577.61,5904.00,2.96,0.00
53580.65,5904.00,3.04,0.00
53583.49,5904.00,2.84,0.00
53586.41,5904.00,2.92,0.00
53589.41,5904.00,3.00,0.00
53592.49,5904.00,3.08,0.00
53595.37,5904.00,2.88,0.00
53598.33,5904.00,2.96,0.00
53601.37,5904.00,3.04,0.00
53604.21,5904.00,2.84,0.00
53607.13,5904.00,2.92,0.00
53610.13,5904.00,3.00,0.00
53613.21,5904.00,3.08,0.00
53616.09,5904.00,2.88,0.00
53619.05,5904.00,2.96,0.00
53622.09,5904.00,3.04,0.00
53624.93,5904.00,2.84,0.00
53627.85,5904.00,2.92,0.00
53630.85,5904.00,3.00,0.00
53633.93,5904.00,3.08,0.00
53636.81,5904.00,2.88,0.00
53639.77,5904.00,2.96,0.00
53642.81,5904.00,3.04,0.00
53645.65,5904.00,2.84,0.00
53648.57,5904.00,2.92,0.00
53651.57,5904.00,3.00,0.00
53654.65,5904.00,3.08,0.00
53657.53,5904.00,2.88,0.00
53660.49,5904.00,2.96,0.00
53663.53,5904.00,3.04,0.00
53666.37,5904.00,2.84,0.00
53669.29,5904.00,2.92,0.00
53672.29,5904.00,3.00,0.00
53675.37,5904.00,3.08,0.00
53678.25,5904.00,2.88,0.00
53681.21,5904.00,2.96,0.00
53684.25,5904.00,3.04,0.00
53687.09,5904.00,2.84,0.00
53690.01,5904.00,2.92,0.00
53693.01,5904.00,3.00,0.00
53696.09,5904.00,3.08,0.00
53698.96,5904.00,2.88,0.00
53701.93,5904.00,2.96,0.00
53704.96,5904.00,3.04,0.00
53707.80,5904.00,2.84,0.00
53710.73,5904.00,2.92,0.00
53713.73,5904.00,3.00,0.00
53716.80,5904.00,3.08,0.00
53719.68,5904.00,2.88,0.00
53722.64,5904.00,2.96,0.00
53725.68,5904.00,3.04,0.00
53728.52,5904.00,2.84,0.00
53731.45,5904.00,2.92,0.00
53734.45,5904.00,3.00,0.00
53737.52,5904.00,3.08,0.00
53740.40,5904.00,2.88,0.00
53743.36,5904.00,2.96,0.00
53746.40,5904.00,3.04,0.00
53749.24,5904.00,2.84,0.00
53752.16,5904.00,2.92,0.00
53755.16,5904.00,3.00,0.00
53758.24,5904.00,3.08,0.00
53761.12,5904.00,2.88,0.00
53764.08,5904.00,2.96,0.00
53767.12,5904.00,3.04,0.00
53769.96,5904.00,2.84,0.00
53772.88,5904.00,2.92,0.00
53775.88,5904.00,3.00,0.00
53778.96,5904.00,3.08,0.00
53781.84,5904.00,2.88,0.00
53784.80,5904.00,2.96,0.00
53787.84,5904.00,3.04,0.00
53790.68,5904.00,2.84,0.00
53793.32,5904.00,2.64,0.00
53795.68,5904.00,2.36,0.00
53797.76,5904.00,2.08,0.00
53799.56,5904.00,1.80,0.00
53801.08,5904.00,1.52,0.00
53802.32,5904.00,1.24,0.00
53803.28,5904.00,0.96,0.00
53803.96,5904.00,0.68,0.00
53804.36,5904.00,0.40,0.00
53804.48,5904.00,0.12,0.00
53804.52,5904.00,0.04,0.00
53804.48,5904.00,-0.04,0.00
53804.36,5904.00,-0.12,0.00
53804.16,5904.00,-0.20,0.00
53803.88,5904.00,-0.28,0.00
53803.52,5904.00,-0.36,0.00
53803.07,5904.00,-0.44,0.00
53802.55,5904.00,-0.52,0.00
53801.95,5904.00,-0.60,0.00
53801.27,5904.00,-0.68,0.00
53800.51,5904.00,-0.76,0.00
53799.67,5904.00,-0.84,0.00
53798.75,5904.00,-0.92,0.00
53797.75,5904.00,-1.00,0.00
53796.67,5904.00,-1.08,0.00
53795.51,5904.00,-1.16,0.00
53794.27,5904.00,-1.24,0.00
53792.95,5904.00,-1.32,0.00
53791.55,5904.00,-1.40,0.00
53790.07,5904.00,-1.48,0.00
53788.52,5904.00,-1.56,0.00
53786.88,5904.00,-1.64,0.00
53785.16,5904.00,-1.72,0.00
53783.36,5904.00,-1.80,0.00
53781.48,5904.00,-1.88,0.00
53779.52,5904.00,-1.96,0.00
53777.48,5904.00,-2.04,0.00
53775.36,5904.00,-2.12,0.00
53773.16,5904.00,-2.20,0.00
53770.88,5904.00,-2.28,0.00
53768.52,5904.00,-2.36,0.00
53766.07,5904.00,-2.44,0.00
53763.55,5904.00,-2.52,0.00
53760.95,5904.00,-2.60,0.00
53758.27,5904.00,-2.68,0.00
53755.79,5904.00,-2.48,0.00
53753.51,5904.00,-2.28,0.00
53751.43,5904.00,-2.08,0.00
53749.63,5904.00,-1.80,0.00
53748.11,5904.00,-1.52,0.00
53746.88,5904.00,-1.24,0.00
53745.91,5904.00,-0.96,0.00
53745.23,5904.00,-0.68,0.00
53744.84,5904.00,-0.40,0.00
53744.71,5904.00,-0.12,0.00
53744.68,5904.00,-0.04,0.00
53744.71,5904.00,0.04,0.00
53744.84,5904.00,0.12,0.00
53745.04,5904.00,0.20,0.00
53745.32,5904.00,0.28,0.00
53745.68,5904.00,0.36,0.00
53746.12,5904.00,0.44,0.00
53746.64,5904.00,0.52,0.00
53747.24,5904.00,0.60,0.00
53747.92,5904.00,0.68,0.00
53748.68,5904.00,0.76,0.00
53749.52,5904.00,0.84,0.00
53750.44,5904.00,0.92,0.00
53751.44,5904.00,1.00,0.00
53752.52,5904.00,1.08,0.00
53753.68,5904.00,1.16,0.00
53754.92,5904.00,1.24,0.00
53756.24,5904.00,1.32,0.00
53757.64,5904.00,1.40,0.00
53759.12,5904.00,1.48,0.00
53760.68,5904.00,1.56,0.00
53762.32,5904.00,1.64,0.00
53764.04,5904.00,1.72,0.00
53765.84,5904.00,1.80,0.00
53767.71,5904.00,1.88,0.00
53769.68,5904.00,1.96,0.00
53771.71,5904.00,2.04,0.00
53773.84,5904.00,2.12,0.00
53776.04,5904.00,2.20,0.00
53778.04,5904.00,2.00,0.00
53779.84,5904.00,1.80,0.00
53781.44,5904.00,1.60,0.00
53782.76,5904.00,1.32,0.00
53783.80,5904.00,1.04,0.00
53784.56,5904.00,0.76,0.00
53785.04,5904.00,0.48,0.00
53785.24,5904.00,0.20,0.00
53785.36,5904.00,0.12,0.00
53785.40,5904.00,0.04,0.00
53785.36,5904.00,-0.04,0.00
53785.24,5904.00,-0.12,0.00
53785.04,5904.00,-0.20,0.00
53784.76,5904.00,-0.28,0.00
53784.40,5904.00,-0.36,0.00
53783.96,5904.00,-0.44,0.00
53783.44,5904.00,-0.52,0.00
53782.84,5904.00,-0.60,0.00
53782.16,5904.00,-0.68,0.00
53781.39,5904.00,-0.76,0.00
53780.55,5904.00,-0.84,0.00
53779.63,5904.00,-0.92,0.00
53778.91,5904.00,-0.72,0.00
53778.39,5904.00,-0.52,0.00
53778.07,5904.00,-0.32,0.00
53777.95,5904.00,-0.12,0.00
53777.95,5904.00,0.00,0.00
53777.95,5904.00,0.00,0.00
53777.95,5904.00,0.00,0.00
53777.95,5904.00,0.00,0.00
53777.95,5904.00,0.00,0.00
53778.03,5904.00,0.08,0.00
53778.19,5904.00,0.16,0.00
53778.43,5904.00,0.24,0.00
53778.75,5904.00,0.32,0.00
53779.15,5904.00,0.40,0.00
53779.63,5904.00,0.48,0.00
53780.19,5904.00,0.56,0.00
53780.83,5904.00,0.64,0.00
53781.55,5904.00,0.72,0.00
53782.35,5904.00,0.80,0.00
53783.23,5904.00,0.88,0.00
53784.19,5904.00,0.96,0.00
53785.23,5904.00,1.04,0.00
53786.35,5904.00,1.12,0.00
53787.55,5904.00,1.20,0.00
53788.83,5904.00,1.28,0.00
53790.19,5904.00,1.36,0.00
53791.63,5904.00,1.44,0.00
53793.15,5904.00,1.52,0.00
53794.75,5904.00,1.60,0.00
53796.43,5904.00,1.68,0.00
53798.19,5904.00,1.76,0.00
53800.03,5904.00,1.84,0.00
53801.95,5904.00,1.92,0.00
53803.95,5904.00,2.00,0.00
53806.03,5904.00,2.08,0.00
53808.19,5904.00,2.16,0.00
53810.43,5904.00,2.24,0.00
53812.75,5904.00,2.32,0.00
53815.15,5904.00,2.40,0.00
53817.63,5904.00,2.48,0.00
53820.19,5904.00,2.56,0.00
53822.83,5904.00,2.64,0.00
53825.55,5904.00,2.72,0.00
53828.35,5904.00,2.80,0.00
53831.23,5904.00,2.88,0.00
53834.19,5904.00,2.96,0.00
53837.23,5904.00,3.04,0.00
53840.07,5904.00,2.84,0.00
53842.99,5904.00,2.92,0.00
53845.99,5904.00,3.00,0.00
53849.07,5904.00,3.08,0.00
53851.95,5904.00,2.88,0.00
53854.91,5904.00,2.96,0.00
53857.95,5904.00,3.04,0.00
53860.79,5904.00,2.84,0.00
53863.71,5904.00,2.92,0.00
53866.71,5904.00,3.00,0.00
53869.79,5904.00,3.08,0.00
53872.59,5904.00,2.80,0.00
53875.11,5904.00,2.52,0.00
53877.34,5904.00,2.24,0.00
53879.30,5904.00,1.96,0.00
53880.98,5904.00,1.68,0.00
53882.38,5904.00,1.40,0.00
53883.50,5904.00,1.12,0.00
53884.34,5904.00,0.84,0.00
53884.90,5904.00,0.56,0.00
53885.18,5904.00,0.28,0.00
53885.18,5904.00,-0.00,0.00
53885.11,5904.00,-0.08,0.00
53884.95,5904.00,-0.16,0.00
53884.71,5904.00,-0.24,0.00
53884.39,5904.00,-0.32,0.00
53883.99,5904.00,-0.40,0.00
53883.51,5904.00,-0.48,0.00
53882.95,5904.00,-0.56,0.00
53882.31,5904.00,-0.64,0.00
53881.59,5904.00,-0.72,0.00
53880.79,5904.00,-0.80,0.00
53879.91,5904.00,-0.88,0.00
53878.95,5904.00,-0.96,0.00
53877.91,5904.00,-1.04,0.00
53876.79,5904.00,-1.12,0.00
53875.59,5904.00,-1.20,0.00
53874.31,5904.00,-1.28,0.00
53872.95,5904.00,-1.36,0.00
53871.51,5904.00,-1.44,0.00
53869.99,5904.00,-1.52,0.00
53868.39,5904.00,-1.60,0.00
53866.71,5904.00,-1.68,0.00
53864.95,5904.00,-1.76,0.00
53863.11,5904.00,-1.84,0.00
53861.18,5904.00,-1.92,0.00
53859.18,5904.00,-2.00,0.00
53857.38,5904.00,-1.80,0.00
53855.78,5904.00,-1.60,0.00
53854.38,5904.00,-1.40,0.00
53853.18,5904.00,-1.20,0.00
53852.18,5904.00,-1.00,0.00
53851.38,5904.00,-0.80,0.00
53850.78,5904.00,-0.60,0.00
53850.38,5904.00,-0.40,0.00
53850.18,5904.00,-0.20,0.00
53850.18,5904.00,-0.00,0.00
53850.18,5904.00,0.00,0.00
53850.18,5904.00,0.00,0.00
53850.18,5904.00,0.00,0.00
53850.26,5904.00,0.08,0.00
53850.42,5904.00,0.16,0.00
53850.66,5904.00,0.24,0.00
53850.98,5904.00,0.32,0.00
53851.38,5904.00,0.40,0.00
53851.86,5904.00,0.48,0.00
53852.14,5904.00,0.28,0.00
53852.22,5904.00,0.08,0.00
53852.22,5904.00,0.00,0.00
53852.22,5904.00,0.00,0.00
53852.22,5904.00,0.00,0.00
53852.22,5904.00,0.00,0.00
53852.22,5904.00,0.00,0.00
53852.22,5904.00,0.00,0.00
53852.22,5904.00,0.00,0.00
53852.22,5904.00,0.00,0.00
53852.22,5904.00,0.00,0.00
53852.22,5904.00,0.00,0.00
53852.14,5904.00,-0.08,0.00
53851.98,5904.00,-0.16,0.00
53851.74,5904.00,-0.24,0.00
53851.42,5904.00,-0.32,0.00
53851.02,5904.00,-0.40,0.00
53850.54,5904.00,-0.48,0.00
53849.98,5904.00,-0.56,0.00
53849.34,5904.00,-0.64,0.00
53848.62,5904.00,-0.72,0.00
53847.82,5904.00,-0.80,0.00
53846.95,5904.00,-0.88,0.00
53845.98,5904.00,-0.96,0.00
53844.95,5904.00,-1.04,0.00
53843.82,5904.00,-1.12,0.00
53842.62,5904.00,-1.20,0.00
53841.34,5904.00,-1.28,0.00
53839.98,5904.00,-1.36,0.00
53838.54,5904.00,-1.44,0.00
53837.02,5904.00,-1.52,0.00
53835.42,5904.00,-1.60,0.00
53833.74,5904.00,-1.68,0.00
53831.98,5904.00,-1.76,0.00
53830.14,5904.00,-1.84,0.00
53828.22,5904.00,-1.92,0.00
53826.22,5904.00,-2.00,0.00
53824.14,5904.00,-2.08,0.00
53821.98,5904.00,-2.16,0.00
53819.74,5904.00,-2.24,0.00
53817.42,5904.00,-2.32,0.00
53815.02,5904.00,-2.40,0.00
53812.54,5904.00,-2.48,0.00
53809.98,5904.00,-2.56,0.00
53807.34,5904.00,-2.64,0.00
53804.62,5904.00,-2.72,0.00
53801.82,5904.00,-2.80,0.00
53798.95,5904.00,-2.88,0.00
53795.98,5904.00,-2.96,0.00
53792.95,5904.00,-3.04,0.00
53790.11,5904.00,-2.84,0.00
53787.18,5904.00,-2.92,0.00
53784.18,5904.00,-3.00,0.00
53781.11,5904.00,-3.08,0.00
53778.23,5904.00,-2.88,0.00
53775.27,5904.00,-2.96,0.00
53772.23,5904.00,-3.04,0.00
53769.39,5904.00,-2.84,0.00
53766.46,5904.00,-2.92,0.00
53763.46,5904.00,-3.00,0.00
53760.39,5904.00,-3.08,0.00
53757.51,5904.00,-2.88,0.00
53754.83,5904.00,-2.68,0.00
53752.35,5904.00,-2.48,0.00
53750.15,5904.00,-2.20,0.00
53748.23,5904.00,-1.92,0.00
53746.59,5904.00,-1.64,0.00
53745.23,5904.00,-1.36,0.00
53744.15,5904.00,-1.08,0.00
53743.35,5904.00,-0.80,0.00
53742.83,5904.00,-0.52,0.00
53742.59,5904.00,-0.24,0.00
53742.63,5904.00,0.04,0.00
53742.75,5904.00,0.12,0.00
53742.95,5904.00,0.20,0.00
53743.23,5904.00,0.28,0.00
53743.59,5904.00,0.36,0.00
53744.03,5904.00,0.44,0.00
53744.55,5904.00,0.52,0.00
53745.15,5904.00,0.60,0.00
53745.83,5904.00,0.68,0.00
53746.59,5904.00,0.76,0.00
53747.43,5904.00,0.84,0.00
53748.36,5904.00,0.92,0.00
53749.36,5904.00,1.00,0.00
53750.43,5904.00,1.08,0.00
53751.59,5904.00,1.16,0.00
53752.83,5904.00,1.24,0.00
53754.15,5904.00,1.32,0.00
53755.55,5904.00,1.40,0.00
53757.03,5904.00,1.48,0.00
53758.59,5904.00,1.56,0.00
53760.23,5904.00,1.64,0.00
53761.95,5904.00,1.72,0.00
53763.75,5904.00,1.80,0.00
53765.63,5904.00,1.88,0.00
53767.59,5904.00,1.96,0.00
53769.63,5904.00,2.04,0.00
53771.75,5904.00,2.12,0.00
53773.95,5904.00,2.20,0.00
53776.23,5904.00,2.28,0.00
53778.59,5904.00,2.36,0.00
53781.03,5904.00,2.44,0.00
53783.55,5904.00,2.52,0.00
53786.15,5904.00,2.60,0.00
53788.83,5904.00,2.68,0.00
53791.59,5904.00,2.76,0.00
53794.43,5904.00,2.84,0.00
53797.36,5904.00,2.92,0.00
53800.36,5904.00,3.00,0.00
53803.16,5904.00,2.80,0.00
53806.04,5904.00,2.88,0.00
53809.00,5904.00,2.96,0.00
53812.04,5904.00,3.04,0.00
53814.88,5904.00,2.84,0.00
53817.80,5904.00,2.92,0.00
53820.80,5904.00,3.00,0.00
53823.60,5904.00,2.80,0.00
53826.48,5904.00,2.88,0.00
53829.44,5904.00,2.96,0.00
53832.48,5904.00,3.04,0.00
53835.32,5904.00,2.84,0.00
53838.24,5904.00,2.92,0.00
53841.24,5904.00,3.00,0.00
53844.04,5904.00,2.80,0.00
53846.92,5904.00,2.88,0.00
53849.88,5904.00,2.96,0.00
53852.92,5904.00,3.04,0.00
53855.76,5904.00,2.84,0.00
53858.68,5904.00,2.92,0.00
53861.68,5904.00,3.00,0.00
53864.48,5904.00,2.80,0.00
53867.36,5904.00,2.88,0.00
53870.32,5904.00,2.96,0.00
53873.36,5904.00,3.04,0.00
53876.20,5904.00,2.84,0.00
53879.12,5904.00,2.92,0.00
53882.12,5904.00,3.00,0.00
53885.20,5904.00,3.08,0.00
53888.08,5904.00,2.88,0.00
53891.04,5904.00,2.96,0.00
53894.08,5904.00,3.04,0.00
53896.92,5904.00,2.84,0.00
53899.84,5904.00,2.92,0.00
53902.84,5904.00,3.00,0.00
53905.92,5904.00,3.08,0.00
53908.80,5904.00,2.88,0.00
53911.76,5904.00,2.96,0.00
53914.80,5904.00,3.04,0.00
53917.64,5904.00,2.84,0.00
53920.56,5904.00,2.92,0.00
53923.56,5904.00,3.00,0.00
53926.64,5904.00,3.08,0.00
53929.52,5904.00,2.88,0.00
53932.48,5904.00,2.96,0.00
53935.52,5904.00,3.04,0.00
53938.36,5904.00,2.84,0.00
53941.28,5904.00,2.92,0.00
53944.28,5901.72,3.00,0.00
53947.36,5898.65,3.08,0.00
53950.23,5895.77,2.88,0.00
53953.20,5892.81,2.96,0.00
53956.23,5889.77,3.04,0.00
53959.07,5888.00,2.84,0.00
53962.00,5888.00,2.92,0.00
53964.71,5888.00,2.72,0.00
53967.23,5888.00,2.52,0.00
53969.55,5888.00,2.32,0.00
53971.68,5888.00,2.12,0.00
53973.60,5888.00,1.92,0.00
53975.24,5872.00,1.64,0.00
53976.60,5872.00,1.36,0.00
53977.68,5872.00,1.08,0.00
53978.48,5872.00,0.80,0.00
53979.00,5872.00,0.52,0.00
53979.23,5872.00,0.24,0.00
53979.20,5872.00,-0.04,0.00
53979.07,5872.00,-0.12,0.00
53978.88,5872.00,-0.20,0.00
53978.59,5872.00,-0.28,0.00
53978.23,5872.00,-0.36,0.00
53977.79,5872.00,-0.44,0.00
53977.27,5872.00,-0.52,0.00
53976.67,5872.00,-0.60,0.00
53975.99,5872.00,-0.68,0.00
53975.23,5872.00,-0.76,0.00
53974.39,5872.00,-0.84,0.00
53973.47,5873.32,-0.92,1.32
53972.47,5875.04,-1.00,1.72
53971.39,5877.16,-1.08,2.12
53970.23,5879.68,-1.16,2.52
53968.99,5882.60,-1.24,2.92
53967.67,5885.92,-1.32,3.32
53966.27,5888.00,-1.40,2.08
53964.79,5888.00,-1.48,0.00
53963.23,5888.00,-1.56,0.00
53961.59,5888.00,-1.64,0.00
53959.88,5888.00,-1.72,0.00
53958.07,5888.00,-1.80,0.00
53956.20,5889.81,-1.88,0.00
53954.23,5891.77,-1.96,0.00
53952.20,5893.81,-2.04,0.00
53950.07,5895.93,-2.12,0.00
53947.88,5898.13,-2.20,0.00
53945.59,5900.41,-2.28,0.00
53943.23,5900.81,-2.36,0.40
53940.79,5901.61,-2.44,0.80
53938.27,5902.81,-2.52,1.20
53935.67,5904.00,-2.60,1.19
53932.99,5904.00,-2.68,0.00
53930.23,5904.00,-2.76,0.00
53927.39,5904.00,-2.84,0.00
53924.47,5904.00,-2.92,0.00
53921.47,5904.00,-3.00,0.00
53918.67,5904.00,-2.80,0.00
53915.79,5904.00,-2.88,0.00
53912.83,5904.00,-2.96,0.00
53909.79,5904.00,-3.04,0.00
53906.95,5904.00,-2.84,0.00
53904.03,5904.00,-2.92,0.00
53901.03,5904.00,-3.00,0.00
53898.23,5904.00,-2.80,0.00
53895.35,5904.00,-2.88,0.00
53892.39,5904.00,-2.96,0.00
53889.35,5904.00,-3.04,0.00
53886.51,5904.00,-2.84,0.00
53883.87,5904.00,-2.64,0.00
53881.43,5904.00,-2.44,0.00
53879.19,5904.00,-2.24,0.00
53877.15,5904.00,-2.04,0.00
53875.31,5904.00,-1.84,0.00
53873.67,5904.00,-1.64,0.00
53872.23,5904.00,-1.44,0.00
53870.99,5904.00,-1.24,0.00
53869.95,5904.00,-1.04,0.00
53869.11,5904.00,-0.84,0.00
53868.47,5904.00,-0.64,0.00
53868.03,5904.00,-0.44,0.00
53867.79,5904.00,-0.24,0.00
53867.75,5904.00,-0.04,0.00
53867.63,5904.00,-0.12,0.00
53867.43,5904.00,-0.20,0.00
53867.15,5904.00,-0.28,0.00
53866.79,5904.00,-0.36,0.00
53866.35,5904.00,-0.44,0.00
53865.83,5904.00,-0.52,0.00
53865.23,5904.00,-0.60,0.00
53864.55,5904.00,-0.68,0.00
53863.79,5904.00,-0.76,0.00
53862.95,5904.00,-0.84,0.00
53862.02,5904.00,-0.92,0.00
53861.02,5904.00,-1.00,0.00
53859.95,5904.00,-1.08,0.00
53858.79,5904.00,-1.16,0.00
53857.55,5904.00,-1.24,0.00
53856.23,5904.00,-1.32,0.00
53854.83,5904.00,-1.40,0.00
53853.35,5904.00,-1.48,0.00
53852.07,5904.00,-1.28,0.00
53850.99,5904.00,-1.08,0.00
53850.11,5904.00,-0.88,0.00
53849.43,5904.00,-0.68,0.00
53849.03,5904.00,-0.40,0.00
53848.91,5904.00,-0.12,0.00
53848.87,5904.00,-0.04,0.00
53848.91,5904.00,0.04,0.00
53849.03,5904.00,0.12,0.00
53849.23,5904.00,0.20,0.00
53849.51,5904.00,0.28,0.00
53849.87,5904.00,0.36,0.00
53850.31,5904.00,0.44,0.00
53850.83,5904.00,0.52,0.00
53851.43,5904.00,0.60,0.00
53852.11,5904.00,0.68,0.00
53852.51,5904.00,0.40,0.00
53852.63,5904.00,0.12,0.00
53852.67,5904.00,0.04,0.00
53852.63,5904.00,-0.04,0.00
53852.51,5904.00,-0.12,0.00
53852.31,5904.00,-0.20,0.00
53852.03,5904.00,-0.28,0.00
53851.67,5904.00,-0.36,0.00
53851.23,5904.00,-0.44,0.00
53850.71,5904.00,-0.52,0.00
53850.11,5904.00,-0.60,0.00
53849.43,5904.00,-0.68,0.00
53848.67,5904.00,-0.76,0.00
53847.83,5904.00,-0.84,0.00
53847.19,5904.00,-0.64,0.00
53846.83,5904.00,-0.36,0.00
53846.75,5904.00,-0.08,0.00
53846.75,5904.00,-0.00,0.00
53846.83,5904.00,0.08,0.00
53846.99,5904.00,0.16,0.00
53847.23,5904.00,0.24,0.00
53847.55,5904.00,0.32,0.00
53847.95,5904.00,0.40,0.00
53848.43,5904.00,0.48,0.00
53848.98,5904.00,0.56,0.00
53849.62,5904.00,0.64,0.00
53850.34,5904.00,0.72,0.00
53851.14,5904.00,0.80,0.00
53852.02,5904.00,0.88,0.00
53852.98,5904.00,0.96,0.00
53854.02,5904.00,1.04,0.00
53855.14,5904.00,1.12,0.00
53856.34,5904.00,1.20,0.00
53857.62,5904.00,1.28,0.00
53858.98,5904.00,1.36,0.00
53860.43,5904.00,1.44,0.00
53861.95,5904.00,1.52,0.00
53863.55,5904.00,1.60,0.00
53865.23,5904.00,1.68,0.00
53866.99,5904.00,1.76,0.00
53868.83,5904.00,1.84,0.00
53870.75,5904.00,1.92,0.00
53872.75,5904.00,2.00,0.00
53874.83,5904.00,2.08,0.00
53876.99,5904.00,2.16,0.00
53879.23,5904.00,2.24,0.00
53881.55,5904.00,2.32,0.00
53883.95,5904.00,2.40,0.00
53886.43,5904.00,2.48,0.00
53888.98,5904.00,2.56,0.00
53891.62,5904.00,2.64,0.00
53894.34,5904.00,2.72,0.00
53897.14,5904.00,2.80,0.00
53900.02,5904.00,2.88,0.00
53902.98,5904.00,2.96,0.00
53906.02,5904.00,3.04,0.00
53908.86,5904.00,2.84,0.00
53911.79,5904.00,2.92,0.00
53914.79,5904.00,3.00,0.00
53917.86,5904.00,3.08,0.00
53920.74,5904.00,2.88,0.00
53923.70,5904.00,2.96,0.00
53926.74,5904.00,3.04,0.00
53929.58,5904.00,2.84,0.00
53932.22,5904.00,2.64,0.00
53934.66,5904.00,2.44,0.00
53936.90,5904.00,2.24,0.00
53938.94,5904.00,2.04,0.00
53940.78,5904.00,1.84,0.00
53942.42,5903.58,1.64,0.00
53943.86,5902.14,1.44,0.00
53945.10,5900.90,1.24,0.00
53946.14,5899.86,1.04,0.00
53946.98,5899.02,0.84,0.00
53947.54,5898.46,0.56,0.00
53947.82,5898.18,0.28,0.00
53947.82,5898.18,-0.00,0.00
53947.74,5898.26,-0.08,0.00
53947.58,5898.42,-0.16,0.00
53947.34,5898.66,-0.24,0.00
53947.02,5898.98,-0.32,0.00
53946.62,5899.38,-0.40,0.00
53946.14,5899.86,-0.48,0.00
53945.86,5900.14,-0.28,0.00
53945.86,5900.14,-0.00,0.00
53945.94,5900.06,0.08,0.00
53946.10,5899.90,0.16,0.00
53946.34,5899.66,0.24,0.00
53946.66,5899.34,0.32,0.00
53947.06,5898.94,0.40,0.00
53947.54,5898.46,0.48,0.00
53948.10,5897.90,0.56,0.00
53948.74,5897.26,0.64,0.00
53949.46,5896.54,0.72,0.00
53950.26,5895.74,0.80,0.00
53950.86,5895.14,0.60,0.00
53951.26,5894.74,0.40,0.00
53951.46,5894.54,0.20,0.00
53951.46,5894.54,0.00,0.00
53951.46,5894.54,0.00,0.00
53951.46,5894.54,0.00,0.00
53951.38,5894.62,-0.08,0.00
53951.22,5894.78,-0.16,0.00
53950.98,5895.02,-0.24,0.00
53950.66,5895.34,-0.32,0.00
53950.26,5895.74,-0.40,0.00
53949.78,5896.22,-0.48,0.00
53949.22,5896.78,-0.56,0.00
53948.58,5897.42,-0.64,0.00
53947.86,5898.14,-0.72,0.00
53947.06,5898.94,-0.80,0.00
53946.18,5899.82,-0.88,0.00
53945.22,5900.78,-0.96,0.00
53944.46,5901.18,-0.76,0.40
53943.98,5901.98,-0.48,0.80
53943.78,5902.22,-0.20,0.00
53943.66,5902.34,-0.12,0.00
53943.62,5902.38,-0.04,0.00
53943.66,5902.34,0.04,0.00
53943.78,5902.22,0.12,0.00
53943.98,5902.02,0.20,0.00
53944.26,5901.74,0.28,0.00
53944.62,5901.38,0.36,0.00
53944.78,5901.22,0.16,0.00
53944.78,5901.22,0.00,0.00
53944.78,5901.22,0.00,0.00
53944.78,5901.22,0.00,0.00
53944.78,5901.22,0.00,0.00
53944.78,5901.22,0.00,0.00
53944.78,5901.22,0.00,0.00
53944.78,5901.22,0.00,0.00
53944.86,5901.14,0.08,0.00
53945.02,5900.98,0.16,0.00
53945.26,5900.74,0.24,0.00
53945.58,5900.42,0.32,0.00
53945.98,5900.02,0.40,0.00
53946.46,5899.54,0.48,0.00
53947.02,5898.98,0.56,0.00
53947.66,5898.34,0.64,0.00
53948.38,5897.63,0.72,0.00
53949.18,5896.82,0.80,0.00
53950.05,5895.95,0.88,0.00
53951.02,5894.98,0.96,0.00
53952.05,5893.95,1.04,0.00
53953.18,5892.82,1.12,0.00
53954.38,5891.63,1.20,0.00
53955.66,5890.34,1.28,0.00
53957.02,5888.98,1.36,0.00
53958.46,5888.00,1.44,0.00
53959.98,5888.00,1.52,0.00
53961.58,5888.00,1.60,0.00
53963.26,5888.00,1.68,0.00
53965.02,5888.00,1.76,0.00
53966.86,5888.00,1.84,0.00
53968.78,5888.00,1.92,0.00
53970.78,5888.00,2.00,0.00
53972.86,5888.00,2.08,0.00
53975.02,5872.00,2.16,0.00
53977.26,5872.00,2.24,0.00
53979.58,5872.00,2.32,0.00
53981.98,5872.00,2.40,0.00
53984.18,5872.00,2.20,0.00
53986.18,5872.00,2.00,0.00
53987.98,5872.00,1.80,0.00
53989.58,5872.00,1.60,0.00
53990.98,5864.00,1.40,0.00
53992.18,5864.00,1.20,0.00
53993.18,5864.00,1.00,0.00
53993.98,5864.00,0.80,0.00
53994.86,5864.00,0.88,0.00
53995.82,5864.00,0.96,0.00
53996.86,5864.00,1.04,0.00
53997.98,5864.00,1.12,0.00
53999.18,5864.00,1.20,0.00
54000.46,5864.00,1.28,0.00
54001.82,5864.00,1.36,0.00
54003.26,5864.00,1.44,0.00
54004.78,5864.00,1.52,0.00
54006.38,5856.00,1.60,0.00
54008.06,5856.00,1.68,0.00
54009.82,5856.00,1.76,0.00
54011.66,5856.00,1.84,0.00
54013.58,5856.00,1.92,0.00
54015.58,5856.00,2.00,0.00
54017.66,5856.00,2.08,0.00
54019.82,5856.00,2.16,0.00
54022.06,5855.94,2.24,0.00
54024.38,5853.62,2.32,0.00
54026.78,5851.22,2.40,0.00
54029.26,5848.74,2.48,0.00
54031.82,5846.18,2.56,0.00
54034.46,5843.54,2.64,0.00
54037.18,5840.82,2.72,0.00
54039.98,5840.00,2.80,0.00
54042.86,5840.00,2.88,0.00
54045.82,5840.00,2.96,0.00
54048.86,5840.00,3.04,0.00
54051.70,5840.00,2.84,0.00
54054.62,5840.00,2.92,0.00
54057.34,5840.00,2.72,0.00
54059.86,5840.00,2.52,0.00
54062.18,5840.00,2.32,0.00
54064.30,5840.00,2.12,0.00
54066.22,5840.00,1.92,0.00
54067.94,5840.00,1.72,0.00
54069.46,5840.00,1.52,0.00
54070.78,5840.00,1.32,0.00
54071.90,5840.00,1.12,0.00
54072.82,5840.00,0.92,0.00
54073.82,5840.00,1.00,0.00
54074.90,5840.00,1.08,0.00
54076.06,5840.00,1.16,0.00
54077.30,5840.00,1.24,0.00
54078.62,5840.00,1.32,0.00
54080.02,5840.00,1.40,0.00
54081.50,5840.00,1.48,0.00
54083.05,5840.00,1.56,0.00
54084.70,5840.00,1.64,0.00
54086.41,5840.00,1.72,0.00
54088.21,5840.00,1.80,0.00
54090.09,5840.00,1.88,0.00
54092.05,5840.00,1.96,0.00
54094.09,5840.00,2.04,0.00
54096.21,5840.00,2.12,0.00
54098.41,5840.00,2.20,0.00
54100.70,5840.00,2.28,0.00
54103.05,5840.00,2.36,0.00
54105.50,5840.00,2.44,0.00
54107.73,5840.00,2.24,0.00
54109.77,5840.00,2.04,0.00
54111.61,5840.00,1.84,0.00
54113.25,5840.00,1.64,0.00
54114.70,5840.00,1.44,0.00
54115.93,5840.00,1.24,0.00
54116.97,5840.00,1.04,0.00
54117.81,5840.00,0.84,0.00
54118.45,5840.00,0.64,0.00
54118.89,5840.00,0.44,0.00
54119.13,5840.00,0.24,0.00
54119.17,5840.00,0.04,0.00
54119.17,5840.00,0.00,0.00
54119.17,5840.00,0.00,0.00
54119.17,5840.00,0.00,0.00
54119.25,5840.00,0.08,0.00
54119.41,5840.00,0.16,0.00
54119.65,5840.00,0.24,0.00
54119.97,5840.00,0.32,0.00
54120.37,5840.00,0.40,0.00
54120.85,5840.00,0.48,0.00
54121.41,5840.00,0.56,0.00
54122.05,5840.00,0.64,0.00
54122.77,5840.00,0.72,0.00
54123.57,5840.00,0.80,0.00
54124.45,5840.00,0.88,0.00
54125.41,5840.00,0.96,0.00
54126.45,5840.00,1.04,0.00
54127.57,5840.00,1.12,0.00
54128.77,5840.00,1.20,0.00
54129.77,5840.00,1.00,0.00
54130.57,5840.00,0.80,0.00
54131.17,5840.00,0.60,0.00
54131.57,5840.00,0.40,0.00
54131.77,5840.00,0.20,0.00
54131.77,5840.00,0.00,0.00
54131.77,5840.00,0.00,0.00
54131.77,5840.00,0.00,0.00
54131.84,5840.00,0.08,0.00
54132.00,5840.00,0.16,0.00
54132.24,5840.00,0.24,0.00
54132.56,5840.00,0.32,0.00
54132.96,5840.00,0.40,0.00
54133.44,5840.00,0.48,0.00
54134.00,5840.00,0.56,0.00
54134.64,5840.00,0.64,0.00
54135.36,5840.00,0.72,0.00
54136.16,5840.00,0.80,0.00
54137.04,5840.00,0.88,0.00
54138.00,5840.00,0.96,0.00
54139.04,5840.00,1.04,0.00
54140.16,5840.00,1.12,0.00
54141.36,5840.00,1.20,0.00
54142.64,5840.00,1.28,0.00
54144.00,5840.00,1.36,0.00
54145.44,5840.00,1.44,0.00
54146.96,5840.00,1.52,0.00
54148.56,5840.00,1.60,0.00
54150.24,5840.00,1.68,0.00
54152.00,5840.00,1.76,0.00
54153.84,5840.00,1.84,0.00
54155.77,5840.00,1.92,0.00
54157.77,5840.00,2.00,0.00
54159.84,5840.00,2.08,0.00
54162.00,5840.00,2.16,0.00
54164.24,5840.00,2.24,0.00
54166.56,5840.00,2.32,0.00
54168.96,5840.00,2.40,0.00
54171.44,5840.00,2.48,0.00
54174.00,5840.00,2.56,0.00
54176.64,5840.00,2.64,0.00
54179.36,5840.00,2.72,0.00
54182.16,5840.00,2.80,0.00
54185.04,5840.00,2.88,0.00
54188.00,5840.00,2.96,0.00
54191.04,5840.00,3.04,0.00
54193.88,5840.00,2.84,0.00
54196.80,5840.00,2.92,0.00
54199.80,5840.00,3.00,0.00
54202.88,5840.00,3.08,0.00
54205.76,5840.00,2.88,0.00
54208.72,5840.00,2.96,0.00
54211.48,5840.00,2.76,0.00
54214.04,5840.00,2.56,0.00
54216.40,5840.00,2.36,0.00
54218.56,5840.00,2.16,0.00
54220.52,5840.00,1.96,0.00
54222.28,5840.00,1.76,0.00
54223.84,5840.00,1.56,0.00
54225.20,5840.00,1.36,0.00
54226.36,5840.00,1.16,0.00
54227.32,5840.00,0.96,0.00
54228.08,5840.00,0.76,0.00
54228.64,5840.00,0.56,0.00
54229.00,5840.00,0.36,0.00
54229.16,5840.00,0.16,0.00
54229.16,5840.00,0.00,0.00
54229.16,5840.00,0.00,0.00
54229.16,5840.00,0.00,0.00
54229.24,5840.00,0.08,0.00
54229.40,5840.00,0.16,0.00
54229.64,5840.00,0.24,0.00
54229.96,5840.00,0.32,0.00
54230.36,5840.00,0.40,0.00
54230.84,5840.00,0.48,0.00
54231.39,5840.00,0.56,0.00
54232.04,5840.00,0.64,0.00
54232.75,5840.00,0.72,0.00
54233.55,5840.00,0.80,0.00
54234.43,5840.00,0.88,0.00
54235.39,5840.00,0.96,0.00
54236.43,5840.00,1.04,0.00
54237.55,5840.00,1.12,0.00
54238.75,5840.00,1.20,0.00
54240.04,5840.00,1.28,0.00
54241.39,5840.00,1.36,0.00
54242.84,5840.00,1.44,0.00
54244.36,5840.00,1.52,0.00
54245.96,5840.00,1.60,0.00
54247.64,5840.00,1.68,0.00
54249.40,5840.00,1.76,0.00
54251.24,5840.00,1.84,0.00
54253.16,5840.00,1.92,0.00
54255.16,5840.00,2.00,0.00
54257.24,5840.00,2.08,0.00
54259.40,5840.00,2.16,0.00
54261.64,5840.00,2.24,0.00
54263.96,5840.00,2.32,0.00
54266.36,5840.00,2.40,0.00
54268.84,5840.00,2.48,0.00
54271.39,5840.00,2.56,0.00
54274.04,5840.00,2.64,0.00
54276.75,5840.00,2.72,0.00
54279.55,5840.00,2.80,0.00
54282.43,5840.00,2.88,0.00
54285.39,5840.00,2.96,0.00
54288.16,5840.00,2.76,0.00
54290.71,5840.00,2.56,0.00
54293.07,5840.00,2.36,0.00
54295.23,5840.00,2.16,0.00
54297.20,5840.00,1.96,0.00
54298.96,5840.00,1.76,0.00
54300.52,5840.00,1.56,0.00
54301.88,5840.00,1.36,0.00
54303.04,5840.00,1.16,0.00
54304.00,5840.00,0.96,0.00
54304.76,5840.00,0.76,0.00
54305.60,5840.00,0.84,0.00
54306.52,5840.00,0.92,0.00
54307.52,5840.00,1.00,0.00
54308.60,5840.00,1.08,0.00
54309.76,5840.00,1.16,0.00
54311.00,5840.00,1.24,0.00
54312.32,5840.00,1.32,0.00
54313.71,5840.00,1.40,0.00
54315.20,5840.00,1.48,0.00
54316.75,5840.00,1.56,0.00
54318.39,5840.00,1.64,0.00
54320.11,5840.00,1.72,0.00
54321.91,5840.00,1.80,0.00
54323.79,5840.00,1.88,0.00
54325.75,5840.00,1.96,0.00
54327.79,5840.00,2.04,0.00
54329.91,5840.00,2.12,0.00
54332.11,5840.00,2.20,0.00
54334.39,5840.00,2.28,0.00
54336.75,5840.00,2.36,0.00
54339.20,5840.00,2.44,0.00
54341.71,5840.00,2.52,0.00
54344.04,5840.00,2.32,0.00
54346.16,5840.00,2.12,0.00
54348.08,5840.00,1.92,0.00
54349.80,5840.00,1.72,0.00
54351.32,5840.00,1.52,0.00
54352.64,5840.00,1.32,0.00
54353.76,5840.00,1.12,0.00
54354.68,5840.00,0.92,0.00
54355.40,5840.00,0.72,0.00
54355.92,5840.00,0.52,0.00
54356.24,5840.00,0.32,0.00
54356.36,5840.00,0.12,0.00
54356.36,5840.00,0.00,0.00
54356.44,5840.00,0.08,0.00
54356.60,5840.00,0.16,0.00
54356.84,5840.00,0.24,0.00
54357.16,5840.00,0.32,0.00
54357.55,5840.00,0.40,0.00
54358.04,5840.00,0.48,0.00
54358.59,5840.00,0.56,0.00
54359.23,5840.00,0.64,0.00
54359.95,5840.00,0.72,0.00
54360.75,5840.00,0.80,0.00
54361.63,5840.00,0.88,0.00
54362.59,5840.00,0.96,0.00
54363.63,5840.00,1.04,0.00
54364.75,5840.00,1.12,0.00
54365.95,5840.00,1.20,0.00
54367.23,5840.00,1.28,0.00
54368.59,5840.00,1.36,0.00
54370.04,5840.00,1.44,0.00
54371.55,5840.00,1.52,0.00
54373.16,5840.00,1.60,0.00
54374.84,5840.00,1.68,0.00
54376.60,5840.00,1.76,0.00
54378.44,5840.00,1.84,0.00
54380.36,5840.00,1.92,0.00
54382.36,5840.00,2.00,0.00
54384.44,5840.00,2.08,0.00
54386.60,5840.00,2.16,0.00
54388.84,5840.00,2.24,0.00
54391.16,5840.00,2.32,0.00
54393.55,5840.00,2.40,0.00
54396.04,5840.00,2.48,0.00
54398.59,5840.00,2.56,0.00
54401.23,5840.00,2.64,0.00
54403.95,5840.00,2.72,0.00
54406.75,5840.00,2.80,0.00
54409.63,5840.00,2.88,0.00
54412.59,5840.00,2.96,0.00
54415.63,5840.00,3.04,0.00
54418.47,5840.00,2.84,0.00
54421.39,5840.00,2.92,0.00
54424.39,5840.00,3.00,0.00
54427.47,5840.00,3.08,0.00
54430.35,5840.00,2.88,0.00
54433.31,5840.00,2.96,0.00
54436.35,5840.00,3.04,0.00
54439.19,5840.00,2.84,0.00
54442.11,5840.00,2.92,0.00
54445.11,5840.00,3.00,0.00
54448.19,5840.00,3.08,0.00
54451.07,5840.00,2.88,0.00
54454.03,5840.00,2.96,0.00
54457.07,5840.00,3.04,0.00
54459.91,5840.00,2.84,0.00
54462.83,5840.00,2.92,0.00
54465.83,5840.00,3.00,0.00
54468.91,5840.00,3.08,0.00
54471.79,5840.00,2.88,0.00
54474.75,5840.00,2.96,0.00
54477.79,5840.00,3.04,0.00
54480.63,5840.00,2.84,0.00
54483.55,5840.00,2.92,0.00
54486.55,5840.00,3.00,0.00
54489.63,5840.00,3.08,0.00
54492.51,5840.00,2.88,0.00
54495.47,5840.00,2.96,0.00
54498.51,5840.00,3.04,0.00
54501.35,5840.00,2.84,0.00
54504.27,5840.00,2.92,0.00
54507.27,5840.00,3.00,0.00
54510.35,5840.00,3.08,0.00
54513.23,5840.00,2.88,0.00
54516.19,5840.00,2.96,0.00
54519.23,5840.00,3.04,0.00
54522.07,5840.00,2.84,0.00
54524.99,5840.00,2.92,0.00
54527.99,5840.00,3.00,0.00
54531.07,5840.00,3.08,0.00
54533.95,5840.00,2.88,0.00
54536.91,5840.00,2.96,0.00
54539.95,5840.00,3.04,0.00
54542.79,5840.00,2.84,0.00
54545.71,5840.00,2.92,0.00
54548.71,5840.00,3.00,0.00
54551.79,5840.00,3.08,0.00
54554.66,5840.00,2.88,0.00
54557.62,5840.00,2.96,0.00
54560.66,5840.00,3.04,0.00
54563.50,5840.00,2.84,0.00
54566.43,5840.00,2.92,0.00
54569.43,5840.00,3.00,0.00
54572.50,5840.00,3.08,0.00
54575.38,5840.00,2.88,0.00
54578.34,5840.00,2.96,0.00
54581.38,5840.00,3.04,0.00
54584.22,5840.00,2.84,0.00
54587.14,5840.00,2.92,0.00
54590.14,5840.00,3.00,0.00
54593.22,5840.00,3.08,0.00
54596.10,5840.00,2.88,0.00
54599.06,5840.00,2.96,0.00
54602.10,5840.00,3.04,0.00
54604.94,5840.00,2.84,0.00
54607.86,5840.00,2.92,0.00
54610.86,5840.00,3.00,0.00
54613.94,5840.00,3.08,0.00
54616.82,5840.00,2.88,0.00
54619.78,5840.00,2.96,0.00
54622.82,5840.00,3.04,0.00
54625.66,5840.00,2.84,0.00
54628.58,5840.00,2.92,0.00
54631.58,5840.00,3.00,0.00
54634.66,5840.00,3.08,0.00
54637.54,5840.00,2.88,0.00
54640.50,5840.00,2.96,0.00
54643.54,5840.00,3.04,0.00
54646.38,5840.00,2.84,0.00
54649.30,5840.00,2.92,0.00
54652.30,5835.39,3.00,-4.61
54655.38,5830.78,3.08,-4.61
54658.36,5826.17,2.98,-4.61
54661.42,5821.56,3.06,-4.61
54664.38,5816.95,2.96,-4.61
54667.42,5812.34,3.04,-4.61
54670.36,5807.73,2.94,-4.61
54673.38,5803.12,3.02,-4.61
54676.30,5798.51,2.92,-4.61
54679.30,5793.90,3.00,-4.61
54682.38,5789.29,3.08,-4.61
54685.36,5784.68,2.98,-4.61
54688.42,5780.07,3.06,-4.61
54691.38,5775.46,2.96,-4.61
54694.42,5770.85,3.04,-4.61
54697.36,5766.24,2.94,-4.61
54700.38,5762.03,3.02,-4.21
54703.30,5758.22,2.92,-3.81
54706.30,5754.81,3.00,-3.41
54709.38,5751.80,3.08,-3.01
54712.36,5749.19,2.98,-2.61
54715.42,5746.98,3.06,-2.21
54718.38,5745.17,2.96,-1.81
54721.42,5743.76,3.04,-1.41
54724.36,5742.75,2.94,-1.01
54727.38,5742.14,3.02,-0.61
54730.30,5741.93,2.92,-0.21
54733.30,5742.12,3.00,0.19
54736.38,5742.71,3.08,0.59
54739.36,5743.70,2.98,0.99
54742.42,5745.09,3.06,1.39
54745.38,5746.88,2.96,1.79
54748.42,5742.27,3.04,-4.61
54751.36,5737.66,2.94,-4.61
54754.38,5733.05,3.02,-4.61
54757.30,5728.44,2.92,-4.61
54760.30,5723.83,3.00,-4.61
54763.38,5719.22,3.08,-4.61
54766.36,5714.61,2.98,-4.61
54769.42,5710.00,3.06,-4.61
54772.38,5705.39,2.96,-4.61
54775.42,5700.78,3.04,-4.61
54778.36,5696.17,2.94,-4.61
54781.38,5691.56,3.02,-4.61
54784.30,5687.35,2.92,-4.21
54787.30,5683.54,3.00,-3.81
54790.38,5680.13,3.08,-3.41
54793.36,5677.13,2.98,-3.01
54796.42,5674.52,3.06,-2.61
54799.38,5672.31,2.96,-2.21
54802.42,5670.50,3.04,-1.81
54805.36,5669.08,2.94,-1.41
54808.38,5668.08,3.02,-1.01
54811.30,5667.47,2.92,-0.61
54814.30,5667.26,3.00,-0.21
54817.38,5667.45,3.08,0.19
54820.36,5668.04,2.98,0.59
54823.42,5669.03,3.06,0.99
54826.38,5670.42,2.96,1.39
54829.42,5672.21,3.04,1.79
54832.36,5674.40,2.94,2.19
54835.38,5676.99,3.02,2.59
54838.30,5679.98,2.92,2.99
54841.30,5683.37,3.00,3.39
54844.38,5687.16,3.08,3.79
54847.36,5691.35,2.98,4.19
54850.42,5695.94,3.06,4.59
54853.38,5700.93,2.96,4.99
54856.42,5706.32,3.04,5.39
54859.36,5712.11,2.94,5.79
54862.38,5718.30,3.02,6.19
54865.30,5724.89,2.92,6.59
54868.30,5731.88,3.00,6.99
54871.38,5739.27,3.08,7.39
54874.36,5747.06,2.98,7.79
54877.42,5755.25,3.06,8.19
54880.38,5763.84,2.96,8.59
54883.42,5772.83,3.04,8.99
54886.36,5782.22,2.94,9.39
54889.38,5792.01,3.02,9.79
54892.30,5802.02,2.92,10.01
54895.30,5812.03,3.00,10.01
54898.38,5822.04,3.08,10.01
54901.36,5824.00,2.98,1.96
54904.42,5824.00,3.06,0.00
54907.28,5824.00,2.86,0.00
54910.22,5824.00,2.94,0.00
54913.24,5824.00,3.02,0.00
54916.06,5824.00,2.82,0.00
54918.96,5824.00,2.90,0.00
54921.94,5824.00,2.98,0.00
54925.00,5824.00,3.06,0.00
54927.86,5824.00,2.86,0.00
54930.80,5824.00,2.94,0.00
54933.82,5824.00,3.02,0.00
54936.64,5824.00,2.82,0.00
54939.54,5824.00,2.90,0.00
54942.52,5824.00,2.98,0.00
54945.57,5824.00,3.06,0.00
54948.43,5824.00,2.86,0.00
54951.09,5824.00,2.66,0.00
54953.55,5824.00,2.46,0.00
54955.82,5824.00,2.26,0.00
54957.88,5824.00,2.06,0.00
54959.66,5824.00,1.78,0.00
54961.16,5824.00,1.50,0.00
54962.38,5824.00,1.22,0.00
54963.32,5824.00,0.94,0.00
54963.98,5824.00,0.66,0.00
54964.36,5824.00,0.38,0.00
54964.46,5824.00,0.10,0.00
54964.48,5824.00,0.02,0.00
54964.42,5824.00,-0.06,0.00
54964.28,5824.00,-0.14,0.00
54964.06,5824.00,-0.22,0.00
54963.76,5824.00,-0.30,0.00
54963.38,5824.00,-0.38,0.00
54962.92,5824.00,-0.46,0.00
54962.38,5824.00,-0.54,0.00
54961.76,5824.00,-0.62,0.00
54961.06,5824.00,-0.70,0.00
54960.28,5824.00,-0.78,0.00
54959.42,5824.00,-0.86,0.00
54958.48,5824.00,-0.94,0.00
54957.46,5824.00,-1.02,0.00
54956.36,5824.00,-1.10,0.00
54955.18,5824.00,-1.18,0.00
54953.91,5824.00,-1.26,0.00
54952.57,5824.00,-1.34,0.00
54951.15,5824.00,-1.42,0.00
54949.65,5824.00,-1.50,0.00
54948.35,5824.00,-1.30,0.00
54947.25,5824.00,-1.10,0.00
54946.35,5824.00,-0.90,0.00
54945.65,5824.00,-0.70,0.00
54945.15,5824.00,-0.50,0.00
54944.85,5824.00,-0.30,0.00
54944.75,5824.00,-0.10,0.00
54944.75,5824.00,0.00,0.00
54944.75,5824.00,0.00,0.00
54944.67,5824.00,-0.08,0.00
54944.51,5824.00,-0.16,0.00
54944.27,5824.00,-0.24,0.00
54943.95,5824.00,-0.32,0.00
54943.55,5824.00,-0.40,0.00
54943.07,5824.00,-0.48,0.00
54942.52,5824.00,-0.56,0.00
54941.88,5824.00,-0.64,0.00
54941.16,5824.00,-0.72,0.00
54940.36,5824.00,-0.80,0.00
54939.48,5824.00,-0.88,0.00
54938.52,5824.00,-0.96,0.00
54937.48,5824.00,-1.04,0.00
54936.36,5824.00,-1.12,0.00
54935.16,5824.00,-1.20,0.00
54933.88,5824.00,-1.28,0.00
54932.52,5824.00,-1.36,0.00
54931.07,5824.00,-1.44,0.00
54929.55,5824.00,-1.52,0.00
54927.95,5824.00,-1.60,0.00
54926.27,5824.00,-1.68,0.00
54924.51,5824.00,-1.76,0.00
54922.67,5824.00,-1.84,0.00
54920.75,5824.00,-1.92,0.00
54918.75,5824.00,-2.00,0.00
54916.67,5824.00,-2.08,0.00
54914.51,5824.00,-2.16,0.00
54912.27,5824.00,-2.24,0.00
54909.95,5824.00,-2.32,0.00
54907.55,5824.00,-2.40,0.00
54905.07,5824.00,-2.48,0.00
54902.52,5824.00,-2.56,0.00
54899.88,5824.00,-2.64,0.00
54897.16,5824.00,-2.72,0.00
54894.36,5824.00,-2.80,0.00
54891.48,5824.00,-2.88,0.00
54888.52,5824.00,-2.96,0.00
54885.48,5824.00,-3.04,0.00
54882.64,5824.00,-2.84,0.00
54879.71,5824.00,-2.92,0.00
54876.71,5824.00,-3.00,0.00
54873.64,5824.00,-3.08,0.00
54870.76,5824.00,-2.88,0.00
54867.80,5824.00,-2.96,0.00
54864.76,5824.00,-3.04,0.00
54861.92,5824.00,-2.84,0.00
54859.00,5824.00,-2.92,0.00
54856.28,5824.00,-2.72,0.00
54853.76,5824.00,-2.52,0.00
54851.44,5824.00,-2.32,0.00
54849.32,5824.00,-2.12,0.00
54847.39,5824.00,-1.92,0.00
54845.68,5824.00,-1.72,0.00
54844.16,5824.00,-1.52,0.00
54842.84,5824.00,-1.32,0.00
54841.71,5824.00,-1.12,0.00
54840.79,5824.00,-0.92,0.00
54840.07,5824.00,-0.72,0.00
54839.55,5824.00,-0.52,0.00
54839.23,5824.00,-0.32,0.00
54839.11,5824.00,-0.12,0.00
54839.11,5824.00,0.00,0.00
54839.11,5824.00,0.00,0.00
54839.11,5824.00,0.00,0.00
54839.11,5824.00,0.00,0.00
54839.11,5824.00,0.00,0.00
54839.11,5824.00,0.00,0.00
54839.11,5824.00,0.00,0.00
54839.11,5824.00,0.00,0.00
54839.11,5824.00,0.00,0.00
54839.11,5824.00,0.00,0.00
54839.11,5824.00,0.00,0.00
54839.11,5824.00,0.00,0.00
54839.19,5824.00,0.08,0.00
54839.35,5824.00,0.16,0.00
54839.59,5824.00,0.24,0.00
54839.91,5824.00,0.32,0.00
54840.31,5824.00,0.40,0.00
54840.79,5824.00,0.48,0.00
54841.35,5824.00,0.56,0.00
54841.99,5824.00,0.64,0.00
54842.71,5824.00,0.72,0.00
54843.51,5824.00,0.80,0.00
54844.39,5824.00,0.88,0.00
54845.35,5824.00,0.96,0.00
54846.39,5824.00,1.04,0.00
54847.51,5824.00,1.12,0.00
54848.71,5824.00,1.20,0.00
54849.99,5824.00,1.28,0.00
54851.35,5824.00,1.36,0.00
54852.79,5824.00,1.44,0.00
54854.31,5824.00,1.52,0.00
54855.91,5824.00,1.60,0.00
54857.59,5824.00,1.68,0.00
54859.35,5824.00,1.76,0.00
54861.19,5824.00,1.84,0.00
54863.11,5824.00,1.92,0.00
54865.11,5824.00,2.00,0.00
54867.19,5824.00,2.08,0.00
54869.35,5824.00,2.16,0.00
54871.59,5824.00,2.24,0.00
54873.91,5824.00,2.32,0.00
54876.31,5824.00,2.40,0.00
54878.79,5824.00,2.48,0.00
54881.35,5824.00,2.56,0.00
54883.99,5824.00,2.64,0.00
54886.71,5824.00,2.72,0.00
54889.51,5824.00,2.80,0.00
54892.39,5824.00,2.88,0.00
54895.35,5824.00,2.96,0.00
54898.39,5824.00,3.04,0.00
54901.23,5824.00,2.84,0.00
54904.15,5824.00,2.92,0.00
54907.15,5824.00,3.00,0.00
54910.23,5824.00,3.08,0.00
54913.11,5824.00,2.88,0.00
54916.07,5824.00,2.96,0.00
54919.11,5824.00,3.04,0.00
54921.95,5824.00,2.84,0.00
54924.87,5824.00,2.92,0.00
54927.87,5824.00,3.00,0.00
54930.95,5824.00,3.08,0.00
54933.82,5824.00,2.88,0.00
54936.79,5824.00,2.96,0.00
54939.82,5824.00,3.04,0.00
54942.66,5824.00,2.84,0.00
54945.59,5824.00,2.92,0.00
54948.59,5824.00,3.00,0.00
54951.66,5824.00,3.08,0.00
54954.54,5824.00,2.88,0.00
54957.50,5824.00,2.96,0.00
54960.54,5824.00,3.04,0.00
54963.38,5824.00,2.84,0.00
54966.30,5824.00,2.92,0.00
54969.30,5824.00,3.00,0.00
54972.38,5832.00,3.08,0.00
54975.26,5832.00,2.88,0.00
54978.22,5832.00,2.96,0.00
54981.26,5832.00,3.04,0.00
54984.10,5832.00,2.84,0.00
54987.02,5840.00,2.92,0.00
54990.02,5840.00,3.00,0.00
54993.10,5840.00,3.08,0.00
54995.98,5840.00,2.88,0.00
54998.94,5840.00,2.96,0.00
55001.98,5840.00,3.04,0.00
55004.82,5840.00,2.84,0.00
55007.74,5840.00,2.92,0.00
55010.74,5840.00,3.00,0.00
55013.82,5840.00,3.08,0.00
55016.70,5840.00,2.88,0.00
55019.66,5840.00,2.96,0.00
55022.70,5840.00,3.04,0.00
55025.54,5840.00,2.84,0.00
55028.46,5840.00,2.92,0.00
55031.46,5840.00,3.00,0.00
55034.54,5840.00,3.08,0.00
55037.42,5840.00,2.88,0.00
55040.38,5840.00,2.96,0.00
55043.42,5840.00,3.04,0.00
55046.26,5840.00,2.84,0.00
55049.18,5840.00,2.92,0.00
55052.18,5840.00,3.00,0.00
55055.26,5840.00,3.08,0.00
55058.14,5840.00,2.88,0.00
55061.10,5840.00,2.96,0.00
55064.14,5840.00,3.04,0.00
55066.98,5840.00,2.84,0.00
55069.90,5840.00,2.92,0.00
55072.90,5840.00,3.00,0.00
55075.98,5840.00,3.08,0.00
55078.86,5840.00,2.88,0.00
55081.82,5840.00,2.96,0.00
55084.86,5840.00,3.04,0.00
55087.70,5840.00,2.84,0.00
55090.62,5840.00,2.92,0.00
55093.62,5840.00,3.00,0.00
55096.70,5840.00,3.08,0.00
55099.57,5840.00,2.88,0.00
55102.54,5840.00,2.96,0.00
55105.57,5840.00,3.04,0.00
55108.41,5840.00,2.84,0.00
55111.34,5835.39,2.92,-4.61
55114.34,5830.78,3.00,-4.61
55117.41,5826.17,3.08,-4.61
55120.39,5821.56,2.98,-4.61
55123.45,5816.95,3.06,-4.61
55126.41,5812.34,2.96,-4.61
55129.45,5807.73,3.04,-4.61
55132.39,5803.12,2.94,-4.61
55135.41,5798.51,3.02,-4.61
55138.34,5793.90,2.92,-4.61
55141.34,5789.29,3.00,-4.61
55144.41,5784.68,3.08,-4.61
55147.39,5780.07,2.98,-4.61
55150.45,5775.46,3.06,-4.61
55153.41,5770.85,2.96,-4.61
55156.45,5766.24,3.04,-4.61
55159.39,5762.03,2.94,-4.21
55162.41,5758.22,3.02,-3.81
55165.34,5754.81,2.92,-3.41
55168.34,5751.80,3.00,-3.01
55171.41,5749.19,3.08,-2.61
55174.39,5746.98,2.98,-2.21
55177.45,5745.17,3.06,-1.81
55180.41,5743.76,2.96,-1.41
55183.45,5742.75,3.04,-1.01
55186.39,5742.14,2.94,-0.61
55189.41,5741.93,3.02,-0.21
55192.34,5742.12,2.92,0.19
55195.34,5742.71,3.00,0.59
55198.41,5743.70,3.08,0.99
55201.39,5745.09,2.98,1.39
55204.45,5746.88,3.06,1.79
55207.41,5749.07,2.96,2.19
55210.45,5751.66,3.04,2.59
55213.39,5754.65,2.94,2.99
55216.41,5758.04,3.02,3.39
55219.34,5761.83,2.92,3.79
55222.34,5766.02,3.00,4.19
55225.41,5770.61,3.08,4.59
55228.39,5775.60,2.98,4.99
55231.45,5780.99,3.06,5.39
55234.41,5786.78,2.96,5.79
55237.45,5792.97,3.04,6.19
55240.39,5799.56,2.94,6.59
55243.41,5806.55,3.02,6.99
55246.34,5813.94,2.92,7.39
55249.34,5821.73,3.00,7.79
55252.41,5829.92,3.08,8.19
55255.39,5838.51,2.98,8.59
55258.45,5840.00,3.06,1.49
55261.41,5840.00,2.96,0.00
55264.45,5840.00,3.04,0.00
55267.29,5840.00,2.84,0.00
55270.21,5840.00,2.92,0.00
55273.21,5840.00,3.00,0.00
55276.29,5840.00,3.08,0.00
55279.17,5840.00,2.88,0.00
55282.13,5840.00,2.96,0.00
55285.17,5840.00,3.04,0.00
55288.01,5840.00,2.84,0.00
55290.93,5840.00,2.92,0.00
55293.93,5840.00,3.00,0.00
55297.01,5840.00,3.08,0.00
55299.89,5840.00,2.88,0.00
55302.85,5840.00,2.96,0.00
55305.89,5840.00,3.04,0.00
55308.73,5840.00,2.84,0.00
55311.65,5840.00,2.92,0.00
55314.65,5840.00,3.00,0.00
55317.73,5840.00,3.08,0.00
55320.61,5840.00,2.88,0.00
55323.57,5840.00,2.96,0.00
55326.61,5840.00,3.04,0.00
55329.45,5840.00,2.84,0.00
55332.37,5840.00,2.92,0.00
55335.37,5840.00,3.00,0.00
55338.45,5840.00,3.08,0.00
55341.33,5840.00,2.88,0.00
55344.29,5840.00,2.96,0.00
55347.33,5840.00,3.04,0.00
55350.17,5840.00,2.84,0.00
55353.09,5840.00,2.92,0.00
55356.09,5840.00,3.00,0.00
55359.17,5840.00,3.08,0.00
55362.05,5840.00,2.88,0.00
55365.01,5840.00,2.96,0.00
55368.05,5840.00,3.04,0.00
55370.89,5840.00,2.84,0.00
55373.81,5840.00,2.92,0.00
55376.81,5840.00,3.00,0.00
55379.89,5840.00,3.08,0.00
55382.77,5840.00,2.88,0.00
55385.73,5840.00,2.96,0.00
55388.77,5840.00,3.04,0.00
55391.61,5840.00,2.84,0.00
55394.53,5840.00,2.92,0.00
55397.53,5840.00,3.00,0.00
55400.61,5840.00,3.08,0.00
55403.48,5840.00,2.88,0.00
55406.45,5840.00,2.96,0.00
55409.48,5840.00,3.04,0.00
55412.32,5840.00,2.84,0.00
55415.25,5840.00,2.92,0.00
55418.25,5840.00,3.00,0.00
55421.32,5840.00,3.08,0.00
55424.20,5840.00,2.88,0.00
55427.16,5840.00,2.96,0.00
55430.20,5840.00,3.04,0.00
55433.04,5840.00,2.84,0.00
55435.96,5840.00,2.92,0.00
55438.96,5840.00,3.00,0.00
55442.04,5840.00,3.08,0.00
55444.92,5840.00,2.88,0.00
55447.88,5840.00,2.96,0.00
55450.92,5840.00,3.04,0.00
55453.76,5840.00,2.84,0.00
55456.68,5840.00,2.92,0.00
55459.68,5840.00,3.00,0.00
55462.76,5840.00,3.08,0.00
55465.64,5840.00,2.88,0.00
55468.60,5840.00,2.96,0.00
55471.64,5840.00,3.04,0.00
55474.48,5840.00,2.84,0.00
55477.40,5840.00,2.92,0.00
55480.40,5840.00,3.00,0.00
55483.48,5841.48,3.08,0.00
55486.36,5844.36,2.88,0.00
55489.32,5847.32,2.96,0.00
55492.36,5850.36,3.04,0.00
55495.20,5840.00,2.84,0.00
55498.12,5840.00,2.92,0.00
55501.12,5840.00,3.00,0.00
55504.20,5840.00,3.08,0.00
55507.08,5840.00,2.88,0.00
55510.04,5832.00,2.96,0.00
55513.08,5832.00,3.04,0.00
55515.92,5832.00,2.84,0.00
55518.84,5832.00,2.92,0.00
55521.84,5832.00,3.00,0.00
55524.92,5832.00,3.08,0.00
55527.80,5824.00,2.88,0.00
55530.76,5824.00,2.96,0.00
55533.80,5824.00,3.04,0.00
55536.64,5824.00,2.84,0.00
55539.56,5824.00,2.92,0.00
55542.56,5823.44,3.00,0.00
55545.64,5820.36,3.08,0.00
55548.52,5817.48,2.88,0.00
55551.48,5814.52,2.96,0.00
55554.24,5811.76,2.76,0.00
55556.80,5809.20,2.56,0.00
55559.16,5808.00,2.36,0.00
55561.32,5808.00,2.16,0.00
55563.28,5808.00,1.96,0.00
55565.04,5808.00,1.76,0.00
55566.60,5808.00,1.56,0.00
55567.96,5808.00,1.36,0.00
55569.12,5808.00,1.16,0.00
55570.08,5808.00,0.96,0.00
55570.84,5808.00,0.76,0.00
55571.40,5808.00,0.56,0.00
55571.76,5808.00,0.36,0.00
55571.92,5808.00,0.16,0.00
55571.92,5808.00,0.00,0.00
55572.00,5808.00,0.08,0.00
55572.16,5808.00,0.16,0.00
55572.39,5808.00,0.24,0.00
55572.71,5808.00,0.32,0.00
55573.11,5808.00,0.40,0.00
55573.59,5808.00,0.48,0.00
55574.15,5808.00,0.56,0.00
55574.79,5808.00,0.64,0.00
55575.51,5808.00,0.72,0.00
55576.31,5808.00,0.80,0.00
55577.19,5808.00,0.88,0.00
55578.15,5808.00,0.96,0.00
55579.19,5808.00,1.04,0.00
55580.31,5808.00,1.12,0.00
55581.51,5808.00,1.20,0.00
55582.79,5808.00,1.28,0.00
55584.15,5808.00,1.36,0.00
55585.59,5808.00,1.44,0.00
55587.11,5808.00,1.52,0.00
55588.71,5808.00,1.60,0.00
55590.39,5808.00,1.68,0.00
55592.16,5808.00,1.76,0.00
55594.00,5808.00,1.84,0.00
55595.92,5808.00,1.92,0.00
55597.92,5808.00,2.00,0.00
55600.00,5808.00,2.08,0.00
55602.16,5808.00,2.16,0.00
55604.39,5808.00,2.24,0.00
55606.71,5808.00,2.32,0.00
55609.11,5808.00,2.40,0.00
55611.59,5808.00,2.48,0.00
55614.15,5808.00,2.56,0.00
55616.79,5808.00,2.64,0.00
55619.51,5808.00,2.72,0.00
55622.31,5808.00,2.80,0.00
55625.19,5808.00,2.88,0.00
55628.15,5808.00,2.96,0.00
55631.19,5808.00,3.04,0.00
55634.03,5808.00,2.84,0.00
55636.95,5808.00,2.92,0.00
55639.95,5808.00,3.00,0.00
55643.03,5808.00,3.08,0.00
55645.91,5808.00,2.88,0.00
55648.87,5808.00,2.96,0.00
55651.91,5808.00,3.04,0.00
55654.75,5808.00,2.84,0.00
55657.67,5808.00,2.92,0.00
55660.67,5808.00,3.00,0.00
55663.75,5808.00,3.08,0.00
55666.63,5808.00,2.88,0.00
55669.59,5808.00,2.96,0.00
55672.63,5808.00,3.04,0.00
55675.47,5808.00,2.84,0.00
55678.39,5808.00,2.92,0.00
55681.39,5808.00,3.00,0.00
55684.47,5808.00,3.08,0.00
55687.35,5808.00,2.88,0.00
55690.31,5808.00,2.96,0.00
55693.35,5808.00,3.04,0.00
55688.85,5804.50,-4.50,-3.50
55684.63,5801.40,-4.22,-3.10
55680.51,5798.70,-4.12,-2.70
55676.49,5796.40,-4.02,-2.30
55672.57,5794.50,-3.92,-1.90
55668.75,5793.00,-3.82,-1.50
55665.03,5791.90,-3.72,-1.10
55661.41,5791.20,-3.62,-0.70
55657.89,5790.90,-3.52,-0.30
55654.46,5791.00,-3.42,0.10
55651.14,5791.50,-3.32,0.50
55647.93,5792.40,-3.22,0.90
55644.80,5793.70,-3.12,1.30
55641.79,5795.40,-3.02,1.70
55638.86,5797.50,-2.92,2.10
55636.04,5800.00,-2.82,2.50
55633.32,5802.90,-2.72,2.90
55630.70,5806.20,-2.62,3.30
55628.36,5808.00,-2.34,1.80
55626.30,5808.00,-2.06,0.00
55624.52,5808.00,-1.78,0.00
55623.02,5808.00,-1.50,0.00
55621.80,5808.00,-1.22,0.00
55620.86,5808.00,-0.94,0.00
55620.20,5808.00,-0.66,0.00
55619.82,5808.00,-0.38,0.00
55619.72,5808.00,-0.10,0.00
55619.70,5808.00,-0.02,0.00
55619.76,5808.00,0.06,0.00
55619.90,5808.00,0.14,0.00
55620.12,5808.00,0.22,0.00
55620.42,5808.00,0.30,0.00
55620.80,5808.00,0.38,0.00
55621.26,5808.00,0.46,0.00
55621.80,5808.00,0.54,0.00
55622.42,5808.00,0.62,0.00
55623.12,5808.00,0.70,0.00
55623.90,5808.00,0.78,0.00
55624.76,5808.00,0.86,0.00
55625.70,5808.00,0.94,0.00
55626.72,5808.00,1.02,0.00
55627.82,5808.00,1.10,0.00
55629.00,5808.00,1.18,0.00
55630.27,5808.00,1.26,0.00
55631.61,5808.00,1.34,0.00
55633.03,5808.00,1.42,0.00
55634.53,5808.00,1.50,0.00
55636.11,5808.00,1.58,0.00
55637.77,5808.00,1.66,0.00
55639.50,5808.00,1.74,0.00
55641.32,5808.00,1.82,0.00
55643.22,5808.00,1.90,0.00
55645.20,5808.00,1.98,0.00
55647.26,5808.00,2.06,0.00
55649.40,5808.00,2.14,0.00
55651.62,5808.00,2.22,0.00
55653.92,5808.00,2.30,0.00
55656.30,5808.00,2.38,0.00
55658.76,5808.00,2.46,0.00
55661.30,5808.00,2.54,0.00
55663.92,5808.00,2.62,0.00
55666.62,5808.00,2.70,0.00
55669.40,5808.00,2.78,0.00
55672.26,5808.00,2.86,0.00
55675.20,5808.00,2.94,0.00
55678.22,5808.00,3.02,0.00
55681.04,5808.00,2.82,0.00
55683.94,5808.00,2.90,0.00
55686.92,5808.00,2.98,0.00
55689.70,5808.00,2.78,0.00
55692.28,5808.00,2.58,0.00
55694.66,5808.00,2.38,0.00
55696.84,5808.00,2.18,0.00
55698.82,5808.00,1.98,0.00
55700.60,5808.00,1.78,0.00
55702.18,5808.00,1.58,0.00
55703.56,5808.00,1.38,0.00
55705.02,5808.00,1.46,0.00
55706.56,5808.00,1.54,0.00
55708.18,5808.00,1.62,0.00
55709.88,5808.00,1.70,0.00
55711.66,5808.00,1.78,0.00
55713.52,5808.00,1.86,0.00
55715.46,5808.00,1.94,0.00
55717.48,5808.00,2.02,0.00
55719.58,5808.00,2.10,0.00
55721.76,5808.00,2.18,0.00
55724.02,5808.00,2.26,0.00
55726.36,5808.00,2.34,0.00
55728.79,5808.00,2.42,0.00
55731.29,5808.00,2.50,0.00
55733.86,5808.00,2.58,0.00
55736.52,5808.00,2.66,0.00
55739.26,5808.00,2.74,0.00
55742.08,5808.00,2.82,0.00
55744.98,5808.00,2.90,0.00
55747.96,5808.00,2.98,0.00
55751.02,5808.00,3.06,0.00
55753.88,5808.00,2.86,0.00
55756.82,5808.00,2.94,0.00
55759.84,5808.00,3.02,0.00
55762.66,5808.00,2.82,0.00
55765.56,5808.00,2.90,0.00
55768.54,5808.00,2.98,0.00
55771.60,5808.00,3.06,0.00
55774.46,5808.00,2.86,0.00
55777.40,5808.00,2.94,0.00
55780.42,5808.00,3.02,0.00
55783.24,5808.00,2.82,0.00
55786.14,5808.00,2.90,0.00
55789.12,5808.00,2.98,0.00
55792.18,5808.00,3.06,0.00
55795.04,5808.00,2.86,0.00
55797.98,5808.00,2.94,0.00
55801.00,5808.00,3.02,0.00
55803.82,5808.00,2.82,0.00
55806.71,5808.00,2.90,0.00
55809.41,5808.00,2.70,0.00
55811.91,5808.00,2.50,0.00
55814.21,5808.00,2.30,0.00
55816.32,5808.00,2.10,0.00
55818.21,5808.00,1.90,0.00
55819.91,5808.00,1.70,0.00
55821.41,5808.00,1.50,0.00
55816.91,5804.50,-4.50,-3.50
55812.52,5801.40,-4.40,-3.10
55808.21,5798.70,-4.30,-2.70
55804.02,5796.40,-4.20,-2.30
55799.91,5794.50,-4.10,-1.90
55795.91,5793.00,-4.00,-1.50
55792.02,5791.90,-3.90,-1.10
55788.21,5791.20,-3.80,-0.70
55784.52,5790.90,-3.70,-0.30
55780.91,5791.00,-3.60,0.10
55777.41,5791.50,-3.50,0.50
55774.02,5792.40,-3.40,0.90
55770.71,5793.70,-3.30,1.30
55767.52,5795.40,-3.20,1.70
55764.41,5797.50,-3.10,2.10
55761.41,5800.00,-3.00,2.50
55758.52,5802.90,-2.90,2.90
55755.71,5806.20,-2.80,3.30
55753.02,5808.00,-2.70,1.80
55750.41,5808.00,-2.60,0.00
55748.02,5808.00,-2.40,0.00
55745.89,5808.00,-2.12,0.00
55744.05,5808.00,-1.84,0.00
55742.50,5808.00,-1.56,0.00
55741.21,5808.00,-1.28,0.00
55740.21,5808.00,-1.00,0.00
55739.50,5808.00,-0.72,0.00
55739.05,5808.00,-0.44,0.00
55738.89,5808.00,-0.16,0.00
55738.82,5808.00,-0.08,0.00
55738.82,5808.00,-0.00,0.00
55738.89,5808.00,0.08,0.00
55739.05,5808.00,0.16,0.00
55739.29,5808.00,0.24,0.00
55739.61,5808.00,0.32,0.00
55740.01,5808.00,0.40,0.00
55740.49,5808.00,0.48,0.00
55741.05,5808.00,0.56,0.00
55741.69,5808.00,0.64,0.00
55742.41,5808.00,0.72,0.00
55742.93,5808.00,0.52,0.00
55743.25,5808.00,0.32,0.00
55743.37,5808.00,0.12,0.00
55743.37,5808.00,0.00,0.00
55743.37,5808.00,0.00,0.00
55743.37,5808.00,0.00,0.00
55743.37,5808.00,0.00,0.00
55743.37,5808.00,0.00,0.00
55743.37,5808.00,0.00,0.00
55743.37,5808.00,0.00,0.00
55743.37,5808.00,0.00,0.00
55743.37,5808.00,0.00,0.00
55743.37,5808.00,0.00,0.00
55743.37,5808.00,0.00,0.00
55743.45,5808.00,0.08,0.00
55743.61,5808.00,0.16,0.00
55743.85,5808.00,0.24,0.00
55744.17,5808.00,0.32,0.00
55744.57,5808.00,0.40,0.00
55745.05,5808.00,0.48,0.00
55745.61,5808.00,0.56,0.00
55746.25,5808.00,0.64,0.00
55746.96,5808.00,0.72,0.00
55747.77,5808.00,0.80,0.00
55748.64,5808.00,0.88,0.00
55749.61,5808.00,0.96,0.00
55750.64,5808.00,1.04,0.00
55751.77,5808.00,1.12,0.00
55752.96,5808.00,1.20,0.00
55754.25,5808.00,1.28,0.00
55755.61,5808.00,1.36,0.00
55757.05,5808.00,1.44,0.00
55758.57,5808.00,1.52,0.00
55760.17,5808.00,1.60,0.00
55761.85,5808.00,1.68,0.00
55763.61,5808.00,1.76,0.00
55765.45,5808.00,1.84,0.00
55767.37,5808.00,1.92,0.00
55769.37,5808.00,2.00,0.00
55771.45,5808.40,2.08,0.40
55773.61,5809.20,2.16,0.80
55775.85,5810.40,2.24,1.20
55778.17,5812.00,2.32,1.60
55780.57,5814.00,2.40,2.00
55783.05,5816.40,2.48,2.40
55785.61,5819.20,2.56,2.80
55788.25,5822.40,2.64,3.20
55790.96,5826.00,2.72,3.60
55793.77,5830.00,2.80,4.00
55796.64,5834.40,2.88,4.40
55798.00,5839.20,1.36,4.80
55798.00,5844.40,0.00,5.20
55798.00,5850.00,0.00,5.60
55798.00,5856.00,0.00,6.00
55798.00,5862.40,0.00,6.40
55798.00,5869.20,0.00,6.80
55798.00,5876.40,0.00,7.20
55798.00,5884.00,0.00,7.60
55798.00,5892.00,0.00,8.00
55798.00,5900.40,0.00,8.40
55798.00,5909.20,0.00,8.80
55798.00,5918.40,0.00,9.20
55798.00,5928.00,0.00,9.60
55798.00,5938.00,0.00,10.00
55798.00,5948.01,0.00,10.01
55798.00,5958.02,0.00,10.01
55798.00,5968.03,0.00,10.01
55798.00,5978.04,0.00,10.01
55798.00,5988.05,0.00,10.01
55798.00,5998.06,0.00,10.01
55798.00,6008.07,0.00,10.01
55798.00,6018.08,0.00,10.01
55798.00,6028.09,0.00,10.01
55798.00,6038.10,0.00,10.01
55798.00,6048.11,0.00,10.01
55798.00,6058.12,0.00,10.01
55798.00,6068.13,0.00,10.01
55798.00,6078.14,0.00,10.01
55798.00,6088.15,0.00,10.01
55798.00,6098.16,0.00,10.01
55798.00,6108.17,0.00,10.01
55798.00,6118.18,0.00,10.01
55798.00,6128.19,0.00,10.01
55798.00,6138.20,0.00,10.01
55798.00,6148.21,0.00,10.01
55798.00,6158.22,0.00,10.01
55798.00,6168.23,0.00,10.01
55798.00,6178.23,0.00,10.01
55798.00,6188.24,0.00,10.01
55798.08,6192.00,0.08,3.76
55798.24,6192.00,0.16,0.00
55798.48,6192.00,0.24,0.00
55798.80,6192.00,0.32,0.00
55799.20,6187.39,0.40,-4.61
55799.68,6182.78,0.48,-4.61
55800.23,6178.17,0.56,-4.61
55800.88,6173.56,0.64,-4.61
55801.59,6168.95,0.72,-4.61
55802.39,6164.34,0.80,-4.61
55803.27,6160.13,0.88,-4.21
55804.23,6156.32,0.96,-3.81
55805.27,6152.91,1.04,-3.41
55806.39,6149.90,1.12,-3.01
55807.59,6147.29,1.20,-2.61
55808.88,6145.08,1.28,-2.21
55810.23,6143.27,1.36,-1.81
55811.68,6141.86,1.44,-1.41
55813.20,6140.85,1.52,-1.01
55814.00,6140.24,0.80,-0.61
55814.00,6140.03,0.00,-0.21
55814.00,6140.22,0.00,0.19
55814.00,6140.81,0.00,0.59
55814.00,6141.80,0.00,0.99
55814.00,6143.19,0.00,1.39
55814.00,6144.98,0.00,1.79
55814.00,6147.17,0.00,2.19
55814.00,6149.76,0.00,2.59
55814.00,6152.75,0.00,2.99
55814.00,6156.14,0.00,3.39
55814.00,6159.93,0.00,3.79
55814.00,6164.12,0.00,4.19
55813.92,6168.71,-0.08,4.59
55813.76,6173.70,-0.16,4.99
55813.52,6179.09,-0.24,5.39
55813.20,6184.88,-0.32,5.79
55812.80,6191.07,-0.40,6.19
55812.32,6192.00,-0.48,0.93
55811.77,6192.00,-0.56,0.00
55811.12,6192.00,-0.64,0.00
55810.41,6192.00,-0.72,0.00
55809.61,6192.00,-0.80,0.00
55808.73,6192.00,-0.88,0.00
55807.77,6192.00,-0.96,0.00
55806.73,6192.00,-1.04,0.00
55805.61,6192.00,-1.12,0.00
55804.41,6192.00,-1.20,0.00
55803.12,6192.00,-1.28,0.00
55801.77,6192.00,-1.36,0.00
55800.32,6192.00,-1.44,0.00
55798.80,6192.00,-1.52,0.00
55797.57,6192.40,-1.24,0.40
55796.61,6193.20,-0.96,0.80
55795.93,6194.40,-0.68,1.20
55795.53,6196.00,-0.40,1.60
55795.41,6198.00,-0.12,2.00
55795.37,6200.40,-0.04,2.40
55795.41,6203.20,0.04,2.80
55795.53,6206.40,0.12,3.20
55795.73,6210.00,0.20,3.60
55796.01,6214.00,0.28,4.00
55796.01,6218.40,-0.00,4.40
55795.93,6223.20,-0.08,4.80
55795.77,6228.40,-0.16,5.20
55795.53,6234.00,-0.24,5.60
55795.21,6240.00,-0.32,6.00
55794.81,6246.40,-0.40,6.40
55794.33,6253.20,-0.48,6.80
55793.77,6260.40,-0.56,7.20
55793.13,6268.00,-0.64,7.60
55792.41,6276.00,-0.72,8.00
55791.61,6284.40,-0.80,8.40
55790.73,6288.00,-0.88,3.60
55789.77,6288.00,-0.96,0.00
55788.73,6288.00,-1.04,0.00
55787.89,6288.00,-0.84,0.00
55787.34,6288.00,-0.56,0.00
55787.05,6288.00,-0.28,0.00
55787.05,6288.00,-0.00,0.00
55787.13,6288.00,0.08,0.00
55787.29,6288.00,0.16,0.00
55787.53,6288.00,0.24,0.00
55787.85,6288.00,0.32,0.00
55787.97,6288.00,0.12,0.00
55788.01,6288.00,0.04,0.00
55787.97,6288.00,-0.04,0.00
55787.85,6288.00,-0.12,0.00
55787.65,6288.00,-0.20,0.00
55787.37,6288.00,-0.28,0.00
55787.01,6288.00,-0.36,0.00
55786.57,6288.00,-0.44,0.00
55786.05,6288.00,-0.52,0.00
55785.45,6288.00,-0.60,0.00
55784.77,6288.00,-0.68,0.00
55784.01,6288.00,-0.76,0.00
55783.17,6288.00,-0.84,0.00
55782.25,6288.00,-0.92,0.00
55781.25,6288.40,-1.00,0.40
55780.17,6289.20,-1.08,0.80
55779.01,6290.40,-1.16,1.20
55777.77,6292.00,-1.24,1.60
55776.45,6294.00,-1.32,2.00
55775.05,6296.40,-1.40,2.40
55773.57,6299.20,-1.48,2.80
55772.01,6302.40,-1.56,3.20
55770.37,6306.00,-1.64,3.60
55770.00,6310.00,-0.37,4.00
55770.00,6314.40,0.00,4.40
55770.00,6319.20,0.00,4.80
55770.00,6324.40,0.00,5.20
55769.92,6330.00,-0.08,5.60
55769.76,6336.00,-0.16,6.00
55769.52,6342.40,-0.24,6.40
55769.20,6349.20,-0.32,6.80
55768.98,6356.40,-0.22,7.20
55769.04,6364.00,0.06,7.60
55769.18,6372.00,0.14,8.00
55769.40,6380.40,0.22,8.40
55769.70,6384.00,0.30,3.60
55770.08,6384.00,0.38,0.00
55770.54,6384.00,0.46,0.00
55771.08,6384.00,0.54,0.00
55771.42,6384.00,0.34,0.00
55771.56,6384.00,0.14,0.00
55771.56,6384.00,0.00,0.00
55771.48,6384.00,-0.08,0.00
55771.32,6384.00,-0.16,0.00
55771.09,6384.00,-0.24,0.00
55770.77,6384.00,-0.32,0.00
55770.37,6384.00,-0.40,0.00
55769.89,6384.00,-0.48,0.00
55769.33,6384.00,-0.56,0.00
55768.69,6384.00,-0.64,0.00
55767.97,6384.00,-0.72,0.00
55767.17,6384.00,-0.80,0.00
55766.29,6384.00,-0.88,0.00
55765.33,6384.40,-0.96,0.40
55764.29,6385.20,-1.04,0.80
55763.17,6386.40,-1.12,1.20
55761.97,6388.00,-1.20,1.60
55760.69,6390.00,-1.28,2.00
55759.33,6392.40,-1.36,2.40
55757.89,6395.20,-1.44,2.80
55756.37,6398.40,-1.52,3.20
55754.77,6402.00,-1.60,3.60
55754.00,6406.00,-0.77,4.00
55754.00,6410.40,0.00,4.40
55754.00,6415.20,0.00,4.80
55754.00,6420.40,0.00,5.20
55753.92,6426.00,-0.08,5.60
55753.76,6432.00,-0.16,6.00
55753.52,6438.40,-0.24,6.40
55753.20,6445.20,-0.32,6.80
55752.80,6452.40,-0.40,7.20
55752.32,6460.00,-0.48,7.60
55751.77,6468.00,-0.56,8.00
55751.12,6476.40,-0.64,8.40
55750.41,6480.00,-0.72,3.60
55749.61,6484.00,-0.80,4.00
55748.73,6488.40,-0.88,4.40
55747.77,6493.20,-0.96,4.80
55746.73,6498.40,-1.04,5.20
55745.61,6504.00,-1.12,5.60
55744.41,6510.00,-1.20,6.00
55743.12,6516.40,-1.28,6.40
55741.77,6523.20,-1.36,6.80
55740.32,6530.40,-1.44,7.20
55738.80,6538.00,-1.52,7.60
55737.20,6546.00,-1.60,8.00
55735.52,6554.40,-1.68,8.40
55733.76,6563.20,-1.76,8.80
55731.92,6572.40,-1.84,9.20
55730.00,6576.00,-1.92,3.60
55728.18,6576.00,-1.82,0.00
55726.56,6576.40,-1.62,0.40
55725.04,6577.20,-1.52,0.80
55723.62,6578.40,-1.42,1.20
55722.30,6580.00,-1.32,1.60
55722.00,6582.00,-0.30,2.00
55722.00,6584.40,0.00,2.40
55722.00,6587.20,0.00,2.80
55722.00,6590.40,0.00,3.20
55722.00,6594.00,0.00,3.60
55722.00,6598.00,0.00,4.00
55722.00,6602.40,0.00,4.40
55722.00,6607.20,0.00,4.80
55722.08,6612.40,0.08,5.20
55722.24,6618.00,0.16,5.60
55722.48,6624.00,0.24,6.00
55722.80,6630.40,0.32,6.40
55723.20,6637.20,0.40,6.80
55723.68,6644.40,0.48,7.20
55724.23,6652.00,0.56,7.60
55724.88,6660.00,0.64,8.00
55725.59,6668.40,0.72,8.40
55726.39,6672.00,0.80,3.60
55727.27,6672.00,0.88,0.00
55728.23,6672.00,0.96,0.00
55729.27,6672.00,1.04,0.00
55730.39,6672.00,1.12,0.00
55731.59,6672.00,1.20,0.00
55732.88,6672.00,1.28,0.00
55734.23,6672.00,1.36,0.00
55735.68,6672.00,1.44,0.00
55737.20,6672.00,1.52,0.00
55738.80,6672.40,1.60,0.40
55740.48,6673.20,1.68,0.80
55742.24,6674.40,1.76,1.20
55744.08,6676.00,1.84,1.60
55746.00,6678.00,1.92,2.00
55748.00,6680.40,2.00,2.40
55750.00,6683.20,2.00,2.80
55750.00,6686.40,0.00,3.20
55750.00,6690.00,0.00,3.60
55750.00,6694.00,0.00,4.00
55750.00,6698.40,0.00,4.40
55750.00,6703.20,0.00,4.80
55750.00,6708.40,0.00,5.20
55750.08,6714.00,0.08,5.60
55750.24,6720.00,0.16,6.00
55750.48,6726.40,0.24,6.40
55750.80,6733.20,0.32,6.80
55751.20,6740.40,0.40,7.20
55751.68,6748.00,0.48,7.60
55752.23,6756.00,0.56,8.00
55752.88,6764.40,0.64,8.40
55753.59,6768.00,0.72,3.60
55754.39,6768.00,0.80,0.00
55755.27,6768.40,0.88,0.40
55756.23,6769.20,0.96,0.80
55757.27,6770.40,1.04,1.20
55758.39,6772.00,1.12,1.60
55759.59,6774.00,1.20,2.00
55760.88,6776.40,1.28,2.40
55762.23,6779.20,1.36,2.80
55763.68,6782.40,1.44,3.20
55765.20,6786.00,1.52,3.60
55766.00,6790.00,0.80,4.00
55766.00,6794.40,0.00,4.40
55766.00,6799.20,0.00,4.80
55766.00,6804.40,0.00,5.20
55766.00,6810.00,0.00,5.60
55766.00,6816.00,0.00,6.00
55766.00,6822.40,0.00,6.40
55766.00,6829.20,0.00,6.80
55766.00,6836.40,0.00,7.20
55766.00,6844.00,0.00,7.60
55766.00,6852.00,0.00,8.00
55766.00,6860.40,0.00,8.40
55766.00,6869.20,0.00,8.80
55766.00,6878.40,0.00,9.20
55766.00,6888.00,0.00,9.60
55766.00,6898.00,0.00,10.00
55766.00,6908.01,0.00,10.01
55766.00,6918.02,0.00,10.01
55766.00,6928.03,0.00,10.01
55766.00,6938.04,0.00,10.01
55766.08,6948.05,0.08,10.01
55766.24,6958.06,0.16,10.01
55766.48,6960.00,0.24,1.94
55766.80,6960.00,0.32,0.00
55767.20,6960.40,0.40,0.40
55767.68,6961.20,0.48,0.80
55768.23,6962.40,0.56,1.20
55768.88,6964.00,0.64,1.60
55769.59,6966.00,0.72,2.00
55770.21,6968.40,0.62,2.40
55770.73,6971.20,0.52,2.80
55771.16,6974.40,0.42,3.20
55771.48,6978.00,0.32,3.60
55771.70,6982.00,0.22,4.00
55771.82,6986.40,0.12,4.40
55771.84,6991.20,0.02,4.80
55771.84,6996.40,0.00,5.20
55771.84,7002.00,0.00,5.60
55771.84,7008.00,0.00,6.00
55771.84,7014.40,0.00,6.40
55771.84,7021.20,0.00,6.80
55771.84,7028.40,0.00,7.20
55771.84,7036.00,0.00,7.60
55771.84,7044.00,0.00,8.00
55771.84,7052.40,0.00,8.40
55771.84,7056.00,0.00,3.60
55771.84,7056.00,0.00,0.00
55771.84,7056.00,0.00,0.00
55771.84,7056.00,0.00,0.00
55771.84,7056.00,0.00,0.00
55771.84,7056.00,0.00,0.00
55771.84,7056.00,0.00,0.00
55771.84,7056.00,0.00,0.00
55771.84,7056.00,0.00,0.00
55771.84,7056.00,0.00,0.00
55771.84,7056.00,0.00,0.00
55771.84,7056.00,0.00,0.00
55771.84,7056.00,0.00,0.00
55771.84,7056.00,0.00,0.00
55771.84,7056.00,0.00,0.00
55771.84,7056.00,0.00,0.00
55771.84,7056.00,0.00,0.00
55771.84,7056.00,0.00,0.00
55771.84,7056.00,0.00,0.00
55771.84,7056.00,0.00,0.00
55771.84,7056.00,0.00,0.00
55771.84,7056.00,0.00,0.00
55771.84,7056.00,0.00,0.00
55771.84,7056.00,0.00,0.00
55771.84,7056.00,0.00,0.00
55771.84,7056.00,0.00,0.00
55771.84,7056.00,0.00,0.00
55771.84,7056.00,0.00,0.00
55771.84,7056.00,0.00,0.00
55771.84,7056.00,0.00,0.00
55771.84,7056.00,0.00,0.00
55771.84,7056.00,0.00,0.00
55771.84,7056.00,0.00,0.00
55771.84,7056.00,0.00,0.00
55771.84,7056.40,0.00,0.40
55771.84,7057.20,0.00,0.80
55771.84,7058.40,0.00,1.20
55771.84,7060.00,0.00,1.60
55771.84,7062.00,0.00,2.00
55771.84,7064.40,0.00,2.40
55771.84,7067.20,0.00,2.80
55771.84,7070.40,0.00,3.20
55771.84,7074.00,0.00,3.60
55771.84,7078.00,0.00,4.00
55771.84,7082.40,0.00,4.40
55771.84,7087.20,0.00,4.80
55771.84,7092.40,0.00,5.20
55771.84,7098.00,0.00,5.60
55771.84,7104.00,0.00,6.00
55771.84,7110.40,0.00,6.40
55771.84,7117.20,0.00,6.80
55771.84,7124.40,0.00,7.20
55771.84,7132.00,0.00,7.60
55771.84,7140.00,0.00,8.00
55771.84,7148.40,0.00,8.40
55771.84,7152.00,0.00,3.60
55771.84,7152.00,0.00,0.00
55771.84,7152.40,0.00,0.40
55771.84,7153.20,0.00,0.80
55771.84,7154.40,0.00,1.20
55771.84,7156.00,0.00,1.60
55771.84,7158.00,0.00,2.00
55771.84,7160.40,0.00,2.40
55771.84,7163.20,0.00,2.80
55771.84,7166.40,0.00,3.20
55771.84,7170.00,0.00,3.60
55771.84,7174.00,0.00,4.00
55771.84,7178.40,0.00,4.40
55771.84,7183.20,0.00,4.80
55771.84,7188.40,0.00,5.20
55771.84,7194.00,0.00,5.60
55771.84,7200.00,0.00,6.00
55771.84,7206.40,0.00,6.40
55771.84,7213.20,0.00,6.80
55771.84,7220.40,0.00,7.20
55771.84,7228.00,0.00,7.60
55771.84,7236.00,0.00,8.00
55771.84,7244.40,0.00,8.40
55771.84,7248.00,0.00,3.60
55771.84,7248.00,0.00,0.00
55771.84,7248.40,0.00,0.40
55771.84,7249.20,0.00,0.80
55771.84,7250.40,0.00,1.20
55771.84,7252.00,0.00,1.60
55771.84,7254.00,0.00,2.00
55771.84,7256.40,0.00,2.40
55771.84,7259.20,0.00,2.80
55771.84,7262.40,0.00,3.20
55771.84,7266.00,0.00,3.60
55771.84,7270.00,0.00,4.00
55771.76,7274.40,-0.08,4.40
55771.60,7279.20,-0.16,4.80
55771.36,7284.40,-0.24,5.20
55771.04,7290.00,-0.32,5.60
55770.64,7296.00,-0.40,6.00
55770.16,7302.40,-0.48,6.40
55769.60,7309.20,-0.56,6.80
55768.96,7316.40,-0.64,7.20
55768.24,7324.00,-0.72,7.60
55767.44,7332.00,-0.80,8.00
55766.56,7340.40,-0.88,8.40
55765.60,7349.20,-0.96,8.80
55764.56,7358.40,-1.04,9.20
55763.44,7368.00,-1.12,9.60
55762.24,7378.00,-1.20,10.00
55760.96,7388.01,-1.28,10.01
55759.60,7398.02,-1.36,10.01
55758.16,7408.00,-1.44,9.98
55756.64,7408.00,-1.52,0.00
55755.32,7408.40,-1.32,0.40
55754.10,7409.20,-1.22,0.80
55752.98,7410.40,-1.12,1.20
55751.96,7412.00,-1.02,1.60
55751.04,7414.00,-0.92,2.00
55750.22,7416.40,-0.82,2.40
55749.50,7419.20,-0.72,2.80
55748.88,7422.40,-0.62,3.20
55748.36,7426.00,-0.52,3.60
55747.94,7430.00,-0.42,4.00
55747.62,7434.40,-0.32,4.40
55747.40,7439.20,-0.22,4.80
55747.28,7444.40,-0.12,5.20
55747.26,7450.00,-0.02,5.60
55747.26,7456.00,0.00,6.00
55747.26,7462.40,0.00,6.40
55747.26,7469.20,0.00,6.80
55747.26,7476.40,0.00,7.20
55747.26,7484.00,0.00,7.60
55747.26,7492.00,0.00,8.00
55747.26,7500.40,0.00,8.40
55747.26,7509.20,0.00,8.80
55747.26,7518.40,0.00,9.20
55747.34,7528.00,0.08,9.60
55747.50,7538.00,0.16,10.00
55747.73,7548.01,0.24,10.01
55748.05,7558.02,0.32,10.01
55748.45,7568.03,0.40,10.01
55748.93,7578.04,0.48,10.01
55749.49,7588.05,0.56,10.01
55750.13,7598.06,0.64,10.01
55750.85,7600.00,0.72,1.94
55751.65,7600.00,0.80,0.00
55752.53,7600.00,0.88,0.00
55753.49,7600.00,0.96,0.00
55754.53,7616.40,1.04,0.40
55755.65,7617.20,1.12,0.80
55756.85,7618.40,1.20,1.20
55758.13,7620.00,1.28,1.60
55759.49,7621.49,1.36,0.00
55760.93,7622.93,1.44,0.00
55762.45,7624.45,1.52,0.00
55764.05,7626.06,1.60,0.00
55765.73,7627.73,1.68,0.00
55767.50,7629.50,1.76,0.00
55769.34,7631.34,1.84,0.00
55771.26,7633.26,1.92,0.00
55773.26,7635.26,2.00,0.00
55775.34,7637.34,2.08,0.00
55777.50,7639.50,2.16,0.00
55779.73,7641.73,2.24,0.00
55782.05,7644.06,2.32,0.00
55784.45,7646.45,2.40,0.00
55786.93,7648.93,2.48,0.00
55789.49,7651.49,2.56,0.00
55792.13,7654.13,2.64,0.00
55794.85,7656.85,2.72,0.00
55797.65,7659.65,2.80,0.00
55800.53,7662.53,2.88,0.00
55803.49,7662.93,2.96,0.40
55806.53,7663.73,3.04,0.80
55809.47,7664.93,2.94,1.20
55812.49,7666.53,3.02,1.60
55815.41,7668.53,2.92,2.00
55818.41,7670.93,3.00,2.40
55821.49,7673.73,3.08,2.80
55824.47,7676.93,2.98,3.20
55827.53,7680.53,3.06,3.60
55830.49,7675.92,2.96,-4.61
55833.53,7671.31,3.04,-4.61
55836.47,7666.70,2.94,-4.61
55839.49,7662.09,3.02,-4.61
55842.41,7657.48,2.92,-4.61
55845.41,7652.87,3.00,-4.61
55848.49,7648.26,3.08,-4.61
55851.47,7643.65,2.98,-4.61
55854.53,7639.04,3.06,-4.61
55857.49,7634.43,2.96,-4.61
55860.53,7629.82,3.04,-4.61
55863.47,7625.21,2.94,-4.61
55866.49,7621.00,3.02,-4.21
55869.41,7617.19,2.92,-3.81
55872.41,7613.78,3.00,-3.41
55875.49,7610.77,3.08,-3.01
55878.47,7608.16,2.98,-2.61
55881.53,7605.95,3.06,-2.21
55884.49,7604.14,2.96,-1.81
55887.53,7602.73,3.04,-1.41
55890.47,7601.72,2.94,-1.01
55893.49,7601.11,3.02,-0.61
55896.41,7600.90,2.92,-0.21
55899.41,7601.09,3.00,0.19
55902.49,7601.68,3.08,0.59
55905.47,7602.67,2.98,0.99
55908.53,7604.06,3.06,1.39
55911.49,7605.85,2.96,1.79
55914.53,7608.04,3.04,2.19
55917.47,7610.63,2.94,2.59
55920.49,7613.62,3.02,2.99
55923.41,7617.01,2.92,3.39
55926.41,7620.80,3.00,3.79
55929.49,7624.99,3.08,4.19
55932.47,7629.58,2.98,4.59
55935.53,7634.57,3.06,4.99
55938.49,7639.96,2.96,5.39
55941.53,7645.75,3.04,5.79
55944.47,7651.94,2.94,6.19
55947.49,7658.53,3.02,6.59
55950.41,7664.00,2.92,5.47
55953.41,7664.00,3.00,0.00
55956.49,7664.00,3.08,0.00
55959.37,7656.00,2.88,0.00
55962.33,7656.00,2.96,0.00
55965.37,7656.00,3.04,0.00
55968.21,7656.00,2.84,0.00
55971.13,7656.00,2.92,0.00
55974.13,7656.00,3.00,0.00
55977.21,7656.00,3.08,0.00
55980.09,7656.00,2.88,0.00
55983.05,7656.00,2.96,0.00
55986.09,7656.00,3.04,0.00
55988.93,7656.00,2.84,0.00
55991.85,7656.00,2.92,0.00
55994.85,7664.00,3.00,0.00
55997.93,7664.00,3.08,0.00
56000.81,7664.00,2.88,0.00
56003.77,7664.00,2.96,0.00
56006.81,7663.19,3.04,0.00
56009.65,7660.35,2.84,0.00
56012.57,7657.43,2.92,0.00
56015.57,7654.43,3.00,0.00
56018.65,7651.35,3.08,0.00
56021.53,7648.47,2.88,0.00
56024.49,7648.00,2.96,0.00
56027.53,7648.00,3.04,0.00
56030.37,7648.00,2.84,0.00
56033.29,7648.00,2.92,0.00
56036.29,7648.00,3.00,0.00
56039.37,7632.00,3.08,0.00
56042.25,7632.00,2.88,0.00
56045.21,7632.00,2.96,0.00
56048.25,7632.00,3.04,0.00
56051.09,7632.00,2.84,0.00
56054.01,7632.00,2.92,0.00
56057.01,7632.00,3.00,0.00
56060.09,7632.00,3.08,0.00
56062.96,7632.00,2.88,0.00
56065.93,7632.00,2.96,0.00
56068.96,7632.00,3.04,0.00
56071.80,7632.00,2.84,0.00
56074.73,7632.00,2.92,0.00
56077.73,7632.00,3.00,0.00
56080.80,7632.00,3.08,0.00
56083.68,7632.00,2.88,0.00
56086.64,7632.00,2.96,0.00
56089.68,7632.00,3.04,0.00
56092.52,7648.00,2.84,0.00
56095.45,7648.00,2.92,0.00
56098.45,7648.00,3.00,0.00
56101.52,7648.00,3.08,0.00
56104.40,7648.00,2.88,0.00
56107.36,7648.40,2.96,0.40
56110.40,7649.20,3.04,0.80
56113.34,7650.40,2.94,1.20
56116.36,7652.00,3.02,1.60
56119.29,7654.00,2.92,2.00
56122.29,7656.40,3.00,2.40
56125.36,7659.20,3.08,2.80
56128.34,7662.40,2.98,3.20
56131.40,7666.00,3.06,3.60
56134.36,7670.00,2.96,4.00
56137.40,7674.40,3.04,4.40
56140.34,7679.20,2.94,4.80
56143.36,7684.40,3.02,5.20
56146.29,7690.00,2.92,5.60
56149.29,7696.00,3.00,6.00
56152.36,7702.40,3.08,6.40
56155.34,7709.20,2.98,6.80
56158.40,7716.40,3.06,7.20
56161.36,7724.00,2.96,7.60
56164.40,7732.00,3.04,8.00
56167.34,7740.40,2.94,8.40
56170.36,7749.20,3.02,8.80
56173.29,7758.40,2.92,9.20
56176.29,7768.00,3.00,9.60
56179.36,7778.00,3.08,10.00
56182.34,7773.39,2.98,-4.61
56185.40,7768.78,3.06,-4.61
56188.36,7764.17,2.96,-4.61
56191.40,7759.56,3.04,-4.61
56194.34,7754.95,2.94,-4.61
56197.36,7750.34,3.02,-4.61
56200.29,7745.73,2.92,-4.61
56203.29,7741.12,3.00,-4.61
56206.36,7736.51,3.08,-4.61
56209.34,7731.90,2.98,-4.61
56212.40,7727.29,3.06,-4.61
56215.36,7723.08,2.96,-4.21
56218.40,7719.27,3.04,-3.81
56221.34,7715.86,2.94,-3.41
56224.36,7712.85,3.02,-3.01
56227.29,7710.24,2.92,-2.61
56230.29,7708.03,3.00,-2.21
56233.36,7706.22,3.08,-1.81
56236.34,7704.81,2.98,-1.41
56239.40,7703.80,3.06,-1.01
56242.36,7703.19,2.96,-0.61
56245.22,7702.98,2.86,-0.21
56247.80,7703.17,2.58,0.19
56250.10,7703.76,2.30,0.59
56252.12,7704.75,2.02,0.99
56253.86,7706.14,1.74,1.39
56255.32,7707.93,1.46,1.79
56256.50,7710.12,1.18,2.19
56257.40,7712.71,0.90,2.59
56258.02,7715.70,0.62,2.99
56258.36,7719.09,0.34,3.39
56258.42,7722.88,0.06,3.79
56258.40,7727.07,-0.02,4.19
56258.30,7731.66,-0.10,4.59
56258.12,7736.65,-0.18,4.99
56257.86,7742.04,-0.26,5.39
56257.52,7747.83,-0.34,5.79
56257.09,7754.02,-0.42,6.19
56256.59,7760.61,-0.50,6.59
56256.02,7767.60,-0.58,6.99
56255.36,7774.99,-0.66,7.39
56254.62,7782.78,-0.74,7.79
56253.80,7790.97,-0.82,8.19
56252.90,7799.56,-0.90,8.59
56251.92,7808.00,-0.98,8.44
56250.86,7808.00,-1.06,0.00
56249.72,7808.00,-1.14,0.00
56248.50,7808.00,-1.22,0.00
56247.20,7808.00,-1.30,0.00
56245.82,7808.00,-1.38,0.00
56244.36,7808.00,-1.46,0.00
56242.82,7808.00,-1.54,0.00
56241.20,7808.00,-1.62,0.00
56239.50,7808.00,-1.70,0.00
56237.72,7808.00,-1.78,0.00
56235.86,7808.00,-1.86,0.00
56233.92,7808.00,-1.94,0.00
56231.90,7808.00,-2.02,0.00
56229.80,7808.00,-2.10,0.00
56227.62,7808.00,-2.18,0.00
56225.36,7808.00,-2.26,0.00
56223.30,7808.00,-2.06,0.00
56221.44,7808.00,-1.86,0.00
56219.78,7808.00,-1.66,0.00
56218.40,7808.00,-1.38,0.00
56217.30,7808.00,-1.10,0.00
56216.48,7808.00,-0.82,0.00
56215.94,7803.39,-0.54,-4.61
56215.68,7798.78,-0.26,-4.61
56215.70,7794.17,0.02,-4.61
56215.80,7789.56,0.10,-4.61
56215.98,7784.95,0.18,-4.61
56216.24,7780.34,0.26,-4.61
56216.58,7775.73,0.34,-4.61
56217.00,7771.12,0.42,-4.61
56217.50,7766.51,0.50,-4.61
56218.08,7761.90,0.58,-4.61
56218.74,7757.29,0.66,-4.61
56219.48,7752.68,0.74,-4.61
56220.30,7748.07,0.82,-4.61
56221.20,7743.86,0.90,-4.21
56222.18,7740.05,0.98,-3.81
56223.23,7736.64,1.06,-3.41
56224.38,7733.63,1.14,-3.01
56225.59,7731.02,1.22,-2.61
56226.89,7728.81,1.30,-2.21
56228.27,7727.00,1.38,-1.81
56229.73,7725.59,1.46,-1.41
56231.27,7724.58,1.54,-1.01
56232.89,7723.97,1.62,-0.61
56234.59,7723.76,1.70,-0.21
56236.38,7723.95,1.78,0.19
56238.23,7724.54,1.86,0.59
56240.18,7725.53,1.94,0.99
56242.20,7726.92,2.02,1.39
56244.30,7728.71,2.10,1.79
56246.48,7730.90,2.18,2.19
56248.74,7733.49,2.26,2.59
56251.08,7736.48,2.34,2.99
56253.50,7739.87,2.42,3.39
56256.00,7743.66,2.50,3.79
56258.58,7747.85,2.58,4.19
56261.24,7752.44,2.66,4.59
56263.98,7757.43,2.74,4.99
56266.80,7762.82,2.82,5.39
56269.70,7768.61,2.90,5.79
56272.68,7774.80,2.98,6.19
56275.73,7770.19,3.06,-4.61
56278.70,7765.58,2.96,-4.61
56281.73,7760.97,3.04,-4.61
56284.68,7756.36,2.94,-4.61
56287.70,7751.75,3.02,-4.61
56290.62,7747.14,2.92,-4.61
56293.62,7742.53,3.00,-4.61
56296.70,7737.92,3.08,-4.61
56299.68,7733.31,2.98,-4.61
56302.73,7728.70,3.06,-4.61
56305.70,7724.09,2.96,-4.61
56308.73,7719.48,3.04,-4.61
56311.68,7715.27,2.94,-4.21
56314.70,7711.46,3.02,-3.81
56317.62,7708.05,2.92,-3.41
56320.62,7705.04,3.00,-3.01
56323.70,7702.44,3.08,-2.61
56326.68,7700.23,2.98,-2.21
56329.73,7698.42,3.06,-1.81
56332.70,7697.00,2.96,-1.41
56335.73,7696.00,3.04,-1.01
56338.68,7695.39,2.94,-0.61
56341.70,7695.18,3.02,-0.21
56344.43,7695.37,2.74,0.19
56346.89,7695.96,2.46,0.59
56349.07,7696.95,2.18,0.99
56350.97,7698.34,1.90,1.39
56352.59,7700.13,1.62,1.79
56353.93,7702.32,1.34,2.19
56354.99,7704.91,1.06,2.59
56355.77,7707.90,0.78,2.99
56356.27,7711.29,0.50,3.39
56356.49,7715.08,0.22,3.79
56356.43,7719.27,-0.06,4.19
56356.29,7723.86,-0.14,4.59
56356.07,7728.85,-0.22,4.99
56355.77,7734.24,-0.30,5.39
56355.39,7740.03,-0.38,5.79
56354.93,7744.00,-0.46,3.97
56354.39,7744.00,-0.54,0.00
56353.77,7744.00,-0.62,0.00
56353.07,7744.00,-0.70,0.00
56352.29,7744.00,-0.78,0.00
56351.43,7744.00,-0.86,0.00
56350.49,7744.00,-0.94,0.00
56349.47,7744.00,-1.02,0.00
56348.37,7744.00,-1.10,0.00
56347.19,7744.00,-1.18,0.00
56345.93,7744.00,-1.26,0.00
56344.59,7744.00,-1.34,0.00
56343.17,7744.00,-1.42,0.00
56341.67,7744.00,-1.50,0.00
56340.09,7744.00,-1.58,0.00
56338.71,7744.00,-1.38,0.00
56337.61,7744.00,-1.10,0.00
56336.79,7744.00,-0.82,0.00
56336.25,7744.00,-0.54,0.00
56335.99,7744.00,-0.26,0.00
56336.01,7739.39,0.02,-4.61
56336.11,7734.78,0.10,-4.61
56336.29,7730.17,0.18,-4.61
56336.55,7725.56,0.26,-4.61
56336.89,7720.95,0.34,-4.61
56337.31,7716.34,0.42,-4.61
56337.81,7711.73,0.50,-4.61
56338.39,7707.12,0.58,-4.61
56339.05,7702.51,0.66,-4.61
56339.79,7697.90,0.74,-4.61
56340.61,7693.29,0.82,-4.61
56341.51,7688.68,0.90,-4.61
56342.49,7684.07,0.98,-4.61
56343.55,7679.46,1.06,-4.61
56344.69,7675.25,1.14,-4.21
56345.91,7671.44,1.22,-3.81
56347.21,7668.03,1.30,-3.41
56348.59,7665.02,1.38,-3.01
56350.05,7662.41,1.46,-2.61
56351.59,7660.20,1.54,-2.21
56353.21,7655.59,1.62,-4.61
56354.91,7650.98,1.70,-4.61
56356.69,7646.37,1.78,-4.61
56358.55,7641.76,1.86,-4.61
56360.49,7637.15,1.94,-4.61
56362.51,7632.54,2.02,-4.61
56364.61,7627.93,2.10,-4.61
56366.79,7623.32,2.18,-4.61
56369.05,7618.71,2.26,-4.61
56371.39,7614.10,2.34,-4.61
56373.81,7609.49,2.42,-4.61
56376.31,7605.28,2.50,-4.21
56378.89,7601.47,2.58,-3.81
56381.55,7598.06,2.66,-3.41
56384.29,7595.05,2.74,-3.01
56387.11,7592.44,2.82,-2.61
56390.01,7590.23,2.90,-2.21
56392.99,7588.42,2.98,-1.81
56396.05,7587.01,3.06,-1.41
56399.01,7586.00,2.96,-1.01
56402.05,7585.39,3.04,-0.61
56404.99,7585.18,2.94,-0.21
56408.01,7585.37,3.02,0.19
56410.93,7585.96,2.92,0.59
56413.93,7586.95,3.00,0.99
56417.01,7588.34,3.08,1.39
56419.99,7586.01,2.98,0.00
56423.05,7582.95,3.06,0.00
56425.91,7580.09,2.86,0.00
56428.85,7577.15,2.94,0.00
56431.59,7574.41,2.74,0.00
56434.12,7571.88,2.54,0.00
56436.46,7569.54,2.34,0.00
56438.61,7567.40,2.14,0.00
56440.55,7565.45,1.94,0.00
56442.21,7563.79,1.66,0.00
56443.59,7562.41,1.38,0.00
56444.69,7561.31,1.10,0.00
56445.51,7560.49,0.82,0.00
56446.05,7559.95,0.54,0.00
56446.31,7559.69,0.26,0.00
56446.29,7559.71,-0.02,0.00
56446.19,7559.81,-0.10,0.00
56446.01,7559.99,-0.18,0.00
56445.75,7560.25,-0.26,0.00
56445.41,7560.59,-0.34,0.00
56444.98,7561.02,-0.42,0.00
56444.48,7561.52,-0.50,0.00
56443.91,7562.09,-0.58,0.00
56443.25,7562.75,-0.66,0.00
56442.51,7563.49,-0.74,0.00
56441.69,7564.31,-0.82,0.00
56440.79,7565.21,-0.90,0.00
56439.81,7566.19,-0.98,0.00
56439.03,7566.97,-0.78,0.00
56438.45,7567.55,-0.58,0.00
56438.07,7567.93,-0.38,0.00
56437.89,7568.11,-0.18,0.00
56437.89,7568.11,0.00,0.00
56437.89,7568.11,0.00,0.00
56437.89,7568.11,0.00,0.00
56437.89,7568.11,0.00,0.00
56437.89,7568.11,0.00,0.00
56437.89,7568.11,0.00,0.00
56437.89,7568.11,0.00,0.00
56437.89,7568.11,0.00,0.00
56437.89,7568.11,0.00,0.00
56437.89,7568.11,0.00,0.00
56437.89,7568.11,0.00,0.00
56437.89,7568.11,0.00,0.00
56437.89,7568.11,0.00,0.00
56437.89,7568.11,0.00,0.00
56437.89,7568.11,0.00,0.00
56437.89,7568.11,0.00,0.00
56437.89,7568.11,0.00,0.00
56437.89,7568.11,0.00,0.00
56437.89,7568.11,0.00,0.00
56437.89,7568.11,0.00,0.00
56437.89,7568.11,0.00,0.00
56437.89,7568.11,0.00,0.00
56437.89,7568.11,0.00,0.00
56437.89,7568.11,0.00,0.00
56437.89,7568.11,0.00,0.00
56437.89,7568.11,0.00,0.00
56437.89,7568.11,0.00,0.00
56437.89,7568.11,0.00,0.00
56437.89,7568.11,0.00,0.00
56437.89,7568.11,0.00,0.00
56437.89,7568.11,0.00,0.00
56437.89,7568.11,0.00,0.00
56437.89,7568.11,0.00,0.00
56437.89,7568.11,0.00,0.00
56437.89,7568.11,0.00,0.00
56437.89,7568.11,0.00,0.00
56437.89,7568.11,0.00,0.00
56437.89,7568.11,0.00,0.00
56437.97,7568.03,0.08,0.00
56438.13,7567.87,0.16,0.00
56438.37,7567.63,0.24,0.00
56438.69,7567.31,0.32,0.00
56439.09,7566.91,0.40,0.00
56439.57,7566.43,0.48,0.00
56440.12,7565.88,0.56,0.00
56440.77,7565.23,0.64,0.00
56441.48,7564.52,0.72,0.00
56442.29,7563.72,0.80,0.00
56443.16,7562.84,0.88,0.00
56444.12,7561.88,0.96,0.00
56445.16,7560.84,1.04,0.00
56446.00,7560.00,0.84,0.00
56446.64,7559.36,0.64,0.00
56447.09,7558.91,0.44,0.00
56447.32,7558.68,0.24,0.00
56447.36,7558.64,0.04,0.00
56447.36,7558.64,0.00,0.00
56447.36,7558.64,0.00,0.00
56447.36,7558.64,0.00,0.00
56447.36,7558.64,0.00,0.00
56447.36,7558.64,0.00,0.00
56447.36,7558.64,0.00,0.00
56447.36,7558.64,0.00,0.00
56447.36,7558.64,0.00,0.00
56447.36,7558.64,0.00,0.00
56447.36,7558.64,0.00,0.00
56447.36,7558.64,0.00,0.00
56447.44,7558.56,0.08,0.00
56447.60,7558.40,0.16,0.00
56447.84,7558.16,0.24,0.00
56448.16,7557.84,0.32,0.00
56448.56,7557.44,0.40,0.00
56449.04,7556.96,0.48,0.00
56449.60,7556.40,0.56,0.00
56450.24,7555.76,0.64,0.00
56450.96,7555.04,0.72,0.00
56451.76,7554.24,0.80,0.00
56452.64,7553.36,0.88,0.00
56453.60,7552.40,0.96,0.00
56454.64,7552.00,1.04,0.00
56455.76,7552.00,1.12,0.00
56456.96,7552.00,1.20,0.00
56458.24,7552.00,1.28,0.00
56459.60,7552.00,1.36,0.00
56461.04,7552.00,1.44,0.00
56462.56,7552.00,1.52,0.00
56464.16,7552.00,1.60,0.00
56465.84,7552.00,1.68,0.00
56467.60,7552.00,1.76,0.00
56469.44,7552.00,1.84,0.00
56471.36,7552.00,1.92,0.00
56473.36,7552.00,2.00,0.00
56475.44,7552.00,2.08,0.00
56477.60,7552.00,2.16,0.00
56479.84,7552.00,2.24,0.00
56482.16,7552.00,2.32,0.00
56484.56,7552.00,2.40,0.00
56487.04,7552.00,2.48,0.00
56489.32,7552.00,2.28,0.00
56491.40,7552.00,2.08,0.00
56493.28,7552.00,1.88,0.00
56494.96,7552.00,1.68,0.00
56496.44,7552.00,1.48,0.00
56497.72,7552.00,1.28,0.00
56498.80,7552.00,1.08,0.00
56499.68,7552.00,0.88,0.00
56500.36,7552.00,0.68,0.00
56500.84,7552.00,0.48,0.00
56501.12,7552.00,0.28,0.00
56501.20,7552.00,0.08,0.00
56501.20,7552.00,0.00,0.00
56501.20,7552.00,0.00,0.00
56501.20,7552.00,0.00,0.00
56501.27,7552.00,0.08,0.00
56501.43,7552.00,0.16,0.00
56501.67,7552.00,0.24,0.00
56501.99,7552.00,0.32,0.00
56502.39,7552.00,0.40,0.00
56502.87,7552.00,0.48,0.00
56503.43,7552.00,0.56,0.00
56504.07,7552.00,0.64,0.00
56504.79,7552.00,0.72,0.00
56505.59,7552.00,0.80,0.00
56506.47,7552.00,0.88,0.00
56507.43,7552.00,0.96,0.00
56508.47,7552.00,1.04,0.00
56509.59,7552.00,1.12,0.00
56510.79,7552.00,1.20,0.00
56512.07,7552.00,1.28,0.00
56513.43,7552.00,1.36,0.00
56514.87,7552.00,1.44,0.00
56516.11,7552.00,1.24,0.00
56517.15,7552.00,1.04,0.00
56517.99,7552.00,0.84,0.00
56518.63,7552.00,0.64,0.00
56519.07,7552.00,0.44,0.00
56519.31,7552.00,0.24,0.00
56519.35,7552.00,0.04,0.00
56519.35,7552.00,0.00,0.00
56519.35,7552.00,0.00,0.00
56519.35,7552.00,0.00,0.00
56519.43,7552.00,0.08,0.00
56519.59,7552.00,0.16,0.00
56519.82,7552.00,0.24,0.00
56520.14,7552.00,0.32,0.00
56520.54,7552.00,0.40,0.00
56521.02,7552.00,0.48,0.00
56521.58,7552.00,0.56,0.00
56522.22,7568.00,0.64,0.00
56522.94,7568.00,0.72,0.00
56523.74,7568.00,0.80,0.00
56524.62,7568.00,0.88,0.00
56525.58,7568.00,0.96,0.00
56526.62,7568.00,1.04,0.00
56527.74,7568.00,1.12,0.00
56528.94,7568.00,1.20,0.00
56530.22,7568.00,1.28,0.00
56531.58,7568.00,1.36,0.00
56533.02,7568.00,1.44,0.00
56534.54,7568.00,1.52,0.00
56536.14,7568.00,1.60,0.00
56537.82,7568.00,1.68,0.00
56539.59,7568.00,1.76,0.00
56541.43,7568.00,1.84,0.00
56543.35,7568.00,1.92,0.00
56545.35,7568.00,2.00,0.00
56547.43,7568.00,2.08,0.00
56549.59,7568.00,2.16,0.00
56551.82,7568.00,2.24,0.00
56554.14,7584.00,2.32,0.00
56556.54,7584.00,2.40,0.00
56559.02,7584.00,2.48,0.00
56561.58,7584.00,2.56,0.00
56564.22,7584.00,2.64,0.00
56566.94,7584.00,2.72,0.00
56569.74,7584.00,2.80,0.00
56572.62,7584.00,2.88,0.00
56575.58,7584.00,2.96,0.00
56578.62,7584.00,3.04,0.00
56581.46,7584.00,2.84,0.00
56584.38,7584.00,2.92,0.00
56587.38,7600.00,3.00,0.00
56590.46,7600.00,3.08,0.00
56593.34,7600.00,2.88,0.00
56596.30,7600.00,2.96,0.00
56599.34,7600.00,3.04,0.00
56602.18,7600.00,2.84,0.00
56604.74,7600.00,2.56,0.00
56607.02,7600.00,2.28,0.00
56609.02,7600.00,2.00,0.00
56610.74,7600.00,1.72,0.00
56612.18,7600.00,1.44,0.00
56613.34,7600.00,1.16,0.00
56614.22,7584.00,0.88,0.00
56614.82,7584.00,0.60,0.00
56615.14,7584.00,0.32,0.00
56615.18,7584.00,0.04,0.00
56615.14,7584.00,-0.04,0.00
56615.02,7584.00,-0.12,0.00
56614.82,7584.00,-0.20,0.00
56614.54,7584.00,-0.28,0.00
56614.18,7584.00,-0.36,0.00
56613.74,7600.00,-0.44,0.00
56613.22,7600.00,-0.52,0.00
56612.62,7600.00,-0.60,0.00
56611.94,7600.00,-0.68,0.00
56611.18,7600.00,-0.76,0.00
56610.34,7600.00,-0.84,0.00
56609.41,7600.00,-0.92,0.00
56608.41,7600.00,-1.00,0.00
56607.34,7600.00,-1.08,0.00
56606.18,7600.00,-1.16,0.00
56604.94,7600.00,-1.24,0.00
56603.62,7600.00,-1.32,0.00
56602.22,7600.00,-1.40,0.00
56600.74,7600.00,-1.48,0.00
56599.18,7600.00,-1.56,0.00
56597.54,7600.00,-1.64,0.00
56595.82,7600.00,-1.72,0.00
56594.02,7600.00,-1.80,0.00
56592.14,7600.00,-1.88,0.00
56590.18,7600.00,-1.96,0.00
56588.14,7600.00,-2.04,0.00
56586.02,7600.00,-2.12,0.00
56583.82,7584.00,-2.20,0.00
56581.54,7584.00,-2.28,0.00
56579.18,7584.00,-2.36,0.00
56576.74,7584.00,-2.44,0.00
56574.22,7584.00,-2.52,0.00
56571.62,7584.00,-2.60,0.00
56568.94,7584.00,-2.68,0.00
56566.18,7584.00,-2.76,0.00
56563.34,7584.00,-2.84,0.00
56560.41,7584.00,-2.92,0.00
56557.41,7584.00,-3.00,0.00
56554.61,7584.00,-2.80,0.00
56551.73,7568.00,-2.88,0.00
56548.77,7568.00,-2.96,0.00
56545.73,7568.00,-3.04,0.00
56542.89,7568.00,-2.84,0.00
56539.97,7568.00,-2.92,0.00
56536.97,7568.00,-3.00,0.00
56534.17,7568.00,-2.80,0.00
56531.29,7568.00,-2.88,0.00
56528.33,7568.00,-2.96,0.00
56525.29,7568.00,-3.04,0.00
56522.45,7568.00,-2.84,0.00
56519.53,7552.00,-2.92,0.00
56516.53,7552.00,-3.00,0.00
56513.73,7552.00,-2.80,0.00
56511.13,7552.00,-2.60,0.00
56508.73,7552.00,-2.40,0.00
56506.53,7552.00,-2.20,0.00
56504.61,7552.00,-1.92,0.00
56502.97,7552.00,-1.64,0.00
56501.61,7552.00,-1.36,0.00
56500.53,7552.00,-1.08,0.00
56499.73,7552.00,-0.80,0.00
56499.21,7552.00,-0.52,0.00
56498.97,7552.00,-0.24,0.00
56499.01,7552.00,0.04,0.00
56499.13,7552.00,0.12,0.00
56499.33,7552.00,0.20,0.00
56499.33,7552.00,0.00,0.00
56499.33,7552.00,0.00,0.00
56499.33,7552.00,0.00,0.00
56499.33,7552.00,0.00,0.00
56499.25,7552.00,-0.08,0.00
56499.09,7552.00,-0.16,0.00
56498.86,7552.00,-0.24,0.00
56498.54,7552.00,-0.32,0.00
56498.14,7552.00,-0.40,0.00
56497.66,7552.00,-0.48,0.00
56497.10,7552.00,-0.56,0.00
56496.46,7552.00,-0.64,0.00
56495.74,7552.00,-0.72,0.00
56494.94,7552.00,-0.80,0.00
56494.06,7552.00,-0.88,0.00
56493.10,7552.00,-0.96,0.00
56492.06,7552.00,-1.04,0.00
56490.94,7552.00,-1.12,0.00
56489.74,7552.00,-1.20,0.00
56488.46,7552.00,-1.28,0.00
56487.10,7552.00,-1.36,0.00
56485.66,7552.00,-1.44,0.00
56484.14,7552.00,-1.52,0.00
56482.54,7552.00,-1.60,0.00
56480.86,7552.00,-1.68,0.00
56479.09,7552.00,-1.76,0.00
56477.25,7552.00,-1.84,0.00
56475.33,7552.00,-1.92,0.00
56473.33,7552.00,-2.00,0.00
56471.25,7552.00,-2.08,0.00
56469.09,7552.00,-2.16,0.00
56466.86,7552.00,-2.24,0.00
56464.54,7552.00,-2.32,0.00
56462.14,7552.00,-2.40,0.00
56459.66,7552.00,-2.48,0.00
56457.10,7552.00,-2.56,0.00
56454.46,7552.00,-2.64,0.00
56451.74,7554.26,-2.72,0.00
56448.94,7557.06,-2.80,0.00
56446.06,7559.94,-2.88,0.00
56443.10,7562.90,-2.96,0.00
56440.06,7565.94,-3.04,0.00
56437.22,7568.78,-2.84,0.00
56434.30,7571.70,-2.92,0.00
56431.30,7574.70,-3.00,0.00
56428.22,7577.78,-3.08,0.00
56425.34,7580.66,-2.88,0.00
56422.38,7583.62,-2.96,0.00
56419.34,7586.66,-3.04,0.00
56416.50,7589.50,-2.84,0.00
56413.58,7592.42,-2.92,0.00
56410.58,7595.42,-3.00,0.00
56407.50,7598.50,-3.08,0.00
56404.62,7601.38,-2.88,0.00
56401.66,7604.34,-2.96,0.00
56398.62,7607.38,-3.04,0.00
56395.78,7610.22,-2.84,0.00
56392.86,7613.14,-2.92,0.00
56389.86,7613.54,-3.00,0.40
56386.78,7614.34,-3.08,0.80
56383.80,7615.54,-2.98,1.20
56380.74,7617.14,-3.06,1.60
56377.78,7619.14,-2.96,2.00
56374.74,7621.54,-3.04,2.40
56371.80,7624.34,-2.94,2.80
56368.78,7627.54,-3.02,3.20
56365.86,7631.14,-2.92,3.60
56362.86,7635.14,-3.00,4.00
56359.78,7639.54,-3.08,4.40
56356.80,7644.34,-2.98,4.80
56353.74,7649.54,-3.06,5.20
56350.78,7655.14,-2.96,5.60
56347.74,7661.14,-3.04,6.00
56344.80,7667.54,-2.94,6.40
56341.78,7674.34,-3.02,6.80
56338.86,7681.54,-2.92,7.20
56335.86,7689.14,-3.00,7.60
56332.78,7697.14,-3.08,8.00
56329.80,7705.54,-2.98,8.40
56326.74,7714.34,-3.06,8.80
56323.78,7723.54,-2.96,9.20
56321.10,7733.14,-2.68,9.60
56318.70,7743.14,-2.40,10.00
56316.58,7752.00,-2.12,8.86
56314.74,7752.00,-1.84,0.00
56313.18,7752.00,-1.56,0.00
56311.90,7752.00,-1.28,0.00
56310.90,7752.00,-1.00,0.00
56310.18,7752.00,-0.72,0.00
56309.74,7752.84,-0.44,0.84
56309.58,7754.08,-0.16,1.24
56309.50,7755.72,-0.08,1.64
56309.50,7757.76,0.00,2.04
56309.58,7760.00,0.08,2.24
56309.74,7760.00,0.16,0.00
56309.98,7760.00,0.24,0.00
56310.30,7752.00,0.32,0.00
56310.70,7752.00,0.40,0.00
56311.18,7752.00,0.48,0.00
56311.74,7752.00,0.56,0.00
56312.38,7752.00,0.64,0.00
56312.74,7752.00,0.36,0.00
56312.82,7752.00,0.08,0.00
56312.82,7752.00,0.00,0.00
56312.74,7752.00,-0.08,0.00
56312.58,7752.00,-0.16,0.00
56312.34,7752.00,-0.24,0.00
56312.02,7752.00,-0.32,0.00
56311.62,7752.00,-0.40,0.00
56311.14,7752.00,-0.48,0.00
56310.58,7752.00,-0.56,0.00
56309.94,7753.04,-0.64,1.04
56309.22,7754.48,-0.72,1.44
56308.42,7756.32,-0.80,1.84
56307.54,7758.56,-0.88,2.24
56306.58,7760.00,-0.96,1.44
56305.54,7760.00,-1.04,0.00
56304.42,7760.00,-1.12,0.00
56303.22,7760.00,-1.20,0.00
56301.94,7760.00,-1.28,0.00
56300.58,7760.00,-1.36,0.00
56299.14,7760.00,-1.44,0.00
56297.62,7760.00,-1.52,0.00
56296.02,7760.00,-1.60,0.00
56294.34,7760.00,-1.68,0.00
56292.58,7761.42,-1.76,0.00
56290.74,7763.26,-1.84,0.00
56288.82,7765.18,-1.92,0.00
56286.82,7767.18,-2.00,0.00
56284.74,7769.26,-2.08,0.00
56282.58,7771.42,-2.16,0.00
56280.34,7773.66,-2.24,0.00
56278.02,7774.06,-2.32,0.40
56275.62,7774.86,-2.40,0.80
56273.14,7776.06,-2.48,1.20
56270.58,7777.66,-2.56,1.60
56267.94,7779.66,-2.64,2.00
56265.22,7782.06,-2.72,2.40
56262.42,7784.86,-2.80,2.80
56259.54,7788.06,-2.88,3.20
56256.76,7791.66,-2.78,3.60
56254.26,7795.66,-2.50,4.00
56252.04,7800.06,-2.22,4.40
56250.10,7804.86,-1.94,4.80
56248.44,7808.00,-1.66,3.14
56247.06,7808.00,-1.38,0.00
56245.96,7808.00,-1.10,0.00
56245.14,7808.00,-0.82,0.00
56244.60,7808.00,-0.54,0.00
56244.34,7808.00,-0.26,0.00
56244.36,7808.00,0.02,0.00
56244.46,7808.00,0.10,0.00
56244.64,7808.00,0.18,0.00
56244.90,7808.00,0.26,0.00
56245.24,7808.00,0.34,0.00
56245.66,7808.00,0.42,0.00
56246.16,7808.00,0.50,0.00
56246.74,7808.00,0.58,0.00
56247.40,7808.00,0.66,0.00
56248.14,7808.00,0.74,0.00
56248.96,7808.00,0.82,0.00
56249.86,7808.00,0.90,0.00
56250.84,7808.00,0.98,0.00
56251.90,7808.00,1.06,0.00
56253.04,7808.00,1.14,0.00
56254.26,7808.00,1.22,0.00
56255.56,7808.00,1.30,0.00
56256.94,7808.00,1.38,0.00
56258.40,7808.00,1.46,0.00
56259.94,7808.00,1.54,0.00
56261.56,7808.00,1.62,0.00
56263.26,7808.00,1.70,0.00
56265.04,7808.00,1.78,0.00
56266.90,7808.00,1.86,0.00
56268.84,7808.00,1.94,0.00
56270.86,7808.00,2.02,0.00
56272.96,7808.00,2.10,0.00
56275.14,7808.00,2.18,0.00
56277.40,7808.00,2.26,0.00
56278.00,7808.00,0.60,0.00
56278.00,7808.00,0.00,0.00
56278.00,7808.00,0.00,0.00
56278.00,7808.00,0.00,0.00
56278.00,7808.00,0.00,0.00
56278.00,7808.00,0.00,0.00
56278.00,7808.00,0.00,0.00
56277.92,7808.00,-0.08,0.00
56277.76,7808.00,-0.16,0.00
56277.52,7808.00,-0.24,0.00
56277.20,7808.00,-0.32,0.00
56276.80,7808.00,-0.40,0.00
56276.32,7808.00,-0.48,0.00
56275.77,7808.00,-0.56,0.00
56275.12,7808.00,-0.64,0.00
56274.41,7808.00,-0.72,0.00
56273.61,7808.00,-0.80,0.00
56272.73,7808.00,-0.88,0.00
56271.77,7808.00,-0.96,0.00
56270.73,7808.00,-1.04,0.00
56269.61,7808.40,-1.12,0.40
56268.41,7809.20,-1.20,0.80
56267.12,7810.40,-1.28,1.20
56265.77,7812.00,-1.36,1.60
56264.32,7814.00,-1.44,2.00
56262.80,7816.40,-1.52,2.40
56261.20,7819.20,-1.60,2.80
56259.52,7822.40,-1.68,3.20
56257.76,7826.00,-1.76,3.60
56255.92,7830.00,-1.84,4.00
56254.00,7834.40,-1.92,4.40
56252.00,7839.20,-2.00,4.80
56249.92,7844.40,-2.08,5.20
56247.76,7850.00,-2.16,5.60
56245.52,7856.00,-2.24,6.00
56243.20,7862.40,-2.32,6.40
56240.80,7869.20,-2.40,6.80
56238.32,7876.40,-2.48,7.20
56235.77,7884.00,-2.56,7.60
56233.12,7892.00,-2.64,8.00
56230.41,7900.40,-2.72,8.40
56227.61,7909.20,-2.80,8.80
56224.73,7918.40,-2.88,9.20
56221.77,7928.00,-2.96,9.60
56218.73,7931.27,-3.04,0.00
56215.89,7934.11,-2.84,0.00
56212.96,7934.51,-2.92,0.40
56209.96,7935.31,-3.00,0.80
56206.89,7936.51,-3.08,1.20
56203.91,7938.11,-2.98,1.60
56200.85,7940.11,-3.06,2.00
56197.89,7942.51,-2.96,2.40
56194.85,7945.31,-3.04,2.80
56191.91,7948.51,-2.94,3.20
56188.89,7952.11,-3.02,3.60
56185.96,7956.11,-2.92,4.00
56182.96,7960.51,-3.00,4.40
56179.89,7965.31,-3.08,4.80
56176.91,7970.51,-2.98,5.20
56173.85,7976.11,-3.06,5.60
56170.89,7982.11,-2.96,6.00
56167.85,7988.51,-3.04,6.40
56164.91,7995.31,-2.94,6.80
56161.89,8002.51,-3.02,7.20
56158.96,8010.11,-2.92,7.60
56155.96,8018.11,-3.00,8.00
56152.89,8026.51,-3.08,8.40
56149.91,8035.31,-2.98,8.80
56146.85,8044.51,-3.06,9.20
56143.89,8054.11,-2.96,9.60
56140.85,8064.00,-3.04,9.89
56137.91,8064.00,-2.94,0.00
56134.89,8064.00,-3.02,0.00
56132.07,8072.00,-2.82,0.00
56129.17,8072.00,-2.90,0.00
56126.19,8067.39,-2.98,-4.61
56123.13,8062.78,-3.06,-4.61
56120.17,8058.17,-2.96,-4.61
56117.13,8053.56,-3.04,-4.61
56114.19,8048.95,-2.94,-4.61
56111.17,8044.34,-3.02,-4.61
56108.25,8039.73,-2.92,-4.61
56105.25,8035.12,-3.00,-4.61
56102.17,8030.91,-3.08,-4.21
56099.19,8027.10,-2.98,-3.81
56096.13,8023.69,-3.06,-3.41
56093.17,8020.68,-2.96,-3.01
56090.13,8018.07,-3.04,-2.61
56087.19,8015.86,-2.94,-2.21
56084.17,8014.05,-3.02,-1.81
56081.25,8012.64,-2.92,-1.41
56078.25,8011.63,-3.00,-1.01
56075.17,8011.02,-3.08,-0.61
56072.19,8010.81,-2.98,-0.21
56069.13,8011.00,-3.06,0.19
56066.17,8011.59,-2.96,0.59
56063.13,8012.58,-3.04,0.99
56060.19,8013.97,-2.94,1.39
56057.17,8015.76,-3.02,1.79
56054.25,8017.95,-2.92,2.19
56051.25,8020.54,-3.00,2.59
56048.17,8023.53,-3.08,2.99
56045.19,8026.92,-2.98,3.39
56042.13,8030.71,-3.06,3.79
56039.17,8034.90,-2.96,4.19
56036.13,8039.49,-3.04,4.59
56033.19,8044.48,-2.94,4.99
56030.17,8049.87,-3.02,5.39
56027.25,8055.66,-2.92,5.79
56024.25,8061.85,-3.00,6.19
56021.17,8064.00,-3.08,2.15
56018.19,8064.00,-2.98,0.00
56015.13,8064.00,-3.06,0.00
56012.27,8064.00,-2.86,0.00
56009.33,8064.00,-2.94,0.00
56006.31,8064.00,-3.02,0.00
56003.49,8064.00,-2.82,0.00
56000.59,8064.00,-2.90,0.00
55997.61,8064.00,-2.98,0.00
55994.55,8064.00,-3.06,0.00
55991.69,8064.00,-2.86,0.00
55988.75,8065.25,-2.94,0.00
55985.73,8068.27,-3.02,0.00
55982.91,8071.09,-2.82,0.00
55980.01,8073.99,-2.90,0.00
55977.03,8076.97,-2.98,0.00
55973.97,8080.03,-3.06,0.00
55971.11,8082.89,-2.86,0.00
55968.17,8085.83,-2.94,0.00
55965.15,8088.85,-3.02,0.00
55962.33,8091.67,-2.82,0.00
55959.43,8094.57,-2.90,0.00
55956.45,8094.97,-2.98,0.40
55953.39,8095.77,-3.06,0.80
55950.43,8096.97,-2.96,1.20
55947.39,8098.57,-3.04,1.60
55944.45,8100.57,-2.94,2.00
55941.43,8102.97,-3.02,2.40
55938.51,8105.77,-2.92,2.80
55935.51,8108.97,-3.00,3.20
55932.43,8112.57,-3.08,3.60
55929.45,8116.57,-2.98,4.00
55926.39,8120.97,-3.06,4.40
55923.43,8125.77,-2.96,4.80
55920.39,8130.97,-3.04,5.20
55917.45,8136.57,-2.94,5.60
55914.43,8142.57,-3.02,6.00
55911.51,8148.97,-2.92,6.40
55908.51,8155.77,-3.00,6.80
55905.43,8162.97,-3.08,7.20
55902.45,8170.57,-2.98,7.60
55899.39,8178.57,-3.06,8.00
55896.43,8186.97,-2.96,8.40
55893.39,8195.77,-3.04,8.80
55890.45,8204.97,-2.94,9.20
55887.43,8214.57,-3.02,9.60
55884.51,8224.57,-2.92,10.00
55881.51,8234.58,-3.00,10.01
55878.43,8244.59,-3.08,10.01
55875.45,8254.60,-2.98,10.01
55872.39,8264.61,-3.06,10.01
55869.43,8272.00,-2.96,7.39
55866.39,8272.00,-3.04,0.00
55863.55,8272.00,-2.84,0.00
55860.63,8288.00,-2.92,0.00
55857.63,8288.00,-3.00,0.00
55854.55,8288.00,-3.08,0.00
55851.68,8288.00,-2.88,0.00
55848.71,8288.00,-2.96,0.00
55845.68,8288.00,-3.04,0.00
55842.84,8288.00,-2.84,0.00
55839.91,8288.00,-2.92,0.00
55836.91,8288.00,-3.00,0.00
55833.84,8288.00,-3.08,0.00
55830.96,8288.00,-2.88,0.00
55828.00,8288.00,-2.96,0.00
55824.96,8288.00,-3.04,0.00
55822.12,8288.00,-2.84,0.00
55819.20,8288.00,-2.92,0.00
55816.20,8288.00,-3.00,0.00
55813.12,8288.00,-3.08,0.00
55810.24,8288.00,-2.88,0.00
55807.28,8288.00,-2.96,0.00
55804.24,8288.00,-3.04,0.00
55801.40,8288.00,-2.84,0.00
55798.48,8288.00,-2.92,0.00
55795.48,8290.52,-3.00,0.00
55792.40,8293.60,-3.08,0.00
55789.52,8296.48,-2.88,0.00
55786.56,8299.44,-2.96,0.00
55783.52,8302.48,-3.04,0.00
55780.68,8302.88,-2.84,0.40
55777.76,8303.68,-2.92,0.80
55774.76,8304.00,-3.00,0.32
55771.68,8304.00,-3.08,0.00
55768.80,8304.00,-2.88,0.00
55765.84,8304.00,-2.96,0.00
55762.80,8304.00,-3.04,0.00
55759.96,8304.00,-2.84,0.00
55757.04,8304.00,-2.92,0.00
55754.04,8304.00,-3.00,0.00
55750.96,8304.00,-3.08,0.00
55748.08,8304.00,-2.88,0.00
55745.12,8304.00,-2.96,0.00
55742.08,8304.00,-3.04,0.00
55739.24,8304.00,-2.84,0.00
55736.32,8304.00,-2.92,0.00
55733.32,8304.00,-3.00,0.00
55730.24,8304.00,-3.08,0.00
55727.36,8304.00,-2.88,0.00
55724.40,8304.00,-2.96,0.00
55721.36,8304.00,-3.04,0.00
55718.52,8304.00,-2.84,0.00
55715.60,8304.00,-2.92,0.00
55712.60,8304.00,-3.00,0.00
55709.52,8304.00,-3.08,0.00
55706.64,8304.00,-2.88,0.00
55703.68,8304.00,-2.96,0.00
55700.64,8304.00,-3.04,0.00
55697.80,8304.00,-2.84,0.00
55694.88,8304.00,-2.92,0.00
55691.88,8304.00,-3.00,0.00
55688.80,8304.00,-3.08,0.00
55685.93,8304.00,-2.88,0.00
55682.96,8304.00,-2.96,0.00
55679.93,8304.00,-3.04,0.00
55677.09,8304.00,-2.84,0.00
55674.16,8304.00,-2.92,0.00
55671.16,8304.00,-3.00,0.00
55668.09,8304.00,-3.08,0.00
55665.21,8304.00,-2.88,0.00
55662.25,8304.00,-2.96,0.00
55659.21,8304.00,-3.04,0.00
55656.37,8304.00,-2.84,0.00
55653.45,8304.56,-2.92,0.00
55650.45,8307.56,-3.00,0.00
55647.64,8310.36,-2.80,0.00
55645.04,8312.96,-2.60,0.00
55642.64,8315.36,-2.40,0.00
55640.45,8317.56,-2.20,0.00
55638.45,8317.96,-2.00,0.40
55636.55,8318.76,-1.90,0.80
55634.75,8319.96,-1.80,1.20
55633.05,8320.00,-1.70,0.04
55631.45,8320.00,-1.60,0.00
55630.05,8320.00,-1.40,0.00
55628.85,8320.00,-1.20,0.00
55627.85,8320.00,-1.00,0.00
55627.05,8320.00,-0.80,0.00
55626.45,8320.00,-0.60,0.00
55626.05,8320.00,-0.40,0.00
55625.85,8320.00,-0.20,0.00
55625.85,8320.00,0.00,0.00
55625.85,8320.00,0.00,0.00
55625.85,8320.00,0.00,0.00
55625.85,8320.00,0.00,0.00
55625.85,8320.00,0.00,0.00
55625.85,8320.00,0.00,0.00
55625.85,8320.00,0.00,0.00
55625.85,8320.00,0.00,0.00
55625.85,8320.00,0.00,0.00
55625.85,8320.00,0.00,0.00
55625.85,8320.00,0.00,0.00
55625.85,8320.00,0.00,0.00
55625.85,8320.00,0.00,0.00
55625.85,8320.00,0.00,0.00
55625.85,8320.00,0.00,0.00
55625.85,8320.00,0.00,0.00
55625.85,8320.00,0.00,0.00
55625.85,8320.00,0.00,0.00
55625.85,8320.00,0.00,0.00
55625.85,8320.00,0.00,0.00
55625.85,8320.00,0.00,0.00
55625.85,8320.00,0.00,0.00
55625.85,8320.00,0.00,0.00
55625.85,8320.00,0.00,0.00
55625.85,8320.00,0.00,0.00
55625.85,8320.00,0.00,0.00
55625.85,8320.00,0.00,0.00
55625.85,8320.00,0.00,0.00
55625.85,8320.00,0.00,0.00
55625.85,8320.00,0.00,0.00
55625.85,8320.00,0.00,0.00
55625.85,8320.00,0.00,0.00
55625.85,8320.00,0.00,0.00
55625.85,8320.00,0.00,0.00
55625.85,8320.00,0.00,0.00
55625.85,8320.00,0.00,0.00
55625.85,8320.00,0.00,0.00
55625.85,8320.00,0.00,0.00
55625.85,8320.00,0.00,0.00
55625.85,8320.00,0.00,0.00
55625.85,8320.00,0.00,0.00
55625.85,8320.00,0.00,0.00
55625.85,8320.00,0.00,0.00
55625.85,8320.00,0.00,0.00
55625.85,8320.00,0.00,0.00
55625.85,8320.00,0.00,0.00
55625.85,8320.00,0.00,0.00
55625.85,8320.00,0.00,0.00
55625.85,8320.00,0.00,0.00
55625.85,8320.00,0.00,0.00
55625.85,8320.00,0.00,0.00
55625.85,8320.00,0.00,0.00
55625.85,8320.00,0.00,0.00
55625.85,8320.00,0.00,0.00
55625.85,8320.00,0.00,0.00
55625.85,8320.00,0.00,0.00
55625.85,8320.00,0.00,0.00
55625.85,8320.00,0.00,0.00
55625.85,8320.00,0.00,0.00
55625.85,8320.00,0.00,0.00
55625.85,8320.00,0.00,0.00
55625.85,8320.00,0.00,0.00
55625.85,8320.00,0.00,0.00
55625.85,8320.00,0.00,0.00
55625.85,8320.00,0.00,0.00
55625.85,8320.00,0.00,0.00
55625.85,8320.00,0.00,0.00
55625.85,8320.00,0.00,0.00
55625.85,8320.00,0.00,0.00
55625.85,8320.00,0.00,0.00
55625.85,8320.00,0.00,0.00
55625.85,8320.00,0.00,0.00
55625.85,8320.00,0.00,0.00
55625.85,8320.00,0.00,0.00
55625.85,8320.00,0.00,0.00
55625.85,8320.00,0.00,0.00
55625.85,8320.00,0.00,0.00
55625.85,8320.00,0.00,0.00
55625.85,8320.00,0.00,0.00
55625.85,8320.00,0.00,0.00
55625.85,8320.00,0.00,0.00
55625.85,8320.00,0.00,0.00
55625.85,8320.00,0.00,0.00
55625.85,8320.00,0.00,0.00
55625.85,8320.00,0.00,0.00
55625.85,8320.00,0.00,0.00
55625.85,8320.00,0.00,0.00
55625.85,8320.00,0.00,0.00
55625.85,8320.00,0.00,0.00
55625.85,8320.00,0.00,0.00
55625.85,8320.00,0.00,0.00
55625.85,8320.00,0.00,0.00
55625.85,8320.00,0.00,0.00
55625.85,8320.00,0.00,0.00
55625.85,8320.00,0.00,0.00
55625.85,8320.00,0.00,0.00
55625.85,8320.00,0.00,0.00
55625.85,8320.00,0.00,0.00
55625.85,8320.00,0.00,0.00
55625.85,8320.00,0.00,0.00
55625.85,8320.00,0.00,0.00
55625.85,8320.00,0.00,0.00
55625.85,8320.00,0.00,0.00
55625.85,8320.00,0.00,0.00
55625.85,8320.00,0.00,0.00
55625.85,8320.00,0.00,0.00
55625.85,8320.00,0.00,0.00
55625.85,8320.00,0.00,0.00
55625.85,8320.00,0.00,0.00
55625.77,8320.00,-0.08,0.00
55625.61,8320.00,-0.16,0.00
55625.37,8320.00,-0.24,0.00
55625.05,8320.00,-0.32,0.00
55624.65,8320.00,-0.40,0.00
55624.17,8320.00,-0.48,0.00
55623.61,8320.00,-0.56,0.00
55622.97,8320.00,-0.64,0.00
55622.25,8320.00,-0.72,0.00
55621.45,8320.00,-0.80,0.00
55620.57,8320.00,-0.88,0.00
55619.61,8320.00,-0.96,0.00
55618.57,8320.00,-1.04,0.00
55617.45,8320.00,-1.12,0.00
55616.25,8320.00,-1.20,0.00
55614.97,8320.00,-1.28,0.00
55613.61,8320.00,-1.36,0.00
55612.17,8320.00,-1.44,0.00
55610.65,8320.00,-1.52,0.00
55609.05,8320.00,-1.60,0.00
55607.37,8320.00,-1.68,0.00
55605.61,8336.00,-1.76,0.00
55603.77,8336.00,-1.84,0.00
55601.85,8336.00,-1.92,0.00
55599.85,8336.00,-2.00,0.00
55597.77,8336.00,-2.08,0.00
55595.61,8336.00,-2.16,0.00
55593.37,8336.00,-2.24,0.00
55591.05,8336.00,-2.32,0.00
55588.65,8352.00,-2.40,0.00
55586.17,8352.00,-2.48,0.00
55583.61,8352.00,-2.56,0.00
55580.97,8352.00,-2.64,0.00
55578.25,8352.00,-2.72,0.00
55575.45,8352.00,-2.80,0.00
55572.57,8352.00,-2.88,0.00
55569.89,8352.00,-2.68,0.00
55567.41,8352.00,-2.48,0.00
55565.13,8352.00,-2.28,0.00
55563.05,8352.00,-2.08,0.00
55561.18,8352.00,-1.88,0.00
55559.50,8352.00,-1.68,0.00
55558.02,8352.00,-1.48,0.00
55556.73,8352.00,-1.28,0.00
55555.66,8352.00,-1.08,0.00
55554.78,8352.00,-0.88,0.00
55554.10,8352.00,-0.68,0.00
55553.62,8352.00,-0.48,0.00
55553.34,8352.00,-0.28,0.00
55553.26,8352.00,-0.08,0.00
55553.26,8352.00,0.00,0.00
55553.26,8352.00,0.00,0.00
55553.26,8352.00,0.00,0.00
55553.26,8352.00,0.00,0.00
55553.26,8352.00,0.00,0.00
55553.26,8352.00,0.00,0.00
55553.26,8352.00,0.00,0.00
55553.26,8352.00,0.00,0.00
55553.26,8352.00,0.00,0.00
55553.26,8352.00,0.00,0.00
55553.26,8352.00,0.00,0.00
55553.26,8352.00,0.00,0.00
55553.26,8352.00,0.00,0.00
55553.26,8352.00,0.00,0.00
55553.26,8352.00,0.00,0.00
55553.26,8352.00,0.00,0.00
55553.26,8352.00,0.00,0.00
55553.26,8352.00,0.00,0.00
55553.26,8352.00,0.00,0.00
55553.26,8352.00,0.00,0.00
55553.26,8352.00,0.00,0.00
55553.26,8352.00,0.00,0.00
55553.26,8352.00,0.00,0.00
55553.26,8352.00,0.00,0.00
55553.26,8352.00,0.00,0.00
55553.26,8352.00,0.00,0.00
55553.26,8352.00,0.00,0.00
55553.26,8352.00,0.00,0.00
55553.26,8352.00,0.00,0.00
55553.26,8352.00,0.00,0.00
55553.26,8352.00,0.00,0.00
55553.26,8352.00,0.00,0.00
55553.26,8352.00,0.00,0.00
55553.26,8352.00,0.00,0.00
55553.26,8352.00,0.00,0.00
55553.26,8352.00,0.00,0.00
55553.26,8352.00,0.00,0.00
55553.26,8352.00,0.00,0.00
55553.26,8352.00,0.00,0.00
55553.26,8352.00,0.00,0.00
55553.26,8352.00,0.00,0.00
55553.26,8352.00,0.00,0.00
55553.26,8352.00,0.00,0.00
55553.26,8352.00,0.00,0.00
55553.26,8352.00,0.00,0.00
55553.26,8352.00,0.00,0.00
55553.26,8352.00,0.00,0.00
55553.26,8352.00,0.00,0.00
55553.26,8352.00,0.00,0.00
55553.26,8352.00,0.00,0.00
55553.26,8352.00,0.00,0.00
55553.26,8352.00,0.00,0.00
55553.26,8352.00,0.00,0.00
55553.26,8352.00,0.00,0.00
55553.26,8352.00,0.00,0.00
55553.26,8352.00,0.00,0.00
55553.26,8352.00,0.00,0.00
55553.26,8352.00,0.00,0.00
55553.26,8352.00,0.00,0.00
55553.26,8352.00,0.00,0.00
55553.26,8352.00,0.00,0.00
55553.26,8352.00,0.00,0.00
55553.26,8352.00,0.00,0.00
55553.26,8352.00,0.00,0.00
55553.26,8352.00,0.00,0.00
55553.26,8352.00,0.00,0.00
55553.26,8352.00,0.00,0.00
55553.26,8352.00,0.00,0.00
55553.26,8352.00,0.00,0.00
55553.26,8352.00,0.00,0.00
55553.26,8352.00,0.00,0.00
55553.26,8352.00,0.00,0.00
55553.26,8352.00,0.00,0.00
55553.26,8352.00,0.00,0.00
55553.26,8352.00,0.00,0.00
55553.26,8352.00,0.00,0.00
55553.26,8352.00,0.00,0.00
55553.26,8352.00,0.00,0.00
55553.26,8352.00,0.00,0.00
55553.26,8352.00,0.00,0.00
55553.26,8352.00,0.00,0.00
55553.26,8352.00,0.00,0.00
55553.26,8352.00,0.00,0.00
55553.26,8352.00,0.00,0.00
55553.26,8352.00,0.00,0.00
55553.26,8352.00,0.00,0.00
55553.26,8352.00,0.00,0.00
55553.26,8352.00,0.00,0.00
55553.26,8352.00,0.00,0.00
55553.26,8352.00,0.00,0.00
55553.26,8352.00,0.00,0.00
55553.26,8352.00,0.00,0.00
55553.26,8352.00,0.00,0.00
55553.26,8352.00,0.00,0.00
55553.26,8352.00,0.00,0.00
55553.18,8352.00,-0.08,0.00
55553.02,8352.00,-0.16,0.00
55552.78,8352.00,-0.24,0.00
55552.46,8352.00,-0.32,0.00
55552.06,8352.00,-0.40,0.00
55551.58,8352.00,-0.48,0.00
55551.02,8352.00,-0.56,0.00
55550.38,8352.00,-0.64,0.00
55549.66,8352.00,-0.72,0.00
55548.86,8352.00,-0.80,0.00
55547.98,8352.00,-0.88,0.00
55547.02,8352.00,-0.96,0.00
55545.98,8352.00,-1.04,0.00
55544.86,8352.00,-1.12,0.00
55543.94,8352.00,-0.92,0.00
55543.22,8352.00,-0.72,0.00
55542.70,8352.00,-0.52,0.00
55542.38,8352.00,-0.32,0.00
55542.26,8352.00,-0.12,0.00
55542.26,8352.00,0.00,0.00
55542.26,8352.00,0.00,0.00
55542.26,8352.00,0.00,0.00
55542.26,8352.00,0.00,0.00
55542.26,8352.00,0.00,0.00
55542.26,8352.00,0.00,0.00
55542.26,8352.00,0.00,0.00
55542.26,8352.00,0.00,0.00
55542.26,8352.00,0.00,0.00
55542.26,8352.00,0.00,0.00
55542.26,8352.00,0.00,0.00
55542.26,8352.00,0.00,0.00
55542.26,8352.00,0.00,0.00
55542.26,8352.00,0.00,0.00
55542.26,8352.00,0.00,0.00
55542.26,8352.00,0.00,0.00
55542.26,8352.00,0.00,0.00
55542.26,8352.00,0.00,0.00
55542.26,8352.00,0.00,0.00
55542.26,8352.00,0.00,0.00
55542.26,8352.00,0.00,0.00
55542.26,8352.00,0.00,0.00
55542.26,8352.00,0.00,0.00
55542.26,8352.00,0.00,0.00
55542.26,8352.00,0.00,0.00
55542.26,8352.00,0.00,0.00
55542.26,8352.00,0.00,0.00
55542.26,8352.00,0.00,0.00
55542.26,8352.00,0.00,0.00
55542.26,8352.00,0.00,0.00
55542.26,8352.00,0.00,0.00
55542.26,8352.00,0.00,0.00
55542.26,8352.00,0.00,0.00
55542.26,8352.00,0.00,0.00
55542.26,8352.00,0.00,0.00
55542.26,8352.00,0.00,0.00
55542.26,8352.00,0.00,0.00
55542.26,8352.00,0.00,0.00
55542.26,8352.00,0.00,0.00
55542.26,8352.00,0.00,0.00
55542.26,8352.00,0.00,0.00
55542.26,8352.00,0.00,0.00
55542.26,8352.00,0.00,0.00
55542.26,8352.00,0.00,0.00
55542.26,8352.00,0.00,0.00
55542.26,8352.00,0.00,0.00
55542.26,8352.00,0.00,0.00
55542.26,8352.00,0.00,0.00
55542.26,8352.00,0.00,0.00
55542.26,8352.00,0.00,0.00
55542.26,8352.00,0.00,0.00
55542.26,8352.00,0.00,0.00
55542.26,8352.00,0.00,0.00
55542.26,8352.00,0.00,0.00
55542.26,8352.00,0.00,0.00
55542.26,8352.00,0.00,0.00
55542.26,8352.00,0.00,0.00
55542.26,8352.00,0.00,0.00
55542.26,8352.00,0.00,0.00
55542.26,8352.00,0.00,0.00
55542.26,8352.00,0.00,0.00
55542.26,8352.00,0.00,0.00
55542.26,8352.00,0.00,0.00
55542.26,8352.00,0.00,0.00
55542.26,8352.00,0.00,0.00
55542.26,8352.00,0.00,0.00
55542.26,8352.00,0.00,0.00
55542.26,8352.00,0.00,0.00
55542.26,8352.00,0.00,0.00
55542.26,8352.00,0.00,0.00
55542.26,8352.00,0.00,0.00
55542.26,8352.00,0.00,0.00
55542.26,8352.00,0.00,0.00
55542.26,8352.00,0.00,0.00
55542.26,8352.00,0.00,0.00
55542.26,8352.00,0.00,0.00
55542.26,8352.00,0.00,0.00
55542.26,8352.00,0.00,0.00
55542.26,8352.00,0.00,0.00
55542.26,8352.00,0.00,0.00
55542.26,8352.00,0.00,0.00
55542.26,8352.00,0.00,0.00
55542.26,8352.00,0.00,0.00
55542.26,8352.00,0.00,0.00
55542.26,8352.00,0.00,0.00
55542.26,8352.00,0.00,0.00
55542.26,8352.00,0.00,0.00
55542.26,8352.00,0.00,0.00
55542.26,8352.00,0.00,0.00
55542.26,8352.00,0.00,0.00
55542.26,8352.00,0.00,0.00
55542.26,8352.00,0.00,0.00
55542.26,8352.00,0.00,0.00
55542.26,8352.00,0.00,0.00
55542.26,8352.00,0.00,0.00
55542.26,8352.00,0.00,0.00
55542.26,8352.00,0.00,0.00
55542.26,8352.00,0.00,0.00
55542.26,8352.00,0.00,0.00
55542.26,8352.00,0.00,0.00
55542.26,8352.00,0.00,0.00
55542.26,8352.00,0.00,0.00
55542.26,8352.00,0.00,0.00
55542.26,8352.00,0.00,0.00
55542.26,8352.00,0.00,0.00
55542.26,8352.00,0.00,0.00
55542.26,8352.00,0.00,0.00
55542.26,8352.00,0.00,0.00
55542.26,8352.00,0.00,0.00
55542.26,8352.00,0.00,0.00
55542.26,8352.00,0.00,0.00
55542.26,8352.00,0.00,0.00
55542.26,8352.00,0.00,0.00
55542.26,8352.00,0.00,0.00
55542.26,8352.00,0.00,0.00
55542.26,8352.00,0.00,0.00
55542.26,8352.00,0.00,0.00
55542.26,8352.00,0.00,0.00
55542.26,8352.00,0.00,0.00
55542.26,8352.00,0.00,0.00
55542.26,8352.00,0.00,0.00
55542.26,8352.00,0.00,0.00
55542.26,8352.00,0.00,0.00
55542.26,8352.00,0.00,0.00
55542.26,8352.00,0.00,0.00
55542.26,8352.00,0.00,0.00
55542.26,8352.00,0.00,0.00
55542.26,8352.00,0.00,0.00
55542.26,8352.00,0.00,0.00
55542.26,8352.00,0.00,0.00
55542.26,8352.00,0.00,0.00
55542.26,8352.00,0.00,0.00
55542.26,8352.00,0.00,0.00
55542.26,8352.00,0.00,0.00
55542.26,8352.00,0.00,0.00
55542.26,8352.00,0.00,0.00
55542.26,8352.00,0.00,0.00
55542.26,8352.00,0.00,0.00
55542.26,8352.00,0.00,0.00
55542.26,8352.00,0.00,0.00
55542.26,8352.00,0.00,0.00
55542.26,8352.00,0.00,0.00
55542.26,8352.00,0.00,0.00
55542.26,8352.00,0.00,0.00
55542.26,8352.00,0.00,0.00
55542.26,8352.00,0.00,0.00
55542.26,8352.00,0.00,0.00
55542.26,8352.00,0.00,0.00
55542.26,8352.00,0.00,0.00
55542.26,8352.00,0.00,0.00
55542.26,8352.00,0.00,0.00
55542.26,8352.00,0.00,0.00
55542.26,8352.00,0.00,0.00
55542.26,8352.00,0.00,0.00
55542.26,8352.00,0.00,0.00
55542.26,8352.00,0.00,0.00
55542.26,8352.00,0.00,0.00
55542.26,8352.00,0.00,0.00
55542.26,8352.00,0.00,0.00
55542.26,8352.00,0.00,0.00
55542.26,8352.00,0.00,0.00
55542.26,8352.00,0.00,0.00
55542.26,8352.40,0.00,0.40
55542.26,8353.20,0.00,0.80
55542.26,8354.40,0.00,1.20
55542.26,8356.00,0.00,1.60
55542.26,8358.00,0.00,2.00
55542.26,8360.40,0.00,2.40
55542.26,8363.20,0.00,2.80
55542.26,8366.40,0.00,3.20
55542.26,8370.00,0.00,3.60
55542.26,8374.00,0.00,4.00
55542.26,8378.40,0.00,4.40
55542.26,8383.20,0.00,4.80
55542.26,8388.40,0.00,5.20
55542.26,8394.00,0.00,5.60
55542.26,8400.00,0.00,6.00
55542.26,8406.40,0.00,6.40
55542.26,8413.20,0.00,6.80
55542.26,8420.40,0.00,7.20
55542.26,8428.00,0.00,7.60
55542.26,8436.00,0.00,8.00
55542.26,8444.40,0.00,8.40
55542.26,8453.20,0.00,8.80
55542.26,8462.40,0.00,9.20
55542.26,8464.00,0.00,1.60
55542.26,8464.00,0.00,0.00
55542.26,8464.00,0.00,0.00
55542.26,8464.00,0.00,0.00
55542.26,8464.00,0.00,0.00
55542.34,8464.00,0.08,0.00
55542.50,8464.00,0.16,0.00
55542.74,8464.00,0.24,0.00
55543.06,8464.00,0.32,0.00
55543.46,8464.00,0.40,0.00
55543.94,8464.00,0.48,0.00
55544.50,8459.39,0.56,-4.61
55545.14,8454.78,0.64,-4.61
55545.86,8450.17,0.72,-4.61
55546.66,8445.56,0.80,-4.61
55547.54,8440.95,0.88,-4.61
55548.50,8436.34,0.96,-4.61
55549.54,8432.13,1.04,-4.21
55550.66,8428.32,1.12,-3.81
55551.86,8424.91,1.20,-3.41
55553.14,8421.90,1.28,-3.01
55554.50,8419.29,1.36,-2.61
55555.94,8417.08,1.44,-2.21
55557.46,8415.27,1.52,-1.81
55559.06,8413.86,1.60,-1.41
55560.74,8412.85,1.68,-1.01
55562.50,8412.24,1.76,-0.61
55564.34,8412.03,1.84,-0.21
55566.26,8412.22,1.92,0.19
55568.26,8412.81,2.00,0.59
55570.34,8413.80,2.08,0.99
55572.50,8415.19,2.16,1.39
55574.74,8416.98,2.24,1.79
55577.06,8419.17,2.32,2.19
55579.46,8421.76,2.40,2.59
55581.94,8424.75,2.48,2.99
55584.50,8428.14,2.56,3.39
55587.14,8431.93,2.64,3.79
55589.86,8432.00,2.72,0.07
55592.66,8432.00,2.80,0.00
55595.54,8432.00,2.88,0.00
55598.50,8432.00,2.96,0.00
55601.54,8432.00,3.04,0.00
55604.38,8432.00,2.84,0.00
55607.30,8432.00,2.92,0.00
55610.30,8432.00,3.00,0.00
55613.38,8432.00,3.08,0.00
55616.25,8432.00,2.88,0.00
55619.21,8432.00,2.96,0.00
55622.25,8432.00,3.04,0.00
55625.09,8432.00,2.84,0.00
55628.02,8448.40,2.92,0.40
55631.02,8449.20,3.00,0.80
55634.09,8450.40,3.08,1.20
55637.07,8452.00,2.98,1.60
55640.13,8454.00,3.06,2.00
55643.09,8456.40,2.96,2.40
55646.13,8459.20,3.04,2.80
55649.07,8462.40,2.94,3.20
55652.09,8466.00,3.02,3.60
55655.02,8470.00,2.92,4.00
55658.02,8474.40,3.00,4.40
55661.09,8479.20,3.08,4.80
55664.07,8484.40,2.98,5.20
55666.95,8490.00,2.88,5.60
55669.73,8496.00,2.78,6.00
55672.41,8502.40,2.68,6.40
55674.99,8509.20,2.58,6.80
55677.47,8516.40,2.48,7.20
55679.85,8524.00,2.38,7.60
55682.13,8528.00,2.28,4.00
55684.31,8528.00,2.18,0.00
55686.29,8528.00,1.98,0.00
55688.07,8528.00,1.78,0.00
55689.65,8528.00,1.58,0.00
55691.03,8528.00,1.38,0.00
55692.21,8528.00,1.18,0.00
55693.19,8528.00,0.98,0.00
55693.97,8528.00,0.78,0.00
55694.55,8528.00,0.58,0.00
55694.93,8528.00,0.38,0.00
55695.11,8528.00,0.18,0.00
55695.11,8528.00,0.00,0.00
55695.11,8528.00,0.00,0.00
55695.11,8528.00,0.00,0.00
55695.11,8528.00,0.00,0.00
55695.11,8528.00,0.00,0.00
55695.11,8528.00,0.00,0.00
55695.11,8528.00,0.00,0.00
55695.11,8528.00,0.00,0.00
55695.11,8528.00,0.00,0.00
55695.11,8528.00,0.00,0.00
55695.11,8528.00,0.00,0.00
55695.19,8528.00,0.08,0.00
55695.35,8528.00,0.16,0.00
55695.59,8528.00,0.24,0.00
55695.91,8528.00,0.32,0.00
55696.30,8528.00,0.40,0.00
55696.79,8528.00,0.48,0.00
55697.34,8528.00,0.56,0.00
55697.98,8528.00,0.64,0.00
55698.70,8528.00,0.72,0.00
55699.50,8528.00,0.80,0.00
55700.38,8528.00,0.88,0.00
55701.34,8528.00,0.96,0.00
55702.38,8528.00,1.04,0.00
55703.50,8528.00,1.12,0.00
55704.70,8528.00,1.20,0.00
55705.98,8528.00,1.28,0.00
55707.34,8544.40,1.36,0.40
55708.79,8545.20,1.44,0.80
55710.30,8546.40,1.52,1.20
55711.91,8548.00,1.60,1.60
55713.59,8550.00,1.68,2.00
55715.35,8552.40,1.76,2.40
55717.19,8555.19,1.84,0.00
55719.11,8557.11,1.92,0.00
55721.11,8559.11,2.00,0.00
55723.19,8561.19,2.08,0.00
55725.35,8563.35,2.16,0.00
55727.59,8565.59,2.24,0.00
55729.91,8567.91,2.32,0.00
55732.30,8570.31,2.40,0.00
55734.79,8572.79,2.48,0.00
55737.34,8575.34,2.56,0.00
55739.70,8577.70,2.36,0.00
55741.86,8579.86,2.16,0.00
55743.82,8581.82,1.96,0.00
55745.59,8583.59,1.76,0.00
55747.14,8585.15,1.56,0.00
55748.50,8586.50,1.36,0.00
55749.66,8587.66,1.16,0.00
55750.62,8588.63,0.96,0.00
55751.39,8589.03,0.76,0.40
55752.05,8589.83,0.66,0.80
55752.61,8590.61,0.56,0.00
55752.96,8590.97,0.36,0.00
55753.12,8591.13,0.16,0.00
55753.12,8591.13,0.00,0.00
55753.12,8591.13,0.00,0.00
55753.12,8591.13,0.00,0.00
55753.12,8591.13,0.00,0.00
55753.12,8591.13,0.00,0.00
55753.12,8591.13,0.00,0.00
55753.12,8591.13,0.00,0.00
55753.12,8591.13,0.00,0.00
55753.12,8591.13,0.00,0.00
55753.12,8591.13,0.00,0.00
55753.12,8591.13,0.00,0.00
55753.12,8591.13,0.00,0.00
55753.12,8591.13,0.00,0.00
55753.12,8591.13,0.00,0.00
55753.12,8591.13,0.00,0.00
55753.12,8591.13,0.00,0.00
55753.12,8591.13,0.00,0.00
55753.12,8591.13,0.00,0.00
55753.12,8591.13,0.00,0.00
55753.12,8591.13,0.00,0.00
55753.12,8591.13,0.00,0.00
55753.12,8591.13,0.00,0.00
55753.12,8591.13,0.00,0.00
55753.12,8591.13,0.00,0.00
55753.12,8591.13,0.00,0.00
55753.12,8591.13,0.00,0.00
55753.12,8591.13,0.00,0.00
55753.12,8591.13,0.00,0.00
55753.20,8591.20,0.08,0.00
55753.36,8591.36,0.16,0.00
55753.60,8591.60,0.24,0.00
55753.92,8591.92,0.32,0.00
55754.32,8592.32,0.40,0.40
55754.80,8593.12,0.48,0.80
55755.36,8594.32,0.56,1.20
55756.00,8595.92,0.64,1.60
55756.72,8597.92,0.72,2.00
55757.52,8600.32,0.80,2.40
55758.40,8603.12,0.88,2.80
55759.36,8606.32,0.96,3.20
55760.40,8609.92,1.04,3.60
55761.52,8613.92,1.12,4.00
55762.54,8618.32,1.02,4.40
55763.46,8623.12,0.92,4.80
55764.28,8624.00,0.82,0.88
55765.00,8624.00,0.72,0.00
55765.52,8624.00,0.52,0.00
55765.84,8624.00,0.32,0.00
55765.96,8624.00,0.12,0.00
55765.96,8624.00,0.00,0.00
55765.96,8624.00,0.00,0.00
55765.96,8624.00,0.00,0.00
55765.96,8624.00,0.00,0.00
55765.96,8624.00,0.00,0.00
55765.96,8624.00,0.00,0.00
55765.96,8624.00,0.00,0.00
55765.96,8624.00,0.00,0.00
55765.96,8624.00,0.00,0.00
55765.96,8624.00,0.00,0.00
55765.96,8624.00,0.00,0.00
55765.96,8624.00,0.00,0.00
55765.96,8624.00,0.00,0.00
55765.96,8624.00,0.00,0.00
55765.96,8624.00,0.00,0.00
55765.96,8624.00,0.00,0.00
55765.96,8624.00,0.00,0.00
55765.96,8624.00,0.00,0.00
55765.96,8624.00,0.00,0.00
55765.96,8624.00,0.00,0.00
55765.96,8624.00,0.00,0.00
55765.96,8624.00,0.00,0.00
55765.96,8624.00,0.00,0.00
55765.96,8624.00,0.00,0.00
55765.96,8624.00,0.00,0.00
55765.96,8624.00,0.00,0.00
55765.96,8624.00,0.00,0.00
55765.96,8624.00,0.00,0.00
55765.96,8624.00,0.00,0.00
55765.96,8624.00,0.00,0.00
55765.96,8624.00,0.00,0.00
55765.96,8624.00,0.00,0.00
55765.96,8624.00,0.00,0.00
55765.96,8624.00,0.00,0.00
55765.96,8624.00,0.00,0.00
55765.96,8624.00,0.00,0.00
55765.96,8624.00,0.00,0.00
55765.96,8624.00,0.00,0.00
55765.96,8624.00,0.00,0.00
55765.96,8624.00,0.00,0.00
55765.96,8624.00,0.00,0.00
55766.04,8624.00,0.08,0.00
55766.20,8624.00,0.16,0.00
55766.44,8624.00,0.24,0.00
55766.76,8624.00,0.32,0.00
55767.16,8624.00,0.40,0.00
55767.64,8624.00,0.48,0.00
55768.20,8624.00,0.56,0.00
55768.84,8624.00,0.64,0.00
55769.55,8624.00,0.72,0.00
55770.36,8624.36,0.80,0.00
55771.23,8625.23,0.88,0.00
55772.20,8626.20,0.96,0.00
55773.23,8627.23,1.04,0.00
55774.36,8628.36,1.12,0.00
55775.55,8629.56,1.20,0.00
55776.84,8630.84,1.28,0.00
55778.20,8632.20,1.36,0.00
55779.64,8633.64,1.44,0.00
55781.16,8635.16,1.52,0.00
55782.76,8636.76,1.60,0.00
55784.44,8638.44,1.68,0.00
55786.20,8640.20,1.76,0.00
55788.04,8642.04,1.84,0.00
55789.96,8643.96,1.92,0.00
55791.96,8645.96,2.00,0.00
55794.04,8648.04,2.08,0.00
55796.20,8650.20,2.16,0.00
55798.44,8652.44,2.24,0.00
55800.76,8654.76,2.32,0.00
55803.16,8657.16,2.40,0.00
55805.64,8659.64,2.48,0.00
55808.20,8662.20,2.56,0.00
55810.84,8664.84,2.64,0.00
55813.55,8667.56,2.72,0.00
55816.36,8670.36,2.80,0.00
55819.23,8670.76,2.88,0.40
55822.20,8671.56,2.96,0.80
55825.23,8672.76,3.04,1.20
55828.18,8674.36,2.94,1.60
55831.20,8676.36,3.02,2.00
55834.12,8678.76,2.92,2.40
55837.12,8681.56,3.00,2.80
55840.20,8684.76,3.08,3.20
55843.18,8688.36,2.98,3.60
55846.23,8692.36,3.06,4.00
55849.20,8696.76,2.96,4.40
55852.23,8701.56,3.04,4.80
55855.18,8706.76,2.94,5.20
55858.20,8712.36,3.02,5.60
55861.12,8718.36,2.92,6.00
55864.12,8724.76,3.00,6.40
55867.20,8731.56,3.08,6.80
55870.18,8738.76,2.98,7.20
55873.23,8746.36,3.06,7.60
55876.20,8752.00,2.96,5.64
55879.23,8752.00,3.04,0.00
55882.07,8760.00,2.84,0.00
55885.00,8760.00,2.92,0.00
55888.00,8760.00,3.00,0.00
55891.07,8760.00,3.08,0.00
55893.95,8760.00,2.88,0.00
55896.91,8760.00,2.96,0.00
55899.95,8768.00,3.04,0.00
55902.79,8768.00,2.84,0.00
55905.71,8768.00,2.92,0.00
55908.71,8768.00,3.00,0.00
55911.79,8768.00,3.08,0.00
55914.67,8784.40,2.88,0.40
55917.63,8785.20,2.96,0.80
55920.67,8786.40,3.04,1.20
55923.61,8788.00,2.94,1.60
55926.63,8790.00,3.02,2.00
55929.55,8792.40,2.92,2.40
55932.55,8795.20,3.00,2.80
55935.63,8798.40,3.08,3.20
55938.61,8800.00,2.98,1.60
55941.67,8800.00,3.06,0.00
55944.53,8800.00,2.86,0.00
55947.47,8800.40,2.94,0.40
55950.49,8801.20,3.02,0.80
55953.41,8802.40,2.92,1.20
55956.41,8804.00,3.00,1.60
55959.49,8806.00,3.08,2.00
55962.47,8808.40,2.98,2.40
55965.53,8811.20,3.06,2.80
55968.49,8814.40,2.96,3.20
55971.53,8809.79,3.04,-4.61
55974.47,8805.18,2.94,-4.61
55977.49,8800.57,3.02,-4.61
55980.41,8795.96,2.92,-4.61
55983.41,8791.35,3.00,-4.61
55986.49,8786.74,3.08,-4.61
55989.47,8782.13,2.98,-4.61
55992.53,8780.53,3.06,0.01
55995.49,8783.49,2.96,0.41
55998.53,8786.53,3.04,0.81
56001.47,8789.47,2.94,1.21
56004.49,8792.49,3.02,1.61
56007.41,8794.50,2.92,2.01
56010.41,8796.91,3.00,2.41
56013.49,8799.72,3.08,2.81
56016.47,8802.93,2.98,3.21
56019.53,8806.54,3.06,3.61
56022.49,8810.55,2.96,4.01
56025.53,8814.96,3.04,4.41
56028.47,8819.77,2.94,4.81
56031.49,8824.98,3.02,5.21
56034.41,8830.59,2.92,5.61
56037.41,8836.60,3.00,6.01
56040.49,8843.01,3.08,6.41
56043.47,8849.82,2.98,6.81
56046.53,8857.03,3.06,7.21
56049.49,8864.65,2.96,7.61
56052.53,8872.65,3.04,8.01
56055.47,8880.00,2.94,7.35
56058.49,8880.00,3.02,0.00
56061.31,8880.00,2.82,0.00
56064.21,8880.00,2.90,0.00
56067.19,8880.00,2.98,0.00
56070.25,8880.00,3.06,0.00
56073.11,8880.00,2.86,0.00
56076.05,8880.00,2.94,0.00
56079.07,8880.00,3.02,0.00
56081.89,8880.00,2.82,0.00
56084.79,8880.00,2.90,0.00
56087.77,8880.00,2.98,0.00
56090.83,8880.00,3.06,0.00
56093.69,8880.00,2.86,0.00
56096.63,8880.00,2.94,0.00
56099.65,8880.00,3.02,0.00
56102.47,8880.00,2.82,0.00
56105.37,8880.00,2.90,0.00
56108.35,8880.00,2.98,0.00
56111.41,8880.00,3.06,0.00
56114.27,8880.00,2.86,0.00
56117.21,8880.00,2.94,0.00
56120.23,8880.00,3.02,0.00
56123.05,8880.00,2.82,0.00
56125.95,8880.00,2.90,0.00
56128.93,8880.00,2.98,0.00
56131.98,8880.00,3.06,0.00
56134.84,8880.00,2.86,0.00
56137.79,8880.00,2.94,0.00
56140.80,8880.00,3.02,0.00
56143.62,8880.00,2.82,0.00
56146.52,8880.00,2.90,0.00
56149.50,8880.00,2.98,0.00
56152.56,8880.00,3.06,0.00
56155.42,8880.00,2.86,0.00
56158.36,8880.00,2.94,0.00
56161.38,8880.00,3.02,0.00
56164.20,8880.00,2.82,0.00
56167.10,8880.00,2.90,0.00
56170.08,8880.00,2.98,0.00
56173.14,8880.00,3.06,0.00
56176.00,8880.00,2.86,0.00
56178.66,8880.00,2.66,0.00
56181.04,8880.00,2.38,0.00
56183.14,8880.00,2.10,0.00
56184.96,8880.00,1.82,0.00
56186.50,8880.00,1.54,0.00
56187.76,8880.00,1.26,0.00
56188.74,8880.00,0.98,0.00
56189.44,8880.00,0.70,0.00
56189.86,8880.00,0.42,0.00
56190.00,8880.00,0.14,0.00
56190.06,8880.00,0.06,0.00
56190.04,8880.00,-0.02,0.00
56189.94,8880.00,-0.10,0.00
56189.76,8880.00,-0.18,0.00
56189.50,8880.00,-0.26,0.00
56189.16,8880.00,-0.34,0.00
56188.74,8880.00,-0.42,0.00
56188.24,8880.00,-0.50,0.00
56187.66,8880.00,-0.58,0.00
56187.00,8880.00,-0.66,0.00
56186.26,8880.00,-0.74,0.00
56185.44,8880.00,-0.82,0.00
56184.54,8880.00,-0.90,0.00
56183.56,8880.00,-0.98,0.00
56182.50,8880.00,-1.06,0.00
56181.36,8880.00,-1.14,0.00
56180.14,8880.00,-1.22,0.00
56178.84,8880.00,-1.30,0.00
56177.46,8880.00,-1.38,0.00
56176.00,8880.00,-1.46,0.00
56174.46,8880.00,-1.54,0.00
56172.84,8880.00,-1.62,0.00
56171.14,8880.00,-1.70,0.00
56169.36,8880.00,-1.78,0.00
56167.50,8880.00,-1.86,0.00
56165.56,8880.00,-1.94,0.00
56163.54,8880.00,-2.02,0.00
56161.44,8880.00,-2.10,0.00
56159.26,8880.00,-2.18,0.00
56157.00,8880.00,-2.26,0.00
56154.66,8880.00,-2.34,0.00
56152.24,8880.00,-2.42,0.00
56149.74,8880.00,-2.50,0.00
56147.16,8880.00,-2.58,0.00
56144.50,8880.00,-2.66,0.00
56141.76,8880.00,-2.74,0.00
56138.94,8880.00,-2.82,0.00
56136.04,8880.00,-2.90,0.00
56133.06,8880.00,-2.98,0.00
56130.00,8880.00,-3.06,0.00
56127.14,8880.00,-2.86,0.00
56124.20,8880.00,-2.94,0.00
56121.18,8880.00,-3.02,0.00
56118.36,8880.00,-2.82,0.00
56115.46,8880.00,-2.90,0.00
56112.48,8880.00,-2.98,0.00
56109.43,8880.00,-3.06,0.00
56106.57,8880.00,-2.86,0.00
56103.62,8880.00,-2.94,0.00
56100.61,8880.00,-3.02,0.00
56097.79,8880.00,-2.82,0.00
56094.89,8880.00,-2.90,0.00
56091.91,8880.00,-2.98,0.00
56088.85,8880.00,-3.06,0.00
56085.99,8880.00,-2.86,0.00
56083.05,8880.00,-2.94,0.00
56080.03,8880.00,-3.02,0.00
56077.21,8880.00,-2.82,0.00
56074.31,8880.00,-2.90,0.00
56071.33,8880.00,-2.98,0.00
56068.27,8880.00,-3.06,0.00
56065.41,8880.00,-2.86,0.00
56062.47,8880.00,-2.94,0.00
56059.45,8880.00,-3.02,0.00
56056.63,8880.00,-2.82,0.00
56053.73,8880.00,-2.90,0.00
56050.75,8880.00,-2.98,0.00
56047.69,8880.00,-3.06,0.00
56044.83,8875.39,-2.86,-4.61
56041.89,8870.78,-2.94,-4.61
56038.87,8866.17,-3.02,-4.61
56035.95,8861.56,-2.92,-4.61
56032.95,8856.95,-3.00,-4.61
56030.05,8852.34,-2.90,-4.61
56027.07,8847.73,-2.98,-4.61
56024.01,8843.12,-3.06,-4.61
56021.05,8838.51,-2.96,-4.61
56018.01,8833.90,-3.04,-4.61
56015.07,8829.29,-2.94,-4.61
56012.05,8824.68,-3.02,-4.61
56009.13,8820.07,-2.92,-4.61
56006.13,8815.46,-3.00,-4.61
56003.23,8811.25,-2.90,-4.21
56000.25,8807.44,-2.98,-3.81
55997.19,8804.03,-3.06,-3.41
55994.23,8801.02,-2.96,-3.01
55991.19,8798.41,-3.04,-2.61
55988.25,8796.20,-2.94,-2.21
55985.23,8794.39,-3.02,-1.81
55982.31,8792.98,-2.92,-1.41
55979.31,8791.97,-3.00,-1.01
55976.41,8791.36,-2.90,-0.61
55973.43,8786.75,-2.98,-4.61
55970.37,8782.14,-3.06,-4.61
55967.41,8777.52,-2.96,-4.61
55964.37,8772.91,-3.04,-4.61
55961.43,8768.30,-2.94,-4.61
55958.41,8763.69,-3.02,-4.61
55955.49,8759.08,-2.92,-4.61
55952.49,8754.47,-3.00,-4.61
55949.59,8749.86,-2.90,-4.61
55946.61,8745.25,-2.98,-4.61
55943.55,8740.64,-3.06,-4.61
55940.59,8736.03,-2.96,-4.61
55937.55,8731.82,-3.04,-4.21
55934.61,8728.01,-2.94,-3.81
55931.59,8724.60,-3.02,-3.41
55928.67,8721.59,-2.92,-3.01
55925.67,8718.98,-3.00,-2.61
55922.77,8716.77,-2.90,-2.21
55919.79,8714.96,-2.98,-1.81
55916.73,8713.55,-3.06,-1.41
55913.77,8712.54,-2.96,-1.01
55910.73,8711.93,-3.04,-0.61
55907.79,8711.72,-2.94,-0.21
55904.77,8711.91,-3.02,0.19
55901.85,8712.50,-2.92,0.59
55898.85,8713.49,-3.00,0.99
55895.95,8714.88,-2.90,1.39
55892.97,8716.67,-2.98,1.79
55889.91,8718.86,-3.06,2.19
55886.95,8721.45,-2.96,2.59
55883.91,8724.44,-3.04,2.99
55880.97,8727.83,-2.94,3.39
55877.95,8731.62,-3.02,3.79
55875.03,8735.81,-2.92,4.19
55872.03,8740.40,-3.00,4.59
55869.13,8745.39,-2.90,4.99
55866.15,8750.78,-2.98,5.39
55863.09,8752.00,-3.06,1.22
55860.13,8752.00,-2.96,0.00
55857.09,8752.00,-3.04,0.00
55854.25,8752.00,-2.84,0.00
55851.33,8752.00,-2.92,0.00
55850.00,8752.00,-1.33,0.00
55850.00,8752.00,0.00,0.00
55850.00,8752.00,0.00,0.00
55850.00,8747.39,0.00,-4.61
55850.00,8742.78,0.00,-4.61
55850.00,8738.17,0.00,-4.61
55850.00,8733.56,0.00,-4.61
55850.00,8728.95,0.00,-4.61
55850.00,8724.34,0.00,-4.61
55850.00,8719.73,0.00,-4.61
55849.92,8715.12,-0.08,-4.61
55849.76,8710.51,-0.16,-4.61
55849.52,8705.90,-0.24,-4.61
55849.20,8701.29,-0.32,-4.61
55848.80,8696.68,-0.40,-4.61
55848.32,8692.07,-0.48,-4.61
55847.77,8687.46,-0.56,-4.61
55847.12,8682.85,-0.64,-4.61
55846.41,8678.64,-0.72,-4.21
55845.61,8674.83,-0.80,-3.81
55844.73,8671.42,-0.88,-3.41
55843.77,8668.41,-0.96,-3.01
55842.73,8665.80,-1.04,-2.61
55841.61,8663.59,-1.12,-2.21
55840.41,8661.78,-1.20,-1.81
55839.12,8660.37,-1.28,-1.41
55837.77,8659.36,-1.36,-1.01
55836.32,8658.75,-1.44,-0.61
55834.80,8658.54,-1.52,-0.21
55833.20,8658.73,-1.60,0.19
55831.52,8659.32,-1.68,0.59
55829.76,8660.31,-1.76,0.99
55827.92,8661.70,-1.84,1.39
55826.00,8663.49,-1.92,1.79
55824.00,8665.68,-2.00,2.19
55821.92,8668.27,-2.08,2.59
55819.76,8671.26,-2.16,2.99
55817.52,8671.52,-2.24,0.00
55815.20,8669.20,-2.32,0.00
55812.80,8666.81,-2.40,0.00
55810.32,8664.32,-2.48,0.00
55807.77,8661.77,-2.56,0.00
55805.12,8659.13,-2.64,0.00
55802.41,8656.41,-2.72,0.00
55799.61,8653.61,-2.80,0.00
55796.73,8650.73,-2.88,0.00
55793.77,8647.77,-2.96,0.00
55790.73,8644.73,-3.04,0.00
55787.89,8641.89,-2.84,0.00
55784.96,8637.28,-2.92,-4.61
55781.96,8632.67,-3.00,-4.61
55778.89,8628.06,-3.08,-4.61
55775.91,8623.45,-2.98,-4.61
55772.85,8618.84,-3.06,-4.61
55769.89,8614.23,-2.96,-4.61
55766.85,8609.61,-3.04,-4.61
55763.91,8605.00,-2.94,-4.61
55760.89,8600.39,-3.02,-4.61
55757.96,8595.78,-2.92,-4.61
55754.96,8591.17,-3.00,-4.61
55751.89,8586.56,-3.08,-4.61
55748.91,8582.35,-2.98,-4.21
55745.85,8578.54,-3.06,-3.81
55742.89,8575.13,-2.96,-3.41
55739.85,8572.12,-3.04,-3.01
55736.91,8569.51,-2.94,-2.61
55733.89,8567.30,-3.02,-2.21
55730.96,8565.49,-2.92,-1.81
55727.96,8564.08,-3.00,-1.41
55724.89,8562.89,-3.08,-1.01
55721.91,8559.91,-2.98,-0.61
55718.85,8556.85,-3.06,-0.21
55715.89,8553.89,-2.96,0.00
55712.85,8550.85,-3.04,0.00
55710.01,8548.01,-2.84,0.00
55707.09,8545.09,-2.92,0.00
55706.00,8544.00,-1.09,0.00
55704.84,8528.00,-1.17,0.00
55703.59,8528.00,-1.25,0.00
55702.27,8528.00,-1.33,0.00
55700.86,8528.00,-1.41,0.00
55699.38,8528.00,-1.49,0.00
55697.81,8528.00,-1.57,0.00
55696.16,8528.00,-1.65,0.00
55694.44,8528.00,-1.73,0.00
55692.63,8528.00,-1.81,0.00
55690.75,8528.00,-1.89,0.00
55688.78,8528.00,-1.97,0.00
55686.73,8528.00,-2.05,0.00
55684.61,8528.00,-2.13,0.00
55682.40,8528.00,-2.21,0.00
55680.12,8528.00,-2.29,0.00
55677.75,8528.00,-2.37,0.00
55675.30,8528.00,-2.45,0.00
55672.78,8528.00,-2.53,0.00
55670.17,8528.00,-2.61,0.00
55667.48,8530.52,-2.69,0.00
55664.72,8533.28,-2.77,0.00
55661.87,8536.13,-2.85,0.00
55658.95,8539.06,-2.93,0.00
55655.94,8542.06,-3.01,0.00
55653.13,8544.87,-2.81,0.00
55650.25,8547.75,-2.89,0.00
55647.28,8550.72,-2.97,0.00
55644.23,8553.77,-3.05,0.00
55641.39,8556.61,-2.85,0.00
55638.46,8559.54,-2.93,0.00
55635.45,8562.55,-3.01,0.00
55632.65,8565.35,-2.81,0.00
55629.76,8568.24,-2.89,0.00
55626.80,8571.20,-2.97,0.00
55623.75,8574.25,-3.05,0.00
55620.90,8577.10,-2.85,0.00
55617.98,8580.02,-2.93,0.00
55614.97,8583.03,-3.01,0.00
55612.16,8585.84,-2.81,0.00
55609.28,8588.72,-2.89,0.00
55606.31,8591.69,-2.97,0.00
55603.27,8594.73,-3.05,0.00
55600.42,8597.58,-2.85,0.00
55597.49,8600.51,-2.93,0.00
55594.48,8603.52,-3.01,0.00
55591.68,8606.32,-2.81,0.00
55588.79,8609.21,-2.89,0.00
55585.83,8612.17,-2.97,0.00
55582.78,8615.22,-3.05,0.00
55579.93,8618.07,-2.85,0.00
55577.01,8620.99,-2.93,0.00
55574.00,8624.00,-3.01,0.00
55571.20,8626.81,-2.81,0.00
55568.31,8629.69,-2.89,0.00
55565.34,8632.66,-2.97,0.00
55562.30,8635.70,-3.05,0.00
55559.45,8638.55,-2.85,0.00
55556.52,8641.48,-2.93,0.00
55553.52,8644.48,-3.01,0.00
55550.71,8647.29,-2.81,0.00
55547.82,8650.18,-2.89,0.00
55544.86,8653.14,-2.97,0.00
55541.81,8656.19,-3.05,0.00
55538.96,8659.04,-2.85,0.00
55536.04,8661.96,-2.93,0.00
55533.03,8664.97,-3.01,0.00
55530.23,8667.77,-2.81,0.00
55527.34,8670.66,-2.89,0.00
55524.38,8671.06,-2.97,0.40
55521.33,8671.86,-3.05,0.80
55518.38,8673.06,-2.95,1.20
55515.36,8674.66,-3.03,1.60
55512.43,8676.66,-2.93,2.00
55509.42,8679.06,-3.01,2.40
55506.52,8681.86,-2.91,2.80
55503.53,8685.06,-2.99,3.20
55500.46,8688.66,-3.07,3.60
55497.50,8692.66,-2.97,4.00
55494.45,8697.06,-3.05,4.40
55491.51,8701.86,-2.95,4.80
55488.48,8707.06,-3.03,5.20
55485.55,8712.66,-2.93,5.60
55482.55,8718.66,-3.01,6.00
55479.64,8725.06,-2.91,6.40
55476.66,8730.66,-2.99,0.00
55473.59,8727.59,-3.07,0.00
55470.72,8724.72,-2.87,0.00
55467.78,8721.78,-2.95,0.00
55464.75,8720.00,-3.03,0.00
55461.93,8720.00,-2.83,0.00
55459.02,8720.00,-2.91,0.00
55456.04,8720.00,-2.99,0.00
55452.97,8720.00,-3.07,0.00
55450.10,8720.00,-2.87,0.00
55447.16,8704.00,-2.95,0.00
55444.13,8704.00,-3.03,0.00
55441.30,8704.00,-2.83,0.00
55438.40,8704.00,-2.91,0.00
55435.41,8704.00,-2.99,0.00
55432.35,8704.00,-3.07,0.00
55429.48,8704.00,-2.87,0.00
55426.54,8704.00,-2.95,0.00
55423.51,8704.00,-3.03,0.00
55420.68,8704.00,-2.83,0.00
55417.78,8704.00,-2.91,0.00
55414.79,8704.00,-2.99,0.00
55411.73,8704.00,-3.07,0.00
55408.86,8704.00,-2.87,0.00
55405.91,8704.00,-2.95,0.00
55402.89,8704.00,-3.03,0.00
55400.06,8704.00,-2.83,0.00
55397.16,8704.00,-2.91,0.00
55394.17,8704.00,-2.99,0.00
55391.11,8704.00,-3.07,0.00
55388.24,8704.00,-2.87,0.00
55385.29,8704.00,-2.95,0.00
55382.27,8704.00,-3.03,0.00
55379.44,8704.00,-2.83,0.00
55376.54,8704.00,-2.91,0.00
55373.55,8704.00,-2.99,0.00
55370.48,8704.00,-3.07,0.00
55367.62,8704.00,-2.87,0.00
55364.67,8704.00,-2.95,0.00
55361.64,8704.00,-3.03,0.00
55358.82,8704.00,-2.83,0.00
55355.91,8704.00,-2.91,0.00
55352.93,8704.00,-2.99,0.00
55349.86,8704.00,-3.07,0.00
55347.00,8704.00,-2.87,0.00
55344.05,8704.00,-2.95,0.00
55341.02,8704.00,-3.03,0.00
55338.20,8704.00,-2.83,0.00
55335.29,8704.00,-2.91,0.00
55332.31,8704.00,-2.99,0.00
55329.24,8704.00,-3.07,0.00
55326.38,8704.00,-2.87,0.00
55323.43,8704.00,-2.95,0.00
55320.40,8704.00,-3.03,0.00
55317.58,8704.00,-2.83,0.00
55314.67,8704.00,-2.91,0.00
55311.69,8704.00,-2.99,0.00
55308.62,8704.00,-3.07,0.00
55305.75,8704.00,-2.87,0.00
55302.81,8704.00,-2.95,0.00
55299.78,8704.00,-3.03,0.00
55296.96,8704.00,-2.83,0.00
55294.05,8704.00,-2.91,0.00
55291.07,8704.00,-2.99,0.00
55288.00,8704.00,-3.07,0.00
55285.13,8704.00,-2.87,0.00
55282.19,8704.00,-2.95,0.00
55279.44,8704.00,-2.75,0.00
55276.89,8704.00,-2.55,0.00
55274.55,8704.00,-2.35,0.00
55272.40,8704.00,-2.15,0.00
55270.46,8704.00,-1.95,0.00
55268.71,8704.00,-1.75,0.00
55267.16,8704.00,-1.55,0.00
55265.82,8704.00,-1.35,0.00
55264.67,8704.00,-1.15,0.00
55263.73,8704.00,-0.95,0.00
55262.98,8704.00,-0.75,0.00
55262.43,8704.00,-0.55,0.00
55262.09,8704.00,-0.35,0.00
55261.94,8704.00,-0.15,0.00
55261.94,8704.00,0.00,0.00
55261.94,8704.00,0.00,0.00
55261.94,8704.00,0.00,0.00
55261.94,8704.00,0.00,0.00
55261.94,8704.00,0.00,0.00
55261.94,8704.00,0.00,0.00
55261.94,8704.00,0.00,0.00
55261.94,8704.00,0.00,0.00
55261.86,8704.00,-0.08,0.00
55261.70,8704.00,-0.16,0.00
55261.46,8704.00,-0.24,0.00
55261.14,8704.00,-0.32,0.00
55260.75,8704.00,-0.40,0.00
55260.27,8704.00,-0.48,0.00
55259.71,8704.00,-0.56,0.00
55259.07,8704.00,-0.64,0.00
55258.35,8704.00,-0.72,0.00
55257.55,8704.00,-0.80,0.00
55256.67,8704.00,-0.88,0.00
55255.71,8704.00,-0.96,0.00
55254.67,8704.00,-1.04,0.00
55253.55,8704.00,-1.12,0.00
55252.35,8704.00,-1.20,0.00
55251.07,8704.00,-1.28,0.00
55249.71,8704.00,-1.36,0.00
55248.27,8704.00,-1.44,0.00
55246.75,8704.00,-1.52,0.00
55245.14,8704.00,-1.60,0.00
55243.46,8704.00,-1.68,0.00
55241.70,8704.00,-1.76,0.00
55239.86,8704.00,-1.84,0.00
55237.94,8704.00,-1.92,0.00
55235.94,8704.00,-2.00,0.00
55233.86,8704.00,-2.08,0.00
55231.70,8704.00,-2.16,0.00
55229.46,8704.00,-2.24,0.00
55227.14,8704.00,-2.32,0.00
55224.75,8704.00,-2.40,0.00
55222.27,8704.00,-2.48,0.00
55219.71,8704.00,-2.56,0.00
55217.07,8704.00,-2.64,0.00
55214.35,8704.00,-2.72,0.00
55211.55,8704.00,-2.80,0.00
55208.67,8704.00,-2.88,0.00
55205.71,8704.00,-2.96,0.00
55202.67,8704.00,-3.04,0.00
55199.83,8704.00,-2.84,0.00
55196.91,8704.00,-2.92,0.00
55193.91,8704.00,-3.00,0.00
55190.83,8704.00,-3.08,0.00
55187.95,8720.00,-2.88,0.00
55184.99,8720.00,-2.96,0.00
55181.95,8720.00,-3.04,0.00
55179.11,8720.00,-2.84,0.00
55176.19,8720.00,-2.92,0.00
55173.19,8736.00,-3.00,0.00
55170.11,8736.00,-3.08,0.00
55167.23,8736.00,-2.88,0.00
55164.27,8736.00,-2.96,0.00
55161.23,8736.00,-3.04,0.00
55158.39,8736.00,-2.84,0.00
55155.47,8752.00,-2.92,0.00
55152.47,8752.00,-3.00,0.00
55149.39,8752.00,-3.08,0.00
55146.51,8752.00,-2.88,0.00
55143.55,8752.00,-2.96,0.00
55140.51,8752.00,-3.04,0.00
55137.67,8752.00,-2.84,0.00
55134.75,8752.00,-2.92,0.00
55131.75,8752.00,-3.00,0.00
55128.67,8752.00,-3.08,0.00
55125.79,8752.00,-2.88,0.00
55122.83,8752.00,-2.96,0.00
55119.79,8752.00,-3.04,0.00
55116.95,8752.00,-2.84,0.00
55114.03,8752.00,-2.92,0.00
55111.03,8752.00,-3.00,0.00
55107.95,8752.00,-3.08,0.00
55105.07,8752.00,-2.88,0.00
55102.11,8752.00,-2.96,0.00
55099.07,8752.00,-3.04,0.00
55096.23,8752.00,-2.84,0.00
55093.31,8752.00,-2.92,0.00
55090.31,8752.00,-3.00,0.00
55087.23,8752.00,-3.08,0.00
55084.36,8752.00,-2.88,0.00
55081.39,8752.00,-2.96,0.00
55078.36,8752.00,-3.04,0.00
55075.52,8768.40,-2.84,0.40
55072.59,8769.20,-2.92,0.80
55069.59,8770.40,-3.00,1.20
55066.52,8772.00,-3.08,1.60
55063.54,8774.00,-2.98,2.00
55060.48,8776.40,-3.06,2.40
55057.52,8779.20,-2.96,2.80
55054.48,8782.40,-3.04,3.20
55051.54,8784.00,-2.94,1.60
55048.52,8784.00,-3.02,0.00
55045.70,8800.00,-2.82,0.00
55042.80,8800.00,-2.90,0.00
55039.82,8800.00,-2.98,0.00
55036.76,8800.00,-3.06,0.00
55033.90,8800.00,-2.86,0.00
55030.96,8800.00,-2.94,0.00
55027.94,8800.40,-3.02,0.40
55025.02,8801.20,-2.92,0.80
55022.02,8802.40,-3.00,1.20
55018.94,8804.00,-3.08,1.60
55015.96,8806.00,-2.98,2.00
55012.90,8808.40,-3.06,2.40
55009.94,8811.20,-2.96,2.80
55006.90,8814.40,-3.04,3.20
55003.96,8818.00,-2.94,3.60
55000.94,8822.00,-3.02,4.00
54998.02,8826.40,-2.92,4.40
54995.02,8831.20,-3.00,4.80
54991.94,8836.40,-3.08,5.20
54988.96,8842.00,-2.98,5.60
54985.90,8848.00,-3.06,6.00
54982.94,8854.40,-2.96,6.40
54979.90,8861.20,-3.04,6.80
54976.96,8868.40,-2.94,7.20
54973.94,8876.00,-3.02,7.60
54971.02,8884.00,-2.92,8.00
54968.02,8892.40,-3.00,8.40
54964.94,8901.20,-3.08,8.80
54961.96,8910.40,-2.98,9.20
54958.90,8920.00,-3.06,9.60
54955.94,8930.00,-2.96,10.00
54954.42,8935.01,-3.04,10.01
54952.95,8937.51,-2.94,5.01
54951.44,8940.02,-3.02,5.01
54949.98,8944.00,-2.92,3.99
54948.48,8944.00,-3.00,0.00
54946.94,8944.00,-3.08,0.00
54945.50,8944.00,-2.88,0.00
54944.02,8944.00,-2.96,0.00
54942.50,8944.00,-3.04,0.00
54941.07,8944.00,-2.84,0.00
54939.61,8944.00,-2.92,0.00
54938.11,8944.00,-3.00,0.00
54936.57,8942.57,-3.08,0.00
54935.13,8941.13,-2.88,0.00
54933.65,8939.65,-2.96,0.00
54932.13,8938.13,-3.04,0.00
54930.71,8936.71,-2.84,0.00
54929.25,8935.25,-2.92,0.00
54927.75,8933.75,-3.00,0.00
54926.21,8932.21,-3.08,0.00
54924.77,8930.77,-2.88,0.00
54923.29,8928.00,-2.96,0.00
54921.77,8927.77,-3.04,0.00
54920.35,8926.35,-2.84,0.00
54918.89,8924.89,-2.92,0.00
54917.39,8923.39,-3.00,0.00
54915.85,8921.85,-3.08,0.00
54912.97,8918.97,-2.88,0.00
54910.01,8916.01,-2.96,0.00
54906.97,8912.97,-3.04,0.00
54904.13,8912.00,-2.84,0.00
54901.21,8912.00,-2.92,0.00
54898.21,8912.00,-3.00,0.00
54895.13,8912.00,-3.08,0.00
54892.25,8912.00,-2.88,0.00
54889.29,8912.00,-2.96,0.00
54886.25,8912.00,-3.04,0.00
54883.41,8912.00,-2.84,0.00
54880.49,8912.00,-2.92,0.00
54877.49,8912.00,-3.00,0.00
54874.41,8912.00,-3.08,0.00
54871.53,8912.00,-2.88,0.00
54868.57,8912.40,-2.96,0.40
54865.53,8913.20,-3.04,0.80
54862.59,8914.40,-2.94,1.20
54859.57,8916.00,-3.02,1.60
54856.65,8918.00,-2.92,2.00
54853.65,8920.40,-3.00,2.40
54850.57,8923.20,-3.08,2.80
54847.59,8926.40,-2.98,3.20
54844.53,8930.00,-3.06,3.60
54841.57,8934.00,-2.96,4.00
54838.53,8938.40,-3.04,4.40
54837.06,8940.80,-2.94,4.80
54835.55,8943.30,-3.02,5.00
54834.09,8945.81,-2.92,5.01
54832.59,8948.31,-3.00,5.01
54831.05,8950.82,-3.08,5.01
54829.56,8953.32,-2.98,5.01
54828.03,8955.83,-3.06,5.01
54826.55,8958.33,-2.96,5.01
54825.03,8960.84,-3.04,5.01
54823.56,8963.34,-2.94,5.01
54822.05,8965.85,-3.02,5.01
54820.59,8968.35,-2.92,5.01
54819.09,8970.85,-3.00,5.01
54817.55,8973.36,-3.08,5.01
54816.06,8970.45,-2.98,-5.81
54814.53,8967.55,-3.06,-5.81
54813.05,8964.64,-2.96,-5.81
54811.53,8961.74,-3.04,-5.81
54810.06,8958.83,-2.94,-5.81
54808.55,8955.93,-3.02,-5.81
54807.09,8953.02,-2.92,-5.81
54805.59,8950.12,-3.00,-5.81
54804.05,8947.21,-3.08,-5.81
54802.56,8944.31,-2.98,-5.81
54801.03,8941.40,-3.06,-5.81
54799.55,8938.50,-2.96,-5.81
54798.03,8935.59,-3.04,-5.81
54795.09,8929.78,-2.94,-5.81
54792.07,8925.17,-3.02,-4.61
54789.15,8920.56,-2.92,-4.61
54786.15,8915.95,-3.00,-4.61
54783.07,8911.34,-3.08,-4.61
54780.09,8906.73,-2.98,-4.61
54777.03,8902.12,-3.06,-4.61
54774.07,8897.91,-2.96,-4.21
54771.03,8894.10,-3.04,-3.81
54768.09,8890.69,-2.94,-3.41
54765.07,8887.68,-3.02,-3.01
54762.15,8885.07,-2.92,-2.61
54759.15,8882.86,-3.00,-2.21
54756.07,8881.05,-3.08,-1.81
54753.09,8879.64,-2.98,-1.41
54750.03,8878.63,-3.06,-1.01
54747.07,8878.02,-2.96,-0.61
54744.03,8877.81,-3.04,-0.21
54741.09,8878.00,-2.94,0.19
54738.07,8878.59,-3.02,0.59
54735.15,8879.58,-2.92,0.99
54732.15,8880.97,-3.00,1.39
54729.07,8882.76,-3.08,1.79
54726.09,8884.95,-2.98,2.19
54723.03,8887.54,-3.06,2.59
54720.07,8890.53,-2.96,2.99
54717.03,8893.92,-3.04,3.39
54714.09,8897.71,-2.94,3.79
54711.07,8901.90,-3.02,4.19
54708.15,8906.49,-2.92,4.59
54705.15,8911.48,-3.00,4.99
54702.07,8916.87,-3.08,5.39
54699.09,8922.66,-2.98,5.79
54696.03,8928.85,-3.06,6.19
54693.07,8935.44,-2.96,6.59
54690.03,8942.43,-3.04,6.99
54688.56,8946.13,-2.94,7.39
54687.05,8948.63,-3.02,5.01
54685.59,8951.14,-2.92,5.01
54684.09,8953.64,-3.00,5.01
54682.55,8956.15,-3.08,5.01
54681.06,8958.65,-2.98,5.01
54679.53,8961.16,-3.06,5.01
54678.05,8963.66,-2.96,5.01
54676.53,8966.17,-3.04,5.01
54675.06,8968.67,-2.94,5.01
54673.55,8971.18,-3.02,5.01
54672.09,8973.68,-2.92,5.01
54670.59,8976.19,-3.00,5.01
54669.05,8978.69,-3.08,5.01
54667.56,8981.19,-2.98,5.01
54666.03,8976.00,-3.06,0.00
54664.60,8976.00,-2.86,0.00
54663.13,8976.00,-2.94,0.00
54661.62,8976.00,-3.02,0.00
54660.21,8976.00,-2.82,0.00
54658.76,8976.00,-2.90,0.00
54657.27,8976.00,-2.98,0.00
54655.74,8976.00,-3.06,0.00
54654.31,8976.00,-2.86,0.00
54652.84,8976.00,-2.94,0.00
54651.33,8960.00,-3.02,0.00
54649.92,8960.00,-2.82,0.00
54648.47,8960.00,-2.90,0.00
54646.98,8960.00,-2.98,0.00
54645.45,8960.00,-3.06,0.00
54644.02,8960.00,-2.86,0.00
54642.55,8960.00,-2.94,0.00
54641.04,8960.00,-3.02,0.00
54639.63,8960.00,-2.82,0.00
54638.18,8960.00,-2.90,0.00
54636.70,8960.00,-2.98,0.00
54635.16,8960.00,-3.06,0.00
54633.73,8960.00,-2.86,0.00
54632.41,8960.00,-2.66,0.00
54631.18,8960.00,-2.46,0.00
54630.05,8960.00,-2.26,0.00
54629.02,8960.00,-2.06,0.00
54628.09,8960.00,-1.86,0.00
54627.26,8960.00,-1.66,0.00
54626.53,8960.00,-1.46,0.00
54625.90,8960.00,-1.26,0.00
54625.37,8960.00,-1.06,0.00
54624.94,8960.00,-0.86,0.00
54624.61,8960.00,-0.66,0.00
54624.38,8960.00,-0.46,0.00
54624.25,8960.00,-0.26,0.00
54624.22,8960.00,-0.06,0.00
54624.22,8960.00,0.00,0.00
54624.22,8960.00,0.00,0.00
54624.22,8960.00,0.00,0.00
54624.22,8960.00,0.00,0.00
54624.22,8960.00,0.00,0.00
54624.22,8960.00,0.00,0.00
54624.22,8960.00,0.00,0.00
54624.22,8960.00,0.00,0.00
54624.22,8960.00,0.00,0.00
54624.22,8960.00,0.00,0.00
54624.22,8960.00,0.00,0.00
54624.22,8960.00,0.00,0.00
54624.22,8960.00,0.00,0.00
54624.22,8960.00,0.00,0.00
54624.22,8960.00,0.00,0.00
54624.22,8960.00,0.00,0.00
54624.22,8960.00,0.00,0.00
54624.22,8960.00,0.00,0.00
54624.18,8960.00,-0.08,0.00
54624.10,8960.00,-0.16,0.00
54623.98,8960.00,-0.24,0.00
54623.82,8960.00,-0.32,0.00
54623.62,8960.00,-0.40,0.00
54623.38,8960.00,-0.48,0.00
54623.10,8960.00,-0.56,0.00
54622.78,8960.00,-0.64,0.00
54622.42,8960.00,-0.72,0.00
54622.02,8960.00,-0.80,0.00
54621.58,8960.00,-0.88,0.00
54621.10,8960.00,-0.96,0.00
54620.58,8960.00,-1.04,0.00
54620.02,8960.00,-1.12,0.00
54619.42,8960.00,-1.20,0.00
54618.78,8960.00,-1.28,0.00
54618.10,8960.00,-1.36,0.00
54617.38,8959.38,-1.44,0.00
54616.62,8958.62,-1.52,0.00
54615.82,8957.82,-1.60,0.00
54614.98,8956.98,-1.68,0.00
54614.10,8956.10,-1.76,0.00
54613.18,8955.18,-1.84,0.00
54612.22,8954.22,-1.92,0.00
54611.22,8953.22,-2.00,0.00
54610.18,8952.18,-2.08,0.00
54609.10,8951.10,-2.16,0.00
54607.98,8949.98,-2.24,0.00
54606.82,8948.82,-2.32,0.00
54605.62,8947.62,-2.40,0.00
54604.38,8946.38,-2.48,0.00
54603.10,8936.00,-2.56,0.00
54600.46,8936.00,-2.64,0.00
54597.74,8936.00,-2.72,0.00
54594.94,8936.00,-2.80,0.00
54592.06,8936.00,-2.88,0.00
54589.10,8936.00,-2.96,0.00
54586.06,8936.00,-3.04,0.00
54583.22,8928.00,-2.84,0.00
54580.30,8928.00,-2.92,0.00
54577.30,8928.00,-3.00,0.00
54574.22,8928.00,-3.08,0.00
54571.34,8928.00,-2.88,0.00
54568.38,8928.00,-2.96,0.00
54565.34,8928.00,-3.04,0.00
54562.50,8928.00,-2.84,0.00
54559.58,8928.00,-2.92,0.00
54556.58,8928.00,-3.00,0.00
54553.50,8928.00,-3.08,0.00
54550.62,8928.00,-2.88,0.00
54547.66,8944.00,-2.96,0.00
54544.62,8944.00,-3.04,0.00
54541.79,8944.00,-2.84,0.00
54538.86,8944.00,-2.92,0.00
54535.86,8944.00,-3.00,0.00
54532.79,8944.40,-3.08,0.40
54529.80,8945.20,-2.98,0.80
54526.93,8946.40,-2.88,1.20
54524.14,8948.00,-2.78,1.60
54521.64,8950.00,-2.50,2.00
54519.43,8952.40,-2.22,2.40
54517.48,8955.20,-1.94,2.80
54515.82,8958.40,-1.66,3.20
54514.45,8962.00,-1.38,3.60
54513.34,8966.00,-1.10,4.00
54512.52,8970.40,-0.82,4.40
54511.98,8975.20,-0.54,4.80
54511.72,8980.40,-0.26,5.20
54511.74,8986.00,0.02,5.60
54511.84,8992.00,0.10,6.00
54512.02,8998.40,0.18,6.40
54512.29,9005.20,0.26,6.80
54512.62,9012.40,0.34,7.20
54513.05,9020.00,0.42,7.60
54513.55,9028.00,0.50,8.00
54514.12,9036.40,0.58,8.40
54514.79,9045.20,0.66,8.80
54519.29,9041.70,4.50,-3.50
54523.68,9038.60,4.40,-3.10
54527.98,9035.90,4.30,-2.70
54532.18,9033.60,4.20,-2.30
54536.29,9031.70,4.10,-1.90
54540.29,9030.20,4.00,-1.50
54544.18,9029.10,3.90,-1.10
54547.98,9028.40,3.80,-0.70
54550.00,9028.10,2.02,-0.30
54550.00,9028.20,0.00,0.10
54550.00,9028.70,0.00,0.50
54549.92,9029.60,-0.08,0.90
54549.76,9030.90,-0.16,1.30
54549.52,9032.60,-0.24,1.70
54549.20,9034.70,-0.32,2.10
54548.80,9037.20,-0.40,2.50
54548.32,9040.10,-0.48,2.90
54547.77,9043.40,-0.56,3.30
54547.12,9047.10,-0.64,3.70
54546.41,9051.20,-0.72,4.10
54545.61,9055.70,-0.80,4.50
54544.73,9060.60,-0.88,4.90
54543.77,9065.90,-0.96,5.30
54542.73,9071.60,-1.04,5.70
54541.61,9077.70,-1.12,6.10
54540.41,9084.20,-1.20,6.50
54539.12,9091.10,-1.28,6.90
54537.77,9098.40,-1.36,7.30
54536.32,9106.10,-1.44,7.70
54534.80,9114.20,-1.52,8.10
54533.20,9122.70,-1.60,8.50
54531.52,9131.60,-1.68,8.90
54529.76,9140.90,-1.76,9.30
54527.92,9150.60,-1.84,9.70
54526.00,9152.00,-1.92,1.40
54524.00,9152.00,-2.00,0.00
54522.00,9152.00,-2.00,0.00
54522.00,9152.00,0.00,0.00
54522.00,9152.00,0.00,0.00
54522.00,9152.00,0.00,0.00
54522.00,9152.00,0.00,0.00
54522.00,9152.00,0.00,0.00
54522.00,9152.00,0.00,0.00
54522.00,9152.00,0.00,0.00
54522.00,9152.00,0.00,0.00
54522.00,9152.00,0.00,0.00
54522.00,9152.00,0.00,0.00
54522.00,9147.39,0.00,-4.61
54522.00,9142.78,0.00,-4.61
54522.00,9138.17,0.00,-4.61
54522.00,9133.56,0.00,-4.61
54522.00,9128.95,0.00,-4.61
54522.00,9124.34,0.00,-4.61
54521.92,9119.73,-0.08,-4.61
54521.76,9115.12,-0.16,-4.61
54521.52,9110.51,-0.24,-4.61
54521.20,9105.90,-0.32,-4.61
54520.80,9101.69,-0.40,-4.21
54520.32,9097.88,-0.48,-3.81
54519.77,9094.47,-0.56,-3.41
54519.12,9091.46,-0.64,-3.01
54518.41,9088.85,-0.72,-2.61
54517.61,9086.64,-0.80,-2.21
54516.73,9084.83,-0.88,-1.81
54515.77,9083.42,-0.96,-1.41
54514.73,9082.41,-1.04,-1.01
54513.61,9081.80,-1.12,-0.61
54512.41,9081.59,-1.20,-0.21
54511.12,9081.78,-1.28,0.19
54509.77,9082.37,-1.36,0.59
54508.32,9083.36,-1.44,0.99
54506.80,9084.75,-1.52,1.39
54505.20,9086.54,-1.60,1.79
54503.52,9088.73,-1.68,2.19
54501.76,9091.32,-1.76,2.59
54499.92,9094.31,-1.84,2.99
54498.00,9097.70,-1.92,3.39
54496.00,9101.49,-2.00,3.79
54493.92,9105.68,-2.08,4.19
54491.76,9110.27,-2.16,4.59
54489.52,9115.26,-2.24,4.99
54487.20,9120.00,-2.32,4.74
54484.80,9121.20,-2.40,0.00
54482.32,9123.68,-2.48,0.00
54479.77,9126.23,-2.56,0.00
54477.12,9128.88,-2.64,0.00
54474.41,9131.59,-2.72,0.00
54471.61,9134.40,-2.80,0.00
54468.73,9134.80,-2.88,0.40
54465.95,9135.60,-2.78,0.80
54463.27,9136.00,-2.68,0.41
54460.69,9136.00,-2.58,0.00
54458.31,9136.00,-2.38,0.00
54456.13,9136.00,-2.18,0.00
54454.15,9136.00,-1.98,0.00
54452.37,9152.40,-1.78,0.40
54450.69,9153.20,-1.68,0.80
54449.11,9154.40,-1.58,1.20
54447.63,9156.00,-1.48,1.60
54446.25,9158.00,-1.38,2.00
54444.97,9160.40,-1.28,2.40
54443.79,9162.21,-1.18,0.00
54442.81,9163.19,-0.98,0.00
54442.03,9163.97,-0.78,0.00
54441.45,9164.55,-0.58,0.00
54441.07,9164.93,-0.38,0.00
54440.89,9165.11,-0.18,0.00
54440.89,9165.11,0.00,0.00
54440.89,9165.11,0.00,0.00
54440.89,9165.11,0.00,0.00
54440.89,9165.11,0.00,0.00
54440.89,9165.11,0.00,0.00
54440.89,9165.11,0.00,0.00
54440.89,9165.11,0.00,0.00
54440.89,9165.11,0.00,0.00
54440.97,9165.03,0.08,0.00
54441.13,9164.87,0.16,0.00
54441.37,9164.63,0.24,0.00
54441.69,9164.31,0.32,0.00
54442.09,9163.91,0.40,0.00
54442.57,9163.43,0.48,0.00
54443.12,9162.88,0.56,0.00
54443.77,9162.23,0.64,0.00
54444.48,9161.52,0.72,0.00
54445.29,9160.72,0.80,0.00
54446.16,9159.84,0.88,0.00
54447.12,9158.88,0.96,0.00
54448.16,9157.84,1.04,0.00
54449.29,9156.72,1.12,0.00
54450.48,9155.52,1.20,0.00
54451.77,9154.23,1.28,0.00
54453.12,9152.88,1.36,0.00
54454.00,9152.00,0.88,0.00
54454.95,9136.00,0.96,0.00
54455.99,9136.00,1.04,0.00
54457.10,9136.00,1.12,0.00
54458.30,9136.00,1.20,0.00
54459.57,9136.00,1.28,0.00
54460.93,9136.00,1.36,0.00
54462.36,9136.00,1.44,0.00
54463.88,9136.00,1.52,0.00
54465.47,9136.00,1.60,0.00
54467.14,9136.00,1.68,0.00
54468.90,9136.00,1.76,0.00
54470.73,9135.27,1.84,0.00
54472.65,9133.35,1.92,0.00
54474.64,9131.36,2.00,0.00
54476.72,9129.28,2.08,0.00
54478.88,9127.13,2.16,0.00
54481.11,9124.89,2.24,0.00
54483.43,9122.57,2.32,0.00
54485.82,9120.18,2.40,0.00
54488.30,9120.00,2.48,0.00
54490.85,9120.00,2.56,0.00
54493.49,9120.00,2.64,0.00
54496.20,9120.00,2.72,0.00
54499.00,9120.00,2.80,0.00
54501.88,9120.00,2.88,0.00
54504.83,9120.00,2.96,0.00
54507.86,9120.00,3.04,0.00
54510.70,9120.00,2.84,0.00
54513.61,9120.00,2.91,0.00
54516.61,9120.00,2.99,0.00
54519.68,9120.00,3.07,0.00
54522.56,9120.40,2.87,0.40
54525.51,9121.20,2.95,0.80
54528.55,9122.40,3.03,1.20
54531.48,9124.00,2.93,1.60
54534.50,9126.00,3.01,2.00
54537.41,9128.40,2.91,2.40
54540.41,9131.20,2.99,2.80
54543.48,9134.40,3.07,3.20
54546.46,9138.00,2.97,3.60
54549.51,9142.00,3.05,4.00
54550.00,9146.40,0.49,4.40
54550.00,9151.20,0.00,4.80
54550.00,9156.40,0.00,5.20
54550.08,9162.00,0.08,5.60
54550.24,9168.00,0.16,6.00
54550.48,9168.00,0.24,0.00
54550.80,9168.00,0.32,0.00
54551.20,9168.00,0.40,0.00
54551.68,9168.00,0.48,0.00
54552.23,9168.00,0.56,0.00
54552.88,9168.00,0.64,0.00
54553.59,9168.00,0.72,0.00
54554.39,9168.00,0.80,0.00
54555.27,9168.00,0.88,0.00
54556.23,9168.00,0.96,0.00
54557.27,9168.00,1.04,0.00
54558.39,9168.00,1.12,0.00
54559.59,9168.00,1.20,0.00
54560.88,9168.00,1.28,0.00
54562.23,9168.00,1.36,0.00
54563.68,9168.00,1.44,0.00
54565.20,9168.00,1.52,0.00
54566.80,9168.00,1.60,0.00
54568.48,9168.00,1.68,0.00
54570.24,9176.00,1.76,0.00
54572.08,9176.00,1.84,0.00
54574.00,9176.00,1.92,0.00
54576.00,9176.00,2.00,0.00
54578.08,9176.00,2.08,0.00
54580.24,9176.00,2.16,0.00
54582.48,9176.00,2.24,0.00
54584.80,9176.00,2.32,0.00
54587.20,9184.00,2.40,0.00
54589.68,9184.00,2.48,0.00
54592.23,9184.00,2.56,0.00
54594.88,9184.00,2.64,0.00
54597.59,9184.00,2.72,0.00
54600.39,9184.00,2.80,0.00
54603.27,9192.00,2.88,0.00
54606.23,9192.00,2.96,0.00
54609.27,9192.00,3.04,0.00
54612.11,9192.00,2.84,0.00
54615.04,9192.00,2.92,0.00
54618.04,9200.00,3.00,0.00
54621.11,9200.00,3.08,0.00
54623.99,9200.00,2.88,0.00
54626.95,9200.00,2.96,0.00
54629.99,9200.00,3.04,0.00
54632.83,9200.00,2.84,0.00
54635.75,9200.00,2.92,0.00
54638.75,9200.00,3.00,0.00
54641.83,9200.00,3.08,0.00
54644.71,9200.00,2.88,0.00
54647.67,9200.00,2.96,0.00
54650.71,9200.40,3.04,0.40
54653.65,9201.20,2.94,0.80
54656.67,9202.40,3.02,1.20
54659.59,9204.00,2.92,1.60
54662.59,9206.00,3.00,2.00
54665.67,9208.40,3.08,2.40
54668.65,9211.20,2.98,2.80
54671.71,9214.40,3.06,3.20
54674.67,9218.00,2.96,3.60
54677.35,9222.00,2.68,4.00
54679.75,9226.40,2.40,4.40
54681.87,9231.20,2.12,4.80
54683.71,9236.40,1.84,5.20
54685.27,9242.00,1.56,5.60
54686.55,9248.00,1.28,6.00
54687.55,9254.40,1.00,6.40
54688.27,9261.20,0.72,6.80
54688.71,9268.40,0.44,7.20
54688.87,9276.00,0.16,7.60
54688.95,9284.00,0.08,8.00
54688.95,9292.40,-0.00,8.40
54688.87,9301.20,-0.08,8.80
54688.71,9310.40,-0.16,9.20
54688.47,9320.00,-0.24,9.60
54688.15,9330.00,-0.32,10.00
54687.75,9340.01,-0.40,10.01
54687.27,9350.02,-0.48,10.01
54686.71,9360.03,-0.56,10.01
54686.07,9370.04,-0.64,10.01
54685.36,9376.00,-0.72,5.96
54684.55,9376.00,-0.80,0.00
54683.68,9376.00,-0.88,0.00
54682.71,9376.00,-0.96,0.00
54681.68,9376.00,-1.04,0.00
54680.55,9376.00,-1.12,0.00
54679.36,9376.00,-1.20,0.00
54678.07,9376.00,-1.28,0.00
54676.71,9377.29,-1.36,0.00
54675.27,9378.73,-1.44,0.00
54673.75,9380.25,-1.52,0.00
54672.15,9381.85,-1.60,0.00
54670.47,9383.53,-1.68,0.00
54668.71,9385.29,-1.76,0.00
54666.87,9387.13,-1.84,0.00
54664.95,9389.05,-1.92,0.00
54662.95,9391.05,-2.00,0.00
54660.87,9392.00,-2.08,0.95
54658.71,9392.00,-2.16,0.00
54656.47,9392.00,-2.24,0.00
54654.15,9392.00,-2.32,0.00
54651.75,9392.00,-2.40,0.00
54649.55,9392.00,-2.20,0.00
54647.55,9392.00,-2.00,0.00
54645.75,9392.25,-1.80,0.00
54644.15,9393.85,-1.60,0.00
54642.75,9395.25,-1.40,0.00
54641.55,9396.45,-1.20,0.00
54640.55,9397.45,-1.00,0.00
54639.75,9398.25,-0.80,0.00
54639.15,9398.85,-0.60,0.00
54638.75,9399.25,-0.40,0.00
54638.55,9399.45,-0.20,0.00
54638.27,9399.73,-0.28,0.00
54637.91,9400.09,-0.36,0.00
54637.47,9400.53,-0.44,0.00
54636.95,9401.05,-0.52,0.00
54636.35,9401.65,-0.60,0.00
54635.67,9402.33,-0.68,0.00
54634.91,9403.09,-0.76,0.00
54634.07,9403.93,-0.84,0.00
54633.15,9404.85,-0.92,0.00
54632.15,9405.25,-1.00,0.40
54631.07,9406.05,-1.08,0.80
54629.91,9407.25,-1.16,1.20
54628.67,9408.00,-1.24,0.75
54627.35,9408.00,-1.32,0.00
54625.95,9408.00,-1.40,0.00
54624.47,9408.00,-1.48,0.00
54622.91,9408.00,-1.56,0.00
54621.55,9408.00,-1.36,0.00
54620.39,9408.00,-1.16,0.00
54619.43,9408.00,-0.96,0.00
54618.67,9408.00,-0.76,0.00
54618.11,9408.00,-0.56,0.00
54617.75,9408.00,-0.36,0.00
54617.59,9408.00,-0.16,0.00
54617.59,9408.00,0.00,0.00
54617.59,9408.00,0.00,0.00
54617.59,9408.00,0.00,0.00
54617.59,9408.00,0.00,0.00
54617.59,9408.00,0.00,0.00
54617.59,9408.00,0.00,0.00
54617.67,9408.00,0.08,0.00
54617.83,9408.00,0.16,0.00
54618.07,9408.00,0.24,0.00
54618.39,9408.00,0.32,0.00
54618.79,9408.00,0.40,0.00
54619.27,9408.00,0.48,0.00
54619.83,9408.00,0.56,0.00
54620.47,9408.00,0.64,0.00
54621.19,9408.00,0.72,0.00
54621.99,9408.00,0.80,0.00
54622.87,9408.00,0.88,0.00
54623.83,9408.00,0.96,0.00
54624.87,9408.00,1.04,0.00
54625.99,9408.00,1.12,0.00
54627.19,9408.00,1.20,0.00
54628.47,9408.00,1.28,0.00
54629.83,9408.00,1.36,0.00
54631.27,9406.73,1.44,0.00
54632.79,9405.21,1.52,0.00
54634.39,9403.61,1.60,0.00
54636.07,9401.93,1.68,0.00
54637.83,9400.17,1.76,0.00
54639.67,9398.33,1.84,0.00
54641.59,9396.41,1.92,0.00
54643.59,9394.41,2.00,0.00
54645.67,9392.33,2.08,0.00
54647.55,9392.00,1.88,0.00
54649.23,9392.00,1.68,0.00
54650.71,9392.00,1.48,0.00
54651.99,9392.00,1.28,0.00
54653.07,9392.00,1.08,0.00
54653.95,9392.00,0.88,0.00
54654.63,9392.00,0.68,0.00
54655.11,9392.00,0.48,0.00
54655.39,9392.00,0.28,0.00
54655.47,9392.00,0.08,0.00
54655.47,9392.00,0.00,0.00
54655.47,9392.00,0.00,0.00
54655.47,9392.00,0.00,0.00
54655.47,9392.00,0.00,0.00
54655.47,9392.00,0.00,0.00
54655.47,9392.00,0.00,0.00
54655.47,9392.00,0.00,0.00
54655.47,9392.00,0.00,0.00
54655.55,9392.00,0.08,0.00
54655.71,9392.00,0.16,0.00
54655.95,9392.00,0.24,0.00
54656.27,9392.00,0.32,0.00
54656.66,9392.00,0.40,0.00
54657.14,9392.00,0.48,0.00
54657.70,9392.00,0.56,0.00
54658.34,9392.00,0.64,0.00
54659.06,9392.00,0.72,0.00
54659.86,9392.00,0.80,0.00
54660.74,9392.00,0.88,0.00
54661.70,9392.00,0.96,0.00
54662.74,9391.26,1.04,0.00
54663.86,9390.14,1.12,0.00
54665.06,9388.94,1.20,0.00
54666.34,9387.66,1.28,0.00
54667.70,9386.30,1.36,0.00
54669.14,9384.86,1.44,0.00
54670.66,9383.34,1.52,0.00
54672.27,9381.73,1.60,0.00
54673.95,9380.06,1.68,0.00
54675.71,9378.29,1.76,0.00
54677.55,9376.45,1.84,0.00
54679.47,9376.00,1.92,0.00
54681.47,9376.00,2.00,0.00
54683.55,9376.00,2.08,0.00
54685.71,9376.00,2.16,0.00
54687.95,9376.00,2.24,0.00
54690.27,9376.00,2.32,0.00
54692.66,9376.00,2.40,0.00
54695.14,9374.86,2.48,0.00
54697.70,9372.30,2.56,0.00
54700.34,9369.66,2.64,0.00
54703.06,9366.94,2.72,0.00
54705.86,9364.14,2.80,0.00
54708.74,9361.26,2.88,0.00
54711.70,9360.00,2.96,0.00
54714.74,9360.00,3.04,0.00
54717.58,9360.00,2.84,0.00
54720.50,9360.00,2.92,0.00
54723.50,9360.00,3.00,0.00
54726.30,9360.00,2.80,0.00
54728.91,9360.00,2.60,0.00
54731.30,9360.00,2.40,0.00
54733.50,9360.00,2.20,0.00
54735.50,9360.00,2.00,0.00
54737.30,9360.00,1.80,0.00
54738.91,9360.00,1.60,0.00
54740.30,9360.00,1.40,0.00
54741.50,9360.00,1.20,0.00
54742.50,9360.00,1.00,0.00
54743.30,9360.00,0.80,0.00
54743.91,9360.00,0.60,0.00
54744.30,9360.00,0.40,0.00
54744.50,9360.00,0.20,0.00
54744.50,9360.00,0.00,0.00
54744.50,9360.00,0.00,0.00
54744.43,9360.00,-0.08,0.00
54744.27,9360.00,-0.16,0.00
54744.03,9360.00,-0.24,0.00
54743.71,9360.00,-0.32,0.00
54743.31,9360.00,-0.40,0.00
54742.83,9360.00,-0.48,0.00
54742.27,9360.00,-0.56,0.00
54741.63,9360.00,-0.64,0.00
54740.91,9360.00,-0.72,0.00
54740.11,9360.00,-0.80,0.00
54739.23,9360.00,-0.88,0.00
54738.27,9360.00,-0.96,0.00
54737.23,9360.00,-1.04,0.00
54736.39,9360.00,-0.84,0.00
54735.75,9360.00,-0.64,0.00
54735.31,9360.00,-0.44,0.00
54735.07,9360.00,-0.24,0.00
54735.03,9360.00,-0.04,0.00
54735.03,9360.00,0.00,0.00
54735.03,9360.00,0.00,0.00
54735.03,9360.00,0.00,0.00
54735.03,9360.00,0.00,0.00
54735.03,9360.00,0.00,0.00
54735.11,9360.00,0.08,0.00
54735.27,9360.00,0.16,0.00
54735.51,9360.00,0.24,0.00
54735.83,9360.00,0.32,0.00
54736.23,9360.00,0.40,0.00
54736.71,9360.00,0.48,0.00
54737.27,9360.00,0.56,0.00
54737.91,9360.00,0.64,0.00
54738.62,9360.00,0.72,0.00
54739.43,9360.00,0.80,0.00
54740.30,9360.00,0.88,0.00
54740.98,9360.00,0.68,0.00
54741.46,9360.00,0.48,0.00
54741.66,9360.00,0.20,0.00
54741.79,9360.00,0.12,0.00
54741.82,9360.00,0.04,0.00
54741.79,9360.00,-0.04,0.00
54741.66,9360.00,-0.12,0.00
54741.46,9360.00,-0.20,0.00
54741.18,9360.00,-0.28,0.00
54740.82,9360.00,-0.36,0.00
54740.38,9360.00,-0.44,0.00
54739.86,9360.00,-0.52,0.00
54739.26,9360.00,-0.60,0.00
54738.58,9360.00,-0.68,0.00
54734.08,9356.50,-4.50,-3.50
54729.68,9353.40,-4.40,-3.10
54725.38,9350.70,-4.30,-2.70
54721.18,9348.40,-4.20,-2.30
54717.08,9346.50,-4.10,-1.90
54713.08,9345.00,-4.00,-1.50
54709.18,9343.90,-3.90,-1.10
54705.38,9343.20,-3.80,-0.70
54701.68,9342.90,-3.70,-0.30
54698.08,9343.00,-3.60,0.10
54694.58,9343.50,-3.50,0.50
54691.18,9344.40,-3.40,0.90
54687.88,9345.70,-3.30,1.30
54684.68,9347.40,-3.20,1.70
54681.58,9349.50,-3.10,2.10
54678.58,9352.00,-3.00,2.50
54675.68,9354.90,-2.90,2.90
54672.70,9358.20,-2.98,3.30
54669.64,9361.90,-3.06,3.70
54666.68,9366.00,-2.96,4.10
54663.64,9370.50,-3.04,4.50
54660.70,9375.40,-2.94,4.90
54657.68,9380.70,-3.02,5.30
54654.76,9386.40,-2.92,5.70
54651.76,9392.00,-3.00,5.60
54648.86,9392.00,-2.90,0.00
54645.88,9392.12,-2.98,0.00
54643.10,9394.90,-2.78,0.00
54640.52,9397.48,-2.58,0.00
54638.22,9399.78,-2.30,0.00
54636.20,9401.80,-2.02,0.00
54634.46,9403.54,-1.74,0.00
54633.00,9405.00,-1.46,0.00
54631.82,9405.40,-1.18,0.40
54630.93,9406.20,-0.90,0.80
54630.30,9407.40,-0.62,1.20
54629.96,9408.00,-0.34,0.60
54629.91,9408.00,-0.06,0.00
54629.93,9408.00,0.02,0.00
54630.03,9407.97,0.10,0.00
54630.05,9407.95,0.02,0.00
54629.99,9408.00,-0.06,0.05
54629.85,9408.00,-0.14,0.00
54629.63,9408.00,-0.22,0.00
54629.33,9408.00,-0.30,0.00
54628.95,9408.00,-0.38,0.00
54628.49,9408.00,-0.46,0.00
54627.95,9408.00,-0.54,0.00
54627.33,9408.00,-0.62,0.00
54626.63,9408.00,-0.70,0.00
54625.85,9408.00,-0.78,0.00
54624.99,9408.00,-0.86,0.00
54624.05,9408.00,-0.94,0.00
54623.03,9408.00,-1.02,0.00
54621.93,9408.00,-1.10,0.00
54620.75,9408.00,-1.18,0.00
54619.48,9408.00,-1.26,0.00
54618.14,9408.00,-1.34,0.00
54616.72,9408.00,-1.42,0.00
54615.22,9408.00,-1.50,0.00
54613.64,9416.00,-1.58,0.00
54611.98,9416.00,-1.66,0.00
54610.25,9416.00,-1.74,0.00
54608.43,9416.00,-1.82,0.00
54606.53,9416.00,-1.90,0.00
54604.55,9416.00,-1.98,0.00
54602.49,9416.00,-2.06,0.00
54600.35,9416.00,-2.14,0.00
54598.13,9416.00,-2.22,0.00
54595.83,9424.00,-2.30,0.00
54593.45,9424.00,-2.38,0.00
54590.99,9424.00,-2.46,0.00
54588.45,9424.00,-2.54,0.00
54585.83,9424.00,-2.62,0.00
54583.13,9424.00,-2.70,0.00
54580.35,9432.00,-2.78,0.00
54577.49,9432.00,-2.86,0.00
54574.55,9432.00,-2.94,0.00
54571.53,9432.00,-3.02,0.00
54568.71,9432.00,-2.82,0.00
54565.81,9440.00,-2.90,0.00
54562.83,9440.00,-2.98,0.00
54559.77,9440.00,-3.06,0.00
54556.91,9440.00,-2.86,0.00
54553.97,9440.00,-2.94,0.00
54550.95,9440.00,-3.02,0.00
54548.13,9448.00,-2.82,0.00
54545.51,9448.00,-2.62,0.00
54543.09,9448.00,-2.42,0.00
54540.87,9448.00,-2.22,0.00
54538.85,9448.00,-2.02,0.00
54537.03,9448.00,-1.82,0.00
54535.41,9448.00,-1.62,0.00
54533.98,9456.00,-1.42,0.00
54532.77,9456.00,-1.22,0.00
54531.75,9456.00,-1.02,0.00
54530.93,9456.00,-0.82,0.00
54530.30,9456.00,-0.62,0.00
54529.88,9456.00,-0.42,0.00
54529.66,9456.00,-0.22,0.00
54529.64,9456.00,-0.02,0.00
54529.64,9456.00,0.00,0.00
54529.64,9456.00,0.00,0.00
54529.64,9456.00,0.00,0.00
54529.72,9456.00,0.08,0.00
54529.88,9456.00,0.16,0.00
54530.12,9456.00,0.24,0.00
54530.44,9456.00,0.32,0.00
54530.84,9456.00,0.40,0.00
54531.32,9456.00,0.48,0.00
54531.88,9456.00,0.56,0.00
54532.52,9456.00,0.64,0.00
54533.24,9456.00,0.72,0.00
54534.04,9448.00,0.80,0.00
54534.92,9448.00,0.88,0.00
54535.88,9448.00,0.96,0.00
54536.92,9448.00,1.04,0.00
54538.04,9448.00,1.12,0.00
54539.24,9448.00,1.20,0.00
54540.52,9448.00,1.28,0.00
54541.88,9448.00,1.36,0.00
54543.32,9448.00,1.44,0.00
54544.56,9448.00,1.24,0.00
54545.60,9448.00,1.04,0.00
54546.44,9448.00,0.84,0.00
54547.08,9448.00,0.64,0.00
54547.52,9448.00,0.44,0.00
54547.76,9448.00,0.24,0.00
54547.80,9448.00,0.04,0.00
54547.80,9448.00,0.00,0.00
54547.80,9448.00,0.00,0.00
54547.80,9448.00,0.00,0.00
54547.80,9448.00,0.00,0.00
54547.80,9448.00,0.00,0.00
54547.80,9448.00,0.00,0.00
54547.80,9448.00,0.00,0.00
54547.80,9448.00,0.00,0.00
54547.80,9448.00,0.00,0.00
54547.80,9448.00,0.00,0.00
54547.80,9448.00,0.00,0.00
54547.80,9448.00,0.00,0.00
54547.80,9448.00,0.00,0.00
54547.80,9448.00,0.00,0.00
54547.80,9448.00,0.00,0.00
54547.80,9448.00,0.00,0.00
54547.80,9448.00,0.00,0.00
54547.80,9448.00,0.00,0.00
54547.80,9448.00,0.00,0.00
54547.80,9448.00,0.00,0.00
54547.80,9448.00,0.00,0.00
54547.80,9448.00,0.00,0.00
54547.80,9448.00,0.00,0.00
54547.80,9448.00,0.00,0.00
54547.80,9448.00,0.00,0.00
54547.80,9448.00,0.00,0.00
54547.80,9448.00,0.00,0.00
54547.80,9448.00,0.00,0.00
54547.80,9448.00,0.00,0.00
54547.80,9448.00,0.00,0.00
54547.80,9448.00,0.00,0.00
54547.80,9448.00,0.00,0.00
54547.80,9448.00,0.00,0.00
54547.80,9448.00,0.00,0.00
54547.80,9448.00,0.00,0.00
54547.80,9448.00,0.00,0.00
54547.80,9448.00,0.00,0.00
54547.80,9448.00,0.00,0.00
54547.80,9448.00,0.00,0.00
54547.80,9448.00,0.00,0.00
54547.80,9448.00,0.00,0.00
54547.80,9448.00,0.00,0.00
54547.80,9448.00,0.00,0.00
54547.80,9448.00,0.00,0.00
54547.80,9448.00,0.00,0.00
54547.80,9448.00,0.00,0.00
54547.80,9448.00,0.00,0.00
54547.80,9448.00,0.00,0.00
54547.80,9448.00,0.00,0.00
54547.80,9448.00,0.00,0.00
54547.80,9448.00,0.00,0.00
54547.80,9448.00,0.00,0.00
54547.80,9448.00,0.00,0.00
54547.80,9448.00,0.00,0.00
54547.80,9448.00,0.00,0.00
54547.80,9448.00,0.00,0.00
54547.80,9448.00,0.00,0.00
54547.80,9448.00,0.00,0.00
54547.80,9448.00,0.00,0.00
54547.80,9448.00,0.00,0.00
54547.80,9448.00,0.00,0.00
54547.80,9448.00,0.00,0.00
54547.80,9448.00,0.00,0.00
54547.80,9448.00,0.00,0.00
54547.80,9448.00,0.00,0.00
54547.80,9448.00,0.00,0.00
54547.80,9448.00,0.00,0.00
54547.80,9448.00,0.00,0.00
54547.80,9448.00,0.00,0.00
54547.80,9448.00,0.00,0.00
54547.80,9448.00,0.00,0.00
54547.80,9448.00,0.00,0.00
54547.80,9448.00,0.00,0.00
54547.80,9448.00,0.00,0.00
54547.80,9448.00,0.00,0.00
54547.80,9448.00,0.00,0.00
54547.80,9448.00,0.00,0.00
54547.80,9448.00,0.00,0.00
54547.80,9448.00,0.00,0.00
54547.80,9448.00,0.00,0.00
54547.80,9448.00,0.00,0.00
54547.80,9448.00,0.00,0.00
54547.80,9448.00,0.00,0.00
54547.80,9448.00,0.00,0.00
54547.80,9448.00,0.00,0.00
54547.80,9448.00,0.00,0.00
54547.80,9448.00,0.00,0.00
54547.80,9448.00,0.00,0.00
54547.80,9448.00,0.00,0.00
54547.80,9448.00,0.00,0.00
54547.80,9448.00,0.00,0.00
54547.80,9448.00,0.00,0.00
54547.80,9448.00,0.00,0.00
54547.80,9448.00,0.00,0.00
54547.80,9448.00,0.00,0.00
54547.80,9448.00,0.00,0.00
54547.80,9448.00,0.00,0.00
54547.88,9448.00,0.08,0.00
54548.04,9448.00,0.16,0.00
54548.27,9448.00,0.24,0.00
54548.59,9448.00,0.32,0.00
54548.99,9448.00,0.40,0.00
54549.47,9448.00,0.48,0.00
54550.03,9440.00,0.56,0.00
54550.67,9440.00,0.64,0.00
54551.39,9440.00,0.72,0.00
54552.19,9440.00,0.80,0.00
54553.07,9440.00,0.88,0.00
54554.03,9440.00,0.96,0.00
54555.07,9440.00,1.04,0.00
54556.19,9440.00,1.12,0.00
54557.39,9440.00,1.20,0.00
54558.67,9440.00,1.28,0.00
54560.03,9440.00,1.36,0.00
54561.47,9440.00,1.44,0.00
54562.99,9440.00,1.52,0.00
54564.59,9440.00,1.60,0.00
54566.27,9432.00,1.68,0.00
54568.04,9432.00,1.76,0.00
54569.88,9432.00,1.84,0.00
54571.80,9432.00,1.92,0.00
54573.80,9432.00,2.00,0.00
54575.88,9432.00,2.08,0.00
54578.04,9432.00,2.16,0.00
54580.27,9432.00,2.24,0.00
54582.59,9424.00,2.32,0.00
54584.99,9424.00,2.40,0.00
54587.19,9424.00,2.20,0.00
54589.19,9424.00,2.00,0.00
54590.99,9424.00,1.80,0.00
54592.59,9424.00,1.60,0.00
54593.99,9424.00,1.40,0.00
54595.19,9424.00,1.20,0.00
54596.19,9424.00,1.00,0.00
54596.99,9424.00,0.80,0.00
54597.59,9424.00,0.60,0.00
54597.99,9424.00,0.40,0.00
54598.19,9416.00,0.20,0.00
54598.19,9416.00,0.00,0.00
54598.19,9416.00,0.00,0.00
54598.19,9416.00,0.00,0.00
54598.19,9416.00,0.00,0.00
54598.19,9416.00,0.00,0.00
54598.19,9416.00,0.00,0.00
54598.19,9416.00,0.00,0.00
54598.19,9416.00,0.00,0.00
54598.19,9416.00,0.00,0.00
54598.19,9416.00,0.00,0.00
54598.19,9416.00,0.00,0.00
54598.19,9416.00,0.00,0.00
54598.19,9416.00,0.00,0.00
54598.19,9416.00,0.00,0.00
54598.19,9416.00,0.00,0.00
54598.19,9416.00,0.00,0.00
54598.19,9416.00,0.00,0.00
54598.19,9416.00,0.00,0.00
54598.19,9416.00,0.00,0.00
54598.19,9416.00,0.00,0.00
54598.19,9416.00,0.00,0.00
54598.19,9416.00,0.00,0.00
54598.19,9416.00,0.00,0.00
54598.19,9416.00,0.00,0.00
54598.19,9416.00,0.00,0.00
54598.19,9416.00,0.00,0.00
54598.19,9416.00,0.00,0.00
54598.19,9416.00,0.00,0.00
54598.19,9416.00,0.00,0.00
54598.19,9416.00,0.00,0.00
54598.19,9416.00,0.00,0.00
54598.19,9416.00,0.00,0.00
54598.19,9416.00,0.00,0.00
54598.19,9416.00,0.00,0.00
54598.19,9416.00,0.00,0.00
54598.19,9416.00,0.00,0.00
54598.19,9416.00,0.00,0.00
54598.19,9416.00,0.00,0.00
54598.19,9416.00,0.00,0.00
54598.19,9416.00,0.00,0.00
54598.19,9416.00,0.00,0.00
54598.19,9416.00,0.00,0.00
54598.19,9416.00,0.00,0.00
54598.19,9416.00,0.00,0.00
54598.19,9416.00,0.00,0.00
54598.19,9416.00,0.00,0.00
54598.19,9416.00,0.00,0.00
54598.19,9416.00,0.00,0.00
54598.19,9416.00,0.00,0.00
54598.19,9416.00,0.00,0.00
54598.19,9416.00,0.00,0.00
54598.19,9416.00,0.00,0.00
54598.19,9416.00,0.00,0.00
54598.19,9416.00,0.00,0.00
54598.19,9416.00,0.00,0.00
54598.19,9416.00,0.00,0.00
54598.19,9416.00,0.00,0.00
54598.19,9416.00,0.00,0.00
54598.19,9416.00,0.00,0.00
54598.19,9416.00,0.00,0.00
54598.19,9416.00,0.00,0.00
54598.19,9416.00,0.00,0.00
54598.19,9416.00,0.00,0.00
54598.19,9416.00,0.00,0.00
54598.19,9416.00,0.00,0.00
54598.19,9416.00,0.00,0.00
54598.19,9416.00,0.00,0.00
54598.19,9416.00,0.00,0.00
54598.19,9416.00,0.00,0.00
54598.19,9416.00,0.00,0.00
54598.19,9416.00,0.00,0.00
54598.19,9416.00,0.00,0.00
54598.19,9416.00,0.00,0.00
54598.19,9416.00,0.00,0.00
54598.19,9416.00,0.00,0.00
54598.19,9416.00,0.00,0.00
54598.19,9416.00,0.00,0.00
54598.19,9416.00,0.00,0.00
54598.19,9416.00,0.00,0.00
54598.19,9416.00,0.00,0.00
54598.19,9416.00,0.00,0.00
54598.19,9416.00,0.00,0.00
54598.19,9416.00,0.00,0.00
54598.19,9416.00,0.00,0.00
54598.19,9416.00,0.00,0.00
54598.19,9416.00,0.00,0.00
54598.19,9416.00,0.00,0.00
54598.19,9416.00,0.00,0.00
54598.19,9416.00,0.00,0.00
54598.19,9416.00,0.00,0.00
54598.19,9416.00,0.00,0.00
54598.19,9416.00,0.00,0.00
54598.19,9416.00,0.00,0.00
54598.19,9416.00,0.00,0.00
54598.19,9416.00,0.00,0.00
54598.19,9416.00,0.00,0.00
54598.19,9416.00,0.00,0.00
54598.19,9416.00,0.00,0.00
54598.19,9416.00,0.00,0.00
54598.19,9416.00,0.00,0.00
54598.19,9416.00,0.00,0.00
54598.19,9416.00,0.00,0.00
54598.19,9416.00,0.00,0.00
54598.19,9416.00,0.00,0.00
54598.19,9416.00,0.00,0.00
54598.19,9416.00,0.00,0.00
54598.19,9416.00,0.00,0.00
54598.19,9416.00,0.00,0.00
54598.19,9416.00,0.00,0.00
54598.19,9416.00,0.00,0.00
54598.19,9416.00,0.00,0.00
54598.19,9416.00,0.00,0.00
54598.19,9416.00,0.00,0.00
54598.19,9416.00,0.00,0.00
54598.19,9416.00,0.00,0.00
54598.19,9416.00,0.00,0.00
54598.19,9416.00,0.00,0.00
54598.19,9416.00,0.00,0.00
54598.19,9416.00,0.00,0.00
54598.19,9416.00,0.00,0.00
54598.19,9416.00,0.00,0.00
54598.19,9416.00,0.00,0.00
54598.19,9416.00,0.00,0.00
54598.19,9416.00,0.00,0.00
54598.19,9416.00,0.00,0.00
54598.19,9416.00,0.00,0.00
54598.19,9416.00,0.00,0.00
54598.19,9416.00,0.00,0.00
54598.19,9416.00,0.00,0.00
54598.19,9416.00,0.00,0.00
54598.19,9416.00,0.00,0.00
54598.19,9416.00,0.00,0.00
54598.19,9416.00,0.00,0.00
54598.19,9416.00,0.00,0.00
54598.19,9416.00,0.00,0.00
54598.19,9416.00,0.00,0.00
54598.19,9416.00,0.00,0.00
54598.19,9416.00,0.00,0.00
54598.19,9416.00,0.00,0.00
54598.19,9416.00,0.00,0.00
54598.19,9416.00,0.00,0.00
54598.19,9416.00,0.00,0.00
54598.19,9416.00,0.00,0.00
54598.19,9416.00,0.00,0.00
54598.19,9416.00,0.00,0.00
54598.19,9416.00,0.00,0.00
54598.19,9416.00,0.00,0.00
54598.19,9416.00,0.00,0.00
54598.19,9416.00,0.00,0.00
54598.19,9416.00,0.00,0.00
54598.19,9416.00,0.00,0.00
54598.19,9416.00,0.00,0.00
54598.19,9416.00,0.00,0.00
54598.19,9416.00,0.00,0.00
54598.19,9416.00,0.00,0.00
54598.19,9416.00,0.00,0.00
54598.19,9416.00,0.00,0.00
54598.19,9416.00,0.00,0.00
54598.19,9416.00,0.00,0.00
54598.19,9416.00,0.00,0.00
54598.19,9416.00,0.00,0.00
54598.19,9416.00,0.00,0.00
54598.19,9416.00,0.00,0.00
54598.19,9416.00,0.00,0.00
54598.19,9416.00,0.00,0.00
54598.19,9416.00,0.00,0.00
54598.19,9416.00,0.00,0.00
54598.19,9416.00,0.00,0.00
54598.19,9416.00,0.00,0.00
54598.19,9416.00,0.00,0.00
54598.19,9416.00,0.00,0.00
54598.19,9416.00,0.00,0.00
54598.19,9416.00,0.00,0.00
54598.19,9416.00,0.00,0.00
54598.19,9416.00,0.00,0.00
54598.19,9416.00,0.00,0.00
54598.19,9416.00,0.00,0.00
54598.19,9416.00,0.00,0.00
54598.19,9416.00,0.00,0.00
54598.19,9416.00,0.00,0.00
54598.19,9416.00,0.00,0.00
54598.19,9416.00,0.00,0.00
54598.19,9416.00,0.00,0.00
54598.19,9416.00,0.00,0.00
54598.19,9416.00,0.00,0.00
54598.19,9416.00,0.00,0.00
54598.19,9416.00,0.00,0.00
54598.19,9416.00,0.00,0.00
54598.19,9416.00,0.00,0.00
54598.19,9416.00,0.00,0.00
54598.19,9416.00,0.00,0.00
54598.19,9416.00,0.00,0.00
54598.19,9416.00,0.00,0.00
54598.19,9416.00,0.00,0.00
54598.19,9416.00,0.00,0.00
54598.19,9416.00,0.00,0.00
54598.19,9416.00,0.00,0.00
54598.19,9416.00,0.00,0.00
54598.19,9416.00,0.00,0.00
54598.19,9416.00,0.00,0.00
54598.19,9416.00,0.00,0.00
54598.19,9416.00,0.00,0.00
54598.19,9416.00,0.00,0.00
54598.19,9416.00,0.00,0.00
54598.19,9416.00,0.00,0.00
54598.19,9416.00,0.00,0.00
54598.19,9416.00,0.00,0.00
54598.19,9416.00,0.00,0.00
54598.19,9416.00,0.00,0.00
54598.19,9416.00,0.00,0.00
54598.19,9416.00,0.00,0.00
54598.19,9416.00,0.00,0.00
54598.19,9416.00,0.00,0.00
54598.19,9416.00,0.00,0.00
54598.19,9416.00,0.00,0.00
54598.19,9416.00,0.00,0.00
54598.19,9416.00,0.00,0.00
54598.19,9416.00,0.00,0.00
54598.19,9416.00,0.00,0.00
54598.19,9416.00,0.00,0.00
54598.19,9416.00,0.00,0.00
54598.19,9416.00,0.00,0.00
54598.19,9416.00,0.00,0.00
54598.19,9416.00,0.00,0.00
54598.19,9416.00,0.00,0.00
54598.19,9416.00,0.00,0.00
54598.19,9416.00,0.00,0.00
54598.19,9416.00,0.00,0.00
54598.19,9416.00,0.00,0.00
54598.19,9416.00,0.00,0.00
54598.19,9416.00,0.00,0.00
54598.19,9416.00,0.00,0.00
54598.19,9416.00,0.00,0.00
54598.19,9416.00,0.00,0.00
54598.19,9416.00,0.00,0.00
54598.19,9416.00,0.00,0.00
54598.19,9416.00,0.00,0.00
54598.19,9416.00,0.00,0.00
54598.19,9416.00,0.00,0.00
54598.19,9416.00,0.00,0.00
54598.19,9416.00,0.00,0.00
54598.19,9416.00,0.00,0.00
54598.19,9416.00,0.00,0.00
54598.19,9416.00,0.00,0.00
54598.19,9416.00,0.00,0.00
54598.19,9416.00,0.00,0.00
54598.19,9416.00,0.00,0.00
54598.19,9416.00,0.00,0.00
54598.19,9416.00,0.00,0.00
54598.19,9416.00,0.00,0.00
54598.19,9416.00,0.00,0.00
54598.19,9416.00,0.00,0.00
54598.19,9416.00,0.00,0.00
54598.19,9416.00,0.00,0.00
54598.19,9416.00,0.00,0.00
54598.19,9416.00,0.00,0.00
54598.19,9416.00,0.00,0.00
54598.19,9416.00,0.00,0.00
54598.19,9416.00,0.00,0.00
54598.19,9416.00,0.00,0.00
54598.19,9416.00,0.00,0.00
54598.19,9416.00,0.00,0.00
54598.19,9416.00,0.00,0.00
54598.19,9416.00,0.00,0.00
54598.19,9416.00,0.00,0.00
54598.19,9416.00,0.00,0.00
54598.19,9416.00,0.00,0.00
54598.19,9416.00,0.00,0.00
54598.19,9416.00,0.00,0.00
54598.19,9416.00,0.00,0.00
54598.19,9416.00,0.00,0.00
54598.19,9416.00,0.00,0.00
54598.19,9416.00,0.00,0.00
54598.19,9416.00,0.00,0.00
54598.19,9416.00,0.00,0.00
54598.19,9416.00,0.00,0.00
54598.19,9416.00,0.00,0.00
54598.19,9416.00,0.00,0.00
54598.19,9416.00,0.00,0.00
54598.19,9416.00,0.00,0.00
54598.19,9416.00,0.00,0.00
54598.19,9416.00,0.00,0.00
54598.19,9416.00,0.00,0.00
54598.19,9416.00,0.00,0.00
54598.19,9416.00,0.00,0.00
54598.19,9416.00,0.00,0.00
54598.19,9416.00,0.00,0.00
54598.19,9416.00,0.00,0.00
54598.19,9416.00,0.00,0.00
54598.19,9416.00,0.00,0.00
54598.19,9416.00,0.00,0.00
54598.19,9416.00,0.00,0.00
54598.19,9416.00,0.00,0.00
54598.19,9416.00,0.00,0.00
54598.19,9416.00,0.00,0.00
54598.19,9416.00,0.00,0.00
54598.19,9416.00,0.00,0.00
54598.19,9416.00,0.00,0.00
54598.19,9416.00,0.00,0.00
54598.19,9416.00,0.00,0.00
54598.19,9416.00,0.00,0.00
54598.19,9416.00,0.00,0.00
54598.19,9416.00,0.00,0.00
54598.19,9416.00,0.00,0.00
54598.19,9416.00,0.00,0.00
54598.19,9416.00,0.00,0.00
54598.19,9416.00,0.00,0.00
54598.19,9416.00,0.00,0.00
54598.19,9416.00,0.00,0.00
54598.19,9416.00,0.00,0.00
54598.19,9416.00,0.00,0.00
54598.19,9416.00,0.00,0.00
54598.19,9416.00,0.00,0.00
54598.19,9416.00,0.00,0.00
54598.19,9416.00,0.00,0.00
54598.19,9416.00,0.00,0.00
54598.19,9416.00,0.00,0.00
54598.19,9416.00,0.00,0.00
54598.19,9416.00,0.00,0.00
54598.19,9416.00,0.00,0.00
54598.19,9416.00,0.00,0.00
54598.19,9416.00,0.00,0.00
54598.19,9416.00,0.00,0.00
54598.19,9416.00,0.00,0.00
54598.19,9416.00,0.00,0.00
54598.19,9416.00,0.00,0.00
54598.19,9416.00,0.00,0.00
54598.19,9416.00,0.00,0.00
54598.19,9416.00,0.00,0.00
54598.19,9416.00,0.00,0.00
54598.19,9416.00,0.00,0.00
54598.19,9416.00,0.00,0.00
54598.19,9416.00,0.00,0.00
54598.19,9416.00,0.00,0.00
54598.19,9416.00,0.00,0.00
54598.19,9416.00,0.00,0.00
54598.19,9416.00,0.00,0.00
54598.19,9416.00,0.00,0.00
54598.19,9416.00,0.00,0.00
54598.19,9416.00,0.00,0.00
54598.19,9416.00,0.00,0.00
54598.19,9416.00,0.00,0.00
54598.19,9416.00,0.00,0.00
54598.19,9416.00,0.00,0.00
54598.19,9416.00,0.00,0.00
54598.19,9416.00,0.00,0.00
54598.19,9416.00,0.00,0.00
54598.19,9416.00,0.00,0.00
54598.19,9416.00,0.00,0.00
54598.19,9416.00,0.00,0.00
54598.19,9416.00,0.00,0.00
54598.19,9416.00,0.00,0.00
54598.19,9416.00,0.00,0.00
54598.19,9416.00,0.00,0.00
54598.19,9416.00,0.00,0.00
54598.19,9416.00,0.00,0.00
54598.19,9416.00,0.00,0.00
54598.19,9416.00,0.00,0.00
54598.19,9416.00,0.00,0.00
54598.19,9416.00,0.00,0.00
54598.19,9416.00,0.00,0.00
54598.19,9416.00,0.00,0.00
54598.19,9416.00,0.00,0.00
54598.19,9416.00,0.00,0.00
54598.19,9416.00,0.00,0.00
54598.19,9416.00,0.00,0.00
54598.19,9416.00,0.00,0.00
54598.19,9416.00,0.00,0.00
54598.19,9416.00,0.00,0.00
54598.19,9416.00,0.00,0.00
54598.19,9416.00,0.00,0.00
54598.19,9416.00,0.00,0.00
54598.19,9416.00,0.00,0.00
54598.19,9416.00,0.00,0.00
54598.19,9416.00,0.00,0.00
54598.19,9416.00,0.00,0.00
54598.19,9416.00,0.00,0.00
54598.19,9416.00,0.00,0.00
54598.19,9416.00,0.00,0.00
54598.19,9416.00,0.00,0.00
54598.19,9416.00,0.00,0.00
54598.19,9416.00,0.00,0.00
54598.19,9416.00,0.00,0.00
54598.19,9416.00,0.00,0.00
54598.19,9416.00,0.00,0.00
54598.19,9416.00,0.00,0.00
54598.19,9416.00,0.00,0.00
54598.19,9416.00,0.00,0.00
54598.19,9416.00,0.00,0.00
54598.19,9416.00,0.00,0.00
54598.19,9416.00,0.00,0.00
54598.19,9416.00,0.00,0.00
54598.19,9416.00,0.00,0.00
54598.19,9416.00,0.00,0.00
54598.19,9416.00,0.00,0.00
54598.19,9416.00,0.00,0.00
54598.19,9416.00,0.00,0.00
54598.19,9416.00,0.00,0.00
54598.19,9416.00,0.00,0.00
54598.19,9416.00,0.00,0.00
54598.19,9416.00,0.00,0.00
54598.19,9416.00,0.00,0.00
54598.19,9416.00,0.00,0.00
54598.19,9416.00,0.00,0.00
54598.19,9416.00,0.00,0.00
54598.19,9416.00,0.00,0.00
54598.19,9416.00,0.00,0.00
54598.19,9416.00,0.00,0.00
54598.19,9416.00,0.00,0.00
54598.19,9416.00,0.00,0.00
54598.19,9416.00,0.00,0.00
54598.19,9416.00,0.00,0.00
54598.19,9416.00,0.00,0.00
54598.19,9416.00,0.00,0.00
54598.19,9416.00,0.00,0.00
54598.19,9416.00,0.00,0.00
54598.19,9416.00,0.00,0.00
54598.19,9416.00,0.00,0.00
54598.19,9416.00,0.00,0.00
54598.19,9416.00,0.00,0.00
54598.19,9416.00,0.00,0.00
54598.19,9416.00,0.00,0.00
54598.19,9416.00,0.00,0.00
54598.19,9416.00,0.00,0.00
54598.19,9416.00,0.00,0.00
54598.19,9416.00,0.00,0.00
54598.19,9416.00,0.00,0.00
54598.19,9416.00,0.00,0.00
54598.19,9416.00,0.00,0.00
54598.19,9416.00,0.00,0.00
54598.19,9416.00,0.00,0.00
54598.19,9416.00,0.00,0.00
54598.19,9416.00,0.00,0.00
54598.19,9416.00,0.00,0.00
54598.19,9416.00,0.00,0.00
54598.19,9416.00,0.00,0.00
54598.19,9416.00,0.00,0.00
54598.19,9416.00,0.00,0.00
54598.19,9416.00,0.00,0.00
54598.19,9416.00,0.00,0.00
54598.19,9416.00,0.00,0.00
54598.19,9416.00,0.00,0.00
54598.19,9416.00,0.00,0.00
54598.19,9416.00,0.00,0.00
54598.19,9416.00,0.00,0.00
54598.19,9416.00,0.00,0.00
54598.19,9416.00,0.00,0.00
54598.19,9416.00,0.00,0.00
54598.19,9416.00,0.00,0.00
54598.19,9416.00,0.00,0.00
54598.19,9416.00,0.00,0.00
54598.19,9416.00,0.00,0.00
54598.19,9416.00,0.00,0.00
54598.19,9416.00,0.00,0.00
54598.19,9416.00,0.00,0.00
54598.19,9416.00,0.00,0.00
54598.19,9416.00,0.00,0.00
54598.19,9416.00,0.00,0.00
54598.19,9416.00,0.00,0.00
54598.19,9416.00,0.00,0.00
54598.19,9416.00,0.00,0.00
54598.19,9416.00,0.00,0.00
54598.19,9416.00,0.00,0.00
54598.19,9416.00,0.00,0.00
54598.19,9416.00,0.00,0.00
54598.19,9416.00,0.00,0.00
54598.19,9416.00,0.00,0.00
54598.19,9416.00,0.00,0.00
54598.19,9416.00,0.00,0.00
54598.19,9416.00,0.00,0.00
54598.19,9416.00,0.00,0.00
54598.19,9416.00,0.00,0.00
54598.19,9416.00,0.00,0.00
54598.19,9416.00,0.00,0.00
54598.19,9416.00,0.00,0.00
54598.19,9416.00,0.00,0.00
54598.19,9416.00,0.00,0.00
54598.19,9416.00,0.00,0.00
54598.19,9416.00,0.00,0.00
54598.19,9416.00,0.00,0.00
54598.19,9416.00,0.00,0.00
54598.19,9416.00,0.00,0.00
54598.19,9416.00,0.00,0.00
54598.19,9416.00,0.00,0.00
54598.19,9416.00,0.00,0.00
54598.19,9416.00,0.00,0.00
54598.19,9416.00,0.00,0.00
54598.19,9416.00,0.00,0.00
54598.19,9416.00,0.00,0.00
54598.19,9416.00,0.00,0.00
54598.19,9416.00,0.00,0.00
54598.19,9416.00,0.00,0.00
54598.19,9416.00,0.00,0.00
54598.19,9416.00,0.00,0.00
54598.19,9416.00,0.00,0.00
54598.19,9416.00,0.00,0.00
54598.19,9416.00,0.00,0.00
54598.19,9416.00,0.00,0.00
54598.19,9416.00,0.00,0.00
54598.19,9416.00,0.00,0.00
54598.19,9416.00,0.00,0.00
54598.19,9416.00,0.00,0.00
54598.19,9416.00,0.00,0.00
54598.19,9416.00,0.00,0.00
54598.19,9416.00,0.00,0.00
54598.19,9416.00,0.00,0.00
54598.19,9416.00,0.00,0.00
54598.19,9416.00,0.00,0.00
54598.19,9416.00,0.00,0.00
54598.19,9416.00,0.00,0.00
54598.19,9416.00,0.00,0.00
54598.19,9416.00,0.00,0.00
54598.19,9416.00,0.00,0.00
54598.19,9416.00,0.00,0.00
54598.19,9416.00,0.00,0.00
54598.19,9416.00,0.00,0.00
54598.19,9416.00,0.00,0.00
54598.19,9416.00,0.00,0.00
54598.19,9416.00,0.00,0.00
54598.19,9416.00,0.00,0.00
54598.19,9416.00,0.00,0.00
54598.19,9416.00,0.00,0.00
54598.19,9416.00,0.00,0.00
54598.19,9416.00,0.00,0.00
54598.19,9416.00,0.00,0.00
54598.19,9416.00,0.00,0.00
54598.19,9416.00,0.00,0.00
54598.19,9416.00,0.00,0.00
54598.19,9416.00,0.00,0.00
54598.19,9416.00,0.00,0.00
54598.19,9416.00,0.00,0.00
54598.19,9416.00,0.00,0.00
54598.19,9416.00,0.00,0.00
54598.19,9416.00,0.00,0.00
54598.19,9416.00,0.00,0.00
54598.19,9416.00,0.00,0.00
54598.19,9416.00,0.00,0.00
54598.19,9416.00,0.00,0.00
54598.19,9416.00,0.00,0.00
54598.19,9416.00,0.00,0.00
54598.19,9416.00,0.00,0.00
54598.19,9416.00,0.00,0.00
54598.19,9416.00,0.00,0.00
54598.19,9416.00,0.00,0.00
54598.19,9416.00,0.00,0.00
54598.19,9416.00,0.00,0.00
54598.19,9416.00,0.00,0.00
54598.19,9416.00,0.00,0.00
54598.19,9416.00,0.00,0.00
54598.19,9416.00,0.00,0.00
54598.19,9416.00,0.00,0.00
54598.19,9416.00,0.00,0.00
54598.19,9416.00,0.00,0.00
54598.19,9416.00,0.00,0.00
54598.19,9416.00,0.00,0.00
54598.19,9416.00,0.00,0.00
54598.19,9416.00,0.00,0.00
54598.19,9416.00,0.00,0.00
54598.19,9416.00,0.00,0.00
54598.19,9416.00,0.00,0.00
54598.19,9416.00,0.00,0.00
54598.19,9416.00,0.00,0.00
54598.19,9416.00,0.00,0.00
54598.19,9416.00,0.00,0.00
54598.19,9416.00,0.00,0.00
54598.19,9416.00,0.00,0.00
54598.19,9416.00,0.00,0.00
54598.19,9416.00,0.00,0.00
54598.19,9416.00,0.00,0.00
54598.19,9416.00,0.00,0.00
54598.19,9416.00,0.00,0.00
54598.19,9416.00,0.00,0.00
54598.19,9416.00,0.00,0.00
54598.19,9416.00,0.00,0.00
54598.19,9416.00,0.00,0.00
54598.19,9416.00,0.00,0.00
54598.19,9416.00,0.00,0.00
54598.19,9416.00,0.00,0.00
54598.19,9416.00,0.00,0.00
54598.19,9416.00,0.00,0.00
54598.19,9416.00,0.00,0.00
54598.19,9416.00,0.00,0.00
54598.19,9416.00,0.00,0.00
54598.19,9416.00,0.00,0.00
54598.19,9416.00,0.00,0.00
54598.19,9416.00,0.00,0.00
54598.19,9416.00,0.00,0.00
54598.19,9416.00,0.00,0.00
54598.19,9416.00,0.00,0.00
54598.19,9416.00,0.00,0.00
54598.19,9416.00,0.00,0.00
54598.19,9416.00,0.00,0.00
54598.19,9416.00,0.00,0.00
54598.19,9416.00,0.00,0.00
54598.19,9416.00,0.00,0.00
54598.19,9416.00,0.00,0.00
54598.19,9416.00,0.00,0.00
54598.19,9416.00,0.00,0.00
54598.19,9416.00,0.00,0.00
54598.19,9416.00,0.00,0.00
54598.19,9416.00,0.00,0.00
54598.19,9416.00,0.00,0.00
54598.19,9416.00,0.00,0.00
54598.19,9416.00,0.00,0.00
54598.19,9416.00,0.00,0.00
54598.19,9416.00,0.00,0.00
54598.19,9416.00,0.00,0.00
54598.19,9416.00,0.00,0.00
54598.19,9416.00,0.00,0.00
54598.19,9416.00,0.00,0.00
54598.19,9416.00,0.00,0.00
54598.19,9416.00,0.00,0.00
54598.19,9416.00,0.00,0.00
54598.19,9416.00,0.00,0.00
54598.19,9416.00,0.00,0.00
54598.19,9416.00,0.00,0.00
54598.19,9416.00,0.00,0.00
54598.19,9416.00,0.00,0.00
54598.19,9416.00,0.00,0.00
54598.19,9416.00,0.00,0.00
54598.19,9416.00,0.00,0.00
54598.19,9416.00,0.00,0.00
54598.19,9416.00,0.00,0.00
54598.19,9416.00,0.00,0.00
54598.19,9416.00,0.00,0.00
54598.19,9416.00,0.00,0.00
54598.19,9416.00,0.00,0.00
54598.19,9416.00,0.00,0.00
54598.19,9416.00,0.00,0.00
54598.19,9416.00,0.00,0.00
54598.19,9416.00,0.00,0.00
54598.19,9416.00,0.00,0.00
54598.19,9416.00,0.00,0.00
54598.19,9416.00,0.00,0.00
54598.19,9416.00,0.00,0.00
54598.19,9416.00,0.00,0.00
54598.19,9416.00,0.00,0.00
54598.19,9416.00,0.00,0.00
54598.19,9416.00,0.00,0.00
54598.19,9416.00,0.00,0.00
54598.19,9416.00,0.00,0.00
54598.19,9416.00,0.00,0.00
54598.19,9416.00,0.00,0.00
54598.19,9416.00,0.00,0.00
54598.19,9416.00,0.00,0.00
54598.19,9416.00,0.00,0.00
54598.19,9416.00,0.00,0.00
54598.19,9416.00,0.00,0.00
54598.19,9416.00,0.00,0.00
54598.19,9416.00,0.00,0.00
54598.19,9416.00,0.00,0.00
54598.19,9416.00,0.00,0.00
54598.19,9416.00,0.00,0.00
54598.19,9416.00,0.00,0.00
54598.19,9416.00,0.00,0.00
54598.19,9416.00,0.00,0.00
54598.19,9416.00,0.00,0.00
54598.19,9416.00,0.00,0.00
54598.19,9416.00,0.00,0.00
54598.19,9416.00,0.00,0.00
54598.19,9416.00,0.00,0.00
54598.19,9416.00,0.00,0.00
54598.19,9416.00,0.00,0.00
54598.19,9416.00,0.00,0.00
54598.19,9416.00,0.00,0.00
54598.19,9416.00,0.00,0.00
54598.19,9416.00,0.00,0.00
54598.19,9416.00,0.00,0.00
54598.19,9416.00,0.00,0.00
54598.19,9416.00,0.00,0.00
54598.19,9416.00,0.00,0.00
54598.19,9416.00,0.00,0.00
54598.19,9416.00,0.00,0.00
54598.19,9416.00,0.00,0.00
54598.19,9416.00,0.00,0.00
54598.19,9416.00,0.00,0.00
54598.19,9416.00,0.00,0.00
54598.19,9416.00,0.00,0.00
54598.19,9416.00,0.00,0.00
54598.19,9416.00,0.00,0.00
54598.19,9416.00,0.00,0.00
54598.19,9416.00,0.00,0.00
54598.19,9416.00,0.00,0.00
54598.19,9416.00,0.00,0.00
54598.19,9416.00,0.00,0.00
54598.19,9416.00,0.00,0.00
54598.19,9416.00,0.00,0.00
54598.19,9416.00,0.00,0.00
54598.19,9416.00,0.00,0.00
54598.19,9416.00,0.00,0.00
54598.19,9416.00,0.00,0.00
54598.19,9416.00,0.00,0.00
54598.19,9416.00,0.00,0.00
54598.19,9416.00,0.00,0.00
54598.19,9416.00,0.00,0.00
54598.19,9416.00,0.00,0.00
54598.19,9416.00,0.00,0.00
54598.19,9416.00,0.00,0.00
54598.19,9416.00,0.00,0.00
54598.19,9416.00,0.00,0.00
54598.19,9416.00,0.00,0.00
54598.19,9416.00,0.00,0.00
54598.19,9416.00,0.00,0.00
54598.19,9416.00,0.00,0.00
54598.19,9416.00,0.00,0.00
54598.19,9416.00,0.00,0.00
54598.19,9416.00,0.00,0.00
54598.19,9416.00,0.00,0.00
54598.19,9416.00,0.00,0.00
54598.19,9416.00,0.00,0.00
54598.19,9416.00,0.00,0.00
54598.19,9416.00,0.00,0.00
54598.19,9416.00,0.00,0.00
54598.19,9416.00,0.00,0.00
54598.19,9416.00,0.00,0.00
54598.19,9416.00,0.00,0.00
54598.19,9416.00,0.00,0.00
54598.19,9416.00,0.00,0.00
54598.19,9416.00,0.00,0.00
54598.19,9416.00,0.00,0.00
54598.19,9416.00,0.00,0.00
54598.19,9416.00,0.00,0.00
54598.19,9416.00,0.00,0.00
54598.19,9416.00,0.00,0.00
54598.19,9416.00,0.00,0.00
54598.19,9416.00,0.00,0.00
54598.19,9416.00,0.00,0.00
54598.19,9416.00,0.00,0.00
54598.19,9416.00,0.00,0.00
54598.19,9416.00,0.00,0.00
54598.19,9416.00,0.00,0.00
54598.19,9416.00,0.00,0.00
54598.19,9416.00,0.00,0.00
54598.19,9416.00,0.00,0.00
54598.19,9416.00,0.00,0.00
54598.19,9416.00,0.00,0.00
54598.19,9416.00,0.00,0.00
54598.19,9416.00,0.00,0.00
54598.19,9416.00,0.00,0.00
54598.19,9416.00,0.00,0.00
54598.19,9416.00,0.00,0.00
54598.19,9416.00,0.00,0.00
54598.19,9416.00,0.00,0.00
54598.19,9416.00,0.00,0.00
54598.19,9416.00,0.00,0.00
54598.19,9416.00,0.00,0.00
54598.19,9416.00,0.00,0.00
54598.19,9416.00,0.00,0.00
54598.19,9416.00,0.00,0.00
54598.19,9416.00,0.00,0.00
54598.19,9416.00,0.00,0.00
54598.19,9416.00,0.00,0.00
54598.19,9416.00,0.00,0.00
54598.19,9416.00,0.00,0.00
54598.19,9416.00,0.00,0.00
54598.19,9416.00,0.00,0.00
54598.19,9416.00,0.00,0.00
54598.19,9416.00,0.00,0.00
54598.19,9416.00,0.00,0.00
54598.19,9416.00,0.00,0.00
54598.19,9416.00,0.00,0.00
54598.19,9416.00,0.00,0.00
54598.19,9416.00,0.00,0.00
54598.19,9416.00,0.00,0.00
54598.19,9416.00,0.00,0.00
54598.19,9416.00,0.00,0.00
54598.19,9416.00,0.00,0.00
54598.19,9416.00,0.00,0.00
54598.19,9416.00,0.00,0.00
54598.19,9416.00,0.00,0.00
54598.19,9416.00,0.00,0.00
54598.19,9416.00,0.00,0.00
54598.19,9416.00,0.00,0.00
54598.19,9416.00,0.00,0.00
54598.19,9416.00,0.00,0.00
54598.19,9416.00,0.00,0.00
54598.19,9416.00,0.00,0.00
54598.19,9416.00,0.00,0.00
54598.19,9416.00,0.00,0.00
54598.19,9416.00,0.00,0.00
54598.19,9416.00,0.00,0.00
54598.19,9416.00,0.00,0.00
54598.19,9416.00,0.00,0.00
54598.19,9416.00,0.00,0.00
54598.19,9416.00,0.00,0.00
54598.19,9416.00,0.00,0.00
54598.19,9416.00,0.00,0.00
54598.19,9416.00,0.00,0.00
54598.19,9416.00,0.00,0.00
54598.19,9416.00,0.00,0.00
54598.19,9416.00,0.00,0.00
54598.19,9416.00,0.00,0.00
54598.19,9416.00,0.00,0.00
54598.19,9416.00,0.00,0.00
54598.19,9416.00,0.00,0.00
54598.19,9416.00,0.00,0.00
54598.19,9416.00,0.00,0.00
54598.19,9416.00,0.00,0.00
54598.19,9416.00,0.00,0.00
54598.19,9416.00,0.00,0.00
54598.19,9416.00,0.00,0.00
54598.19,9416.00,0.00,0.00
54598.19,9416.00,0.00,0.00
54598.19,9416.00,0.00,0.00
54598.19,9416.00,0.00,0.00
54598.19,9416.00,0.00,0.00
54598.19,9416.00,0.00,0.00
54598.19,9416.00,0.00,0.00
54598.19,9416.00,0.00,0.00
54598.19,9416.00,0.00,0.00
54598.19,9416.00,0.00,0.00
54598.19,9416.00,0.00,0.00
54598.19,9416.00,0.00,0.00
54598.19,9416.00,0.00,0.00
54598.19,9416.00,0.00,0.00
54598.19,9416.00,0.00,0.00
54598.19,9416.00,0.00,0.00
54598.19,9416.00,0.00,0.00
54598.19,9416.00,0.00,0.00
54598.19,9416.00,0.00,0.00
54598.19,9416.00,0.00,0.00
54598.19,9416.00,0.00,0.00
54598.19,9416.00,0.00,0.00
54598.19,9416.00,0.00,0.00
54598.19,9416.00,0.00,0.00
54598.19,9416.00,0.00,0.00
54598.19,9416.00,0.00,0.00
54598.19,9416.00,0.00,0.00
54598.19,9416.00,0.00,0.00
54598.19,9416.00,0.00,0.00
54598.19,9416.00,0.00,0.00
54598.19,9416.00,0.00,0.00
54598.19,9416.00,0.00,0.00
54598.19,9416.00,0.00,0.00
54598.19,9416.00,0.00,0.00
54598.19,9416.00,0.00,0.00
54598.19,9416.00,0.00,0.00
54598.19,9416.00,0.00,0.00
54598.19,9416.00,0.00,0.00
54598.19,9416.00,0.00,0.00
54598.19,9416.00,0.00,0.00
54598.19,9416.00,0.00,0.00
54598.19,9416.00,0.00,0.00
54598.19,9416.00,0.00,0.00
54598.19,9416.00,0.00,0.00
54598.19,9416.00,0.00,0.00
54598.19,9416.00,0.00,0.00
54598.19,9416.00,0.00,0.00
54598.19,9416.00,0.00,0.00
54598.19,9416.00,0.00,0.00
54598.19,9416.00,0.00,0.00
54598.19,9416.00,0.00,0.00
54598.19,9416.00,0.00,0.00
54598.19,9416.00,0.00,0.00
54598.19,9416.00,0.00,0.00
54598.19,9416.00,0.00,0.00
54598.19,9416.00,0.00,0.00
54598.19,9416.00,0.00,0.00
54598.19,9416.00,0.00,0.00
54598.19,9416.00,0.00,0.00
54598.19,9416.00,0.00,0.00
54598.19,9416.00,0.00,0.00
54598.19,9416.00,0.00,0.00
54598.19,9416.00,0.00,0.00
54598.19,9416.00,0.00,0.00
54598.19,9416.00,0.00,0.00
54598.19,9416.00,0.00,0.00
54598.19,9416.00,0.00,0.00
54598.19,9416.00,0.00,0.00
54598.19,9416.00,0.00,0.00
54598.19,9416.00,0.00,0.00
54598.19,9416.00,0.00,0.00
54598.19,9416.00,0.00,0.00
54598.19,9416.00,0.00,0.00
54598.19,9416.00,0.00,0.00
54598.19,9416.00,0.00,0.00
54598.19,9416.00,0.00,0.00
54598.19,9416.00,0.00,0.00
54598.19,9416.00,0.00,0.00
54598.19,9416.00,0.00,0.00
54598.19,9416.00,0.00,0.00
54598.19,9416.00,0.00,0.00
54598.19,9416.00,0.00,0.00
54598.19,9416.00,0.00,0.00
54598.19,9416.00,0.00,0.00
54598.19,9416.00,0.00,0.00
54598.19,9416.00,0.00,0.00
54598.19,9416.00,0.00,0.00
54598.19,9416.00,0.00,0.00
54598.19,9416.00,0.00,0.00
54598.19,9416.00,0.00,0.00
54598.19,9416.00,0.00,0.00
54598.19,9416.00,0.00,0.00
54598.19,9416.00,0.00,0.00
54598.19,9416.00,0.00,0.00
54598.19,9416.00,0.00,0.00
54598.19,9416.00,0.00,0.00
54598.19,9416.00,0.00,0.00
54598.19,9416.00,0.00,0.00
54598.19,9416.00,0.00,0.00
54598.19,9416.00,0.00,0.00
54598.19,9416.00,0.00,0.00
54598.19,9416.00,0.00,0.00
54598.19,9416.00,0.00,0.00
54598.19,9416.00,0.00,0.00
54598.19,9416.00,0.00,0.00
54598.19,9416.00,0.00,0.00
54598.19,9416.00,0.00,0.00
54598.19,9416.00,0.00,0.00
54598.19,9416.00,0.00,0.00
54598.19,9416.00,0.00,0.00
54598.19,9416.00,0.00,0.00
54598.19,9416.00,0.00,0.00
54598.19,9416.00,0.00,0.00
54598.19,9416.00,0.00,0.00
54598.19,9416.00,0.00,0.00
54598.19,9416.00,0.00,0.00
54598.19,9416.00,0.00,0.00
54598.19,9416.00,0.00,0.00
54598.19,9416.00,0.00,0.00
54598.19,9416.00,0.00,0.00
54598.19,9416.00,0.00,0.00
54598.19,9416.00,0.00,0.00
54598.19,9416.00,0.00,0.00
54598.19,9416.00,0.00,0.00
54598.19,9416.00,0.00,0.00
54598.19,9416.00,0.00,0.00
54598.19,9416.00,0.00,0.00
54598.19,9416.00,0.00,0.00
54598.19,9416.00,0.00,0.00
54598.19,9416.00,0.00,0.00
54598.19,9416.00,0.00,0.00
54598.19,9416.00,0.00,0.00
54598.19,9416.00,0.00,0.00
54598.19,9416.00,0.00,0.00
54598.19,9416.00,0.00,0.00
54598.19,9416.00,0.00,0.00
54598.19,9416.00,0.00,0.00
54598.19,9416.00,0.00,0.00
54598.19,9416.00,0.00,0.00
54598.19,9416.00,0.00,0.00
54598.19,9416.00,0.00,0.00
54598.19,9416.00,0.00,0.00
54598.19,9416.00,0.00,0.00
54598.19,9416.00,0.00,0.00
54598.19,9416.00,0.00,0.00
54598.19,9416.00,0.00,0.00
54598.19,9416.00,0.00,0.00
54598.19,9416.00,0.00,0.00
54598.19,9416.00,0.00,0.00
54598.19,9416.00,0.00,0.00
54598.19,9416.00,0.00,0.00
54598.19,9416.00,0.00,0.00
54598.19,9416.00,0.00,0.00
54598.19,9416.00,0.00,0.00
54598.19,9416.00,0.00,0.00
54598.19,9416.00,0.00,0.00
54598.19,9416.00,0.00,0.00
54598.19,9416.00,0.00,0.00
54598.19,9416.00,0.00,0.00
54598.19,9416.00,0.00,0.00
54598.19,9416.00,0.00,0.00
54598.19,9416.00,0.00,0.00
54598.19,9416.00,0.00,0.00
54598.19,9416.00,0.00,0.00
54598.19,9416.00,0.00,0.00
54598.19,9416.00,0.00,0.00
54598.19,9416.00,0.00,0.00
54598.19,9416.00,0.00,0.00
54598.19,9416.00,0.00,0.00
54598.19,9416.00,0.00,0.00
54598.19,9416.00,0.00,0.00
54598.19,9416.00,0.00,0.00
54598.19,9416.00,0.00,0.00
54598.19,9416.00,0.00,0.00
54598.19,9416.00,0.00,0.00
54598.19,9416.00,0.00,0.00
54598.19,9416.00,0.00,0.00
54598.19,9416.00,0.00,0.00
54598.19,9416.00,0.00,0.00
54598.19,9416.00,0.00,0.00
54598.19,9416.00,0.00,0.00
54598.19,9416.00,0.00,0.00
54598.19,9416.00,0.00,0.00
54598.19,9416.00,0.00,0.00
54598.19,9416.00,0.00,0.00
54598.19,9416.00,0.00,0.00
54598.19,9416.00,0.00,0.00
54598.19,9416.00,0.00,0.00
54598.19,9416.00,0.00,0.00
54598.19,9416.00,0.00,0.00
54598.19,9416.00,0.00,0.00
54598.19,9416.00,0.00,0.00
54598.19,9416.00,0.00,0.00
54598.19,9416.00,0.00,0.00
54598.19,9416.00,0.00,0.00
54598.19,9416.00,0.00,0.00
54598.19,9416.00,0.00,0.00
54598.19,9416.00,0.00,0.00
54598.19,9416.00,0.00,0.00
54598.19,9416.00,0.00,0.00
54598.19,9416.00,0.00,0.00
54598.19,9416.00,0.00,0.00
54598.19,9416.00,0.00,0.00
54598.19,9416.00,0.00,0.00
54598.19,9416.00,0.00,0.00
54598.19,9416.00,0.00,0.00
54598.19,9416.00,0.00,0.00
54598.19,9416.00,0.00,0.00
54598.19,9416.00,0.00,0.00
54598.19,9416.00,0.00,0.00
54598.19,9416.00,0.00,0.00
54598.19,9416.00,0.00,0.00
54598.19,9416.00,0.00,0.00
54598.19,9416.00,0.00,0.00
54598.19,9416.00,0.00,0.00
54598.19,9416.00,0.00,0.00
54598.19,9416.00,0.00,0.00
54598.19,9416.00,0.00,0.00
54598.19,9416.00,0.00,0.00
54598.19,9416.00,0.00,0.00
54598.19,9416.00,0.00,0.00
54598.19,9416.00,0.00,0.00
54598.19,9416.00,0.00,0.00
54598.19,9416.00,0.00,0.00
54598.19,9416.00,0.00,0.00
54598.19,9416.00,0.00,0.00
54598.19,9416.00,0.00,0.00
54598.19,9416.00,0.00,0.00
54598.19,9416.00,0.00,0.00
54598.19,9416.00,0.00,0.00
54598.19,9416.00,0.00,0.00
54598.19,9416.00,0.00,0.00
54598.19,9416.00,0.00,0.00
54598.19,9416.00,0.00,0.00
54598.19,9416.00,0.00,0.00
54598.19,9416.00,0.00,0.00
54598.19,9416.00,0.00,0.00
54598.19,9416.00,0.00,0.00
54598.19,9416.00,0.00,0.00
54598.19,9416.00,0.00,0.00
54598.19,9416.00,0.00,0.00
54598.19,9416.00,0.00,0.00
54598.19,9416.00,0.00,0.00
54598.19,9416.00,0.00,0.00
54598.19,9416.00,0.00,0.00
54598.19,9416.00,0.00,0.00
54598.19,9416.00,0.00,0.00
54598.19,9416.00,0.00,0.00
54598.19,9416.00,0.00,0.00
54598.19,9416.00,0.00,0.00
54598.19,9416.00,0.00,0.00
54598.19,9416.00,0.00,0.00
54598.19,9416.00,0.00,0.00
54598.19,9416.00,0.00,0.00
54598.19,9416.00,0.00,0.00
54598.19,9416.00,0.00,0.00
54598.19,9416.00,0.00,0.00
54598.19,9416.00,0.00,0.00
54598.19,9416.00,0.00,0.00
54598.19,9416.00,0.00,0.00
54598.19,9416.00,0.00,0.00
54598.19,9416.00,0.00,0.00
54598.19,9416.00,0.00,0.00
54598.19,9416.00,0.00,0.00
54598.19,9416.00,0.00,0.00
54598.19,9416.00,0.00,0.00
54598.19,9416.00,0.00,0.00
54598.19,9416.00,0.00,0.00
54598.19,9416.00,0.00,0.00
54598.19,9416.00,0.00,0.00
54598.19,9416.00,0.00,0.00
54598.19,9416.00,0.00,0.00
54598.19,9416.00,0.00,0.00
54598.19,9416.00,0.00,0.00
54598.19,9416.00,0.00,0.00
54598.19,9416.00,0.00,0.00
54598.19,9416.00,0.00,0.00
54598.19,9416.00,0.00,0.00
54598.19,9416.00,0.00,0.00
54598.19,9416.00,0.00,0.00
54598.19,9416.00,0.00,0.00
54598.19,9416.00,0.00,0.00
54598.19,9416.00,0.00,0.00
54598.19,9416.00,0.00,0.00
54598.19,9416.00,0.00,0.00
54598.19,9416.00,0.00,0.00
54598.11,9416.00,-0.08,0.00
54597.95,9424.00,-0.16,0.00
54597.71,9424.00,-0.24,0.00
54597.39,9424.00,-0.32,0.00
54597.00,9424.00,-0.40,0.00
54596.52,9424.00,-0.48,0.00
54595.96,9424.00,-0.56,0.00
54595.32,9424.00,-0.64,0.00
54594.60,9424.00,-0.72,0.00
54593.80,9424.00,-0.80,0.00
54592.92,9424.00,-0.88,0.00
54591.96,9424.00,-0.96,0.00
54590.92,9424.00,-1.04,0.00
54589.80,9424.00,-1.12,0.00
54588.60,9424.00,-1.20,0.00
54587.32,9424.00,-1.28,0.00
54585.96,9424.00,-1.36,0.00
54584.52,9424.00,-1.44,0.00
54583.00,9424.00,-1.52,0.00
54581.39,9432.00,-1.60,0.00
54579.71,9432.00,-1.68,0.00
54577.95,9432.00,-1.76,0.00
54576.11,9432.00,-1.84,0.00
54574.19,9432.00,-1.92,0.00
54572.19,9432.00,-2.00,0.00
54570.11,9432.00,-2.08,0.00
54567.95,9432.00,-2.16,0.00
54565.71,9440.00,-2.24,0.00
54563.39,9440.00,-2.32,0.00
54561.00,9440.00,-2.40,0.00
54558.52,9440.00,-2.48,0.00
54555.96,9440.00,-2.56,0.00
54553.32,9440.00,-2.64,0.00
54550.60,9440.00,-2.72,0.00
54547.80,9448.00,-2.80,0.00
54544.92,9448.00,-2.88,0.00
54541.96,9448.00,-2.96,0.00
54538.92,9448.00,-3.04,0.00
54536.08,9448.00,-2.84,0.00
54533.16,9456.00,-2.92,0.00
54530.16,9456.00,-3.00,0.00
54527.08,9456.00,-3.08,0.00
54524.20,9456.00,-2.88,0.00
54521.24,9456.00,-2.96,0.00
54518.20,9456.00,-3.04,0.00
54515.36,9458.64,-2.84,0.00
54512.44,9461.56,-2.92,0.00
54509.44,9464.56,-3.00,0.00
54506.36,9467.64,-3.08,0.00
54503.48,9470.52,-2.88,0.00
54500.52,9470.92,-2.96,0.40
54497.48,9471.72,-3.04,0.80
54494.54,9472.00,-2.94,0.28
54491.52,9472.00,-3.02,0.00
54488.70,9472.00,-2.82,0.00
54485.80,9488.00,-2.90,0.00
54482.82,9488.00,-2.98,0.00
54479.76,9488.00,-3.06,0.00
54476.90,9488.00,-2.86,0.00
54473.96,9488.00,-2.94,0.00
54470.94,9488.00,-3.02,0.00
54468.12,9488.00,-2.82,0.00
54465.22,9488.00,-2.90,0.00
54462.60,9488.00,-2.62,0.00
54460.26,9488.00,-2.34,0.00
54458.20,9488.00,-2.06,0.00
54456.42,9488.00,-1.78,0.00
54454.92,9488.00,-1.50,0.00
54453.70,9488.40,-1.22,0.40
54452.76,9489.20,-0.94,0.80
54452.10,9490.40,-0.66,1.20
54451.72,9492.00,-0.38,1.60
54451.62,9494.00,-0.10,2.00
54451.60,9496.40,-0.02,2.40
54451.66,9499.20,0.06,2.80
54451.80,9502.40,0.14,3.20
54452.02,9506.00,0.22,3.60
54452.32,9510.00,0.30,4.00
54452.70,9514.40,0.38,4.40
54453.16,9519.20,0.46,4.80
54453.70,9524.40,0.54,5.20
54454.00,9530.00,0.30,5.60
54454.00,9536.00,0.00,6.00
54454.00,9542.40,0.00,6.40
54454.00,9549.20,0.00,6.80
54454.00,9556.40,0.00,7.20
54454.00,9564.00,0.00,7.60
54454.00,9572.00,0.00,8.00
54454.08,9580.40,0.08,8.40
54454.24,9589.20,0.16,8.80
54454.48,9598.40,0.24,9.20
54454.80,9608.00,0.32,9.60
54455.20,9618.00,0.40,10.00
54455.50,9628.01,0.30,10.01
54455.52,9638.02,0.02,10.01
54455.46,9648.03,-0.06,10.01
54455.32,9658.04,-0.14,10.01
54455.10,9668.05,-0.22,10.01
54454.80,9678.06,-0.30,10.01
54454.42,9688.07,-0.38,10.01
54453.96,9698.08,-0.46,10.01
54453.42,9708.09,-0.54,10.01
54452.80,9713.20,-0.62,0.00
54452.10,9713.90,-0.70,0.00
54451.32,9714.68,-0.78,0.00
54450.46,9715.54,-0.86,0.00
54449.52,9716.48,-0.94,0.00
54448.50,9717.50,-1.02,0.00
54447.39,9718.61,-1.10,0.00
54446.21,9719.79,-1.18,0.00
54444.95,9721.05,-1.26,0.00
54443.61,9722.39,-1.34,0.00
54442.19,9723.81,-1.42,0.00
54440.69,9725.31,-1.50,0.00
54439.11,9726.89,-1.58,0.00
54437.45,9728.55,-1.66,0.00
54435.71,9730.29,-1.74,0.00
54433.89,9732.11,-1.82,0.00
54432.00,9734.00,-1.90,0.00
54430.02,9735.98,-1.98,0.00
54428.23,9737.77,-1.78,0.00
54426.66,9739.34,-1.58,0.00
54425.28,9740.72,-1.38,0.00
54424.10,9741.12,-1.18,0.40
54423.02,9741.92,-1.08,0.80
54422.04,9743.12,-0.98,1.20
54421.16,9744.00,-0.88,0.88
54420.38,9744.00,-0.78,0.00
54419.80,9744.00,-0.58,0.00
54419.42,9744.00,-0.38,0.00
54419.24,9744.00,-0.18,0.00
54419.24,9744.00,0.00,0.00
54419.24,9744.00,0.00,0.00
54419.24,9744.00,0.00,0.00
54419.24,9744.00,0.00,0.00
54419.24,9744.00,0.00,0.00
54419.24,9744.00,0.00,0.00
54419.24,9744.00,0.00,0.00
54419.24,9744.00,0.00,0.00
54419.24,9744.00,0.00,0.00
54419.24,9744.00,0.00,0.00
54419.24,9744.00,0.00,0.00
54419.24,9744.00,0.00,0.00
54419.24,9744.00,0.00,0.00
54419.24,9744.00,0.00,0.00
54419.24,9744.00,0.00,0.00
54419.24,9744.00,0.00,0.00
54419.24,9744.00,0.00,0.00
54419.24,9744.00,0.00,0.00
54419.24,9744.00,0.00,0.00
54419.24,9744.00,0.00,0.00
54419.24,9744.00,0.00,0.00
54419.24,9744.00,0.00,0.00
54419.24,9744.00,0.00,0.00
54419.24,9744.00,0.00,0.00
54419.24,9744.00,0.00,0.00
54419.24,9744.00,0.00,0.00
54419.24,9744.00,0.00,0.00
54419.24,9744.00,0.00,0.00
54419.24,9744.00,0.00,0.00
54419.24,9744.00,0.00,0.00
54419.24,9744.00,0.00,0.00
54419.24,9744.00,0.00,0.00
54419.24,9744.00,0.00,0.00
54419.24,9744.00,0.00,0.00
54419.24,9744.00,0.00,0.00
54419.24,9744.00,0.00,0.00
54419.24,9744.00,0.00,0.00
54419.24,9744.00,0.00,0.00
54419.24,9744.00,0.00,0.00
54419.24,9744.00,0.00,0.00
54419.24,9744.00,0.00,0.00
54419.24,9744.00,0.00,0.00
54419.24,9744.00,0.00,0.00
54419.24,9744.00,0.00,0.00
54419.24,9744.00,0.00,0.00
54419.24,9744.00,0.00,0.00
54419.24,9744.00,0.00,0.00
54419.24,9744.00,0.00,0.00
54419.24,9744.00,0.00,0.00
54419.16,9744.00,-0.08,0.00
54419.00,9744.00,-0.16,0.00
54418.77,9744.00,-0.24,0.00
54418.45,9744.00,-0.32,0.00
54418.05,9744.00,-0.40,0.00
54417.57,9744.00,-0.48,0.00
54417.01,9744.00,-0.56,0.00
54416.37,9744.00,-0.64,0.00
54415.65,9744.00,-0.72,0.00
54414.85,9744.00,-0.80,0.00
54413.97,9744.00,-0.88,0.00
54413.01,9744.00,-0.96,0.00
54411.97,9744.00,-1.04,0.00
54410.85,9744.00,-1.12,0.00
54409.65,9744.00,-1.20,0.00
54408.37,9744.00,-1.28,0.00
54407.01,9744.00,-1.36,0.00
54405.57,9752.00,-1.44,0.00
54404.05,9752.00,-1.52,0.00
54402.45,9752.00,-1.60,0.00
54400.77,9752.00,-1.68,0.00
54399.00,9752.00,-1.76,0.00
54397.16,9752.00,-1.84,0.00
54395.24,9752.00,-1.92,0.00
54393.24,9752.00,-2.00,0.00
54391.16,9752.00,-2.08,0.00
54389.00,9760.00,-2.16,0.00
54386.77,9760.00,-2.24,0.00
54384.45,9760.00,-2.32,0.00
54382.05,9760.00,-2.40,0.00
54379.57,9760.00,-2.48,0.00
54377.01,9760.00,-2.56,0.00
54374.37,9760.00,-2.64,0.00
54371.65,9776.40,-2.72,0.40
54368.85,9777.20,-2.80,0.80
54365.97,9778.40,-2.88,1.20
54363.01,9780.00,-2.96,1.60
54359.97,9782.00,-3.04,2.00
54357.03,9784.40,-2.94,2.40
54354.01,9787.20,-3.02,2.80
54351.09,9790.40,-2.92,3.20
54348.09,9792.00,-3.00,1.60
54345.01,9792.00,-3.08,0.00
54342.13,9792.00,-2.88,0.00
54339.17,9795.36,-2.96,3.36
54336.13,9799.12,-3.04,3.76
54333.19,9803.28,-2.94,4.16
54330.17,9807.84,-3.02,4.56
54327.25,9808.00,-2.92,0.16
54324.25,9808.56,-3.00,0.56
54321.17,9809.52,-3.08,0.96
54318.19,9810.88,-2.98,1.36
54315.13,9812.64,-3.06,1.76
54312.17,9814.80,-2.96,2.16
54309.13,9817.36,-3.04,2.56
54306.19,9820.32,-2.94,2.96
54303.17,9823.68,-3.02,3.36
54300.25,9827.44,-2.92,3.76
54297.25,9831.60,-3.00,4.16
54294.17,9836.16,-3.08,4.56
54291.19,9841.12,-2.98,4.96
54288.13,9845.87,-3.06,0.00
54285.35,9848.65,-2.78,0.00
54282.85,9851.15,-2.50,0.00
54280.63,9853.37,-2.22,0.00
54278.69,9853.77,-1.94,0.40
54277.03,9854.57,-1.66,0.80
54275.65,9855.77,-1.38,1.20
54274.55,9857.37,-1.10,1.60
54273.73,9859.37,-0.82,2.00
54273.19,9861.77,-0.54,2.40
54272.93,9864.57,-0.26,2.80
54272.95,9867.77,0.02,3.20
54273.05,9871.37,0.10,3.60
54273.23,9875.37,0.18,4.00
54273.49,9879.77,0.26,4.40
54273.83,9884.57,0.34,4.80
54273.89,9889.77,0.06,5.20
54273.87,9895.37,-0.02,5.60
54273.77,9901.37,-0.10,6.00
54273.59,9907.77,-0.18,6.40
54273.32,9914.57,-0.26,6.80
54272.98,9921.77,-0.34,7.20
54272.56,9929.37,-0.42,7.60
54272.06,9937.37,-0.50,8.00
54271.48,9945.77,-0.58,8.40
54270.82,9954.57,-0.66,8.80
54270.09,9963.77,-0.74,9.20
54269.27,9973.37,-0.82,9.60
54268.37,9983.37,-0.90,10.00
54267.57,9993.38,-0.80,10.01
54266.87,10003.39,-0.70,10.01
54266.27,10013.40,-0.60,10.01
54265.95,10023.41,-0.32,10.01
54265.91,10033.42,-0.04,10.01
54265.95,10043.43,0.04,10.01
54266.07,10048.00,0.12,4.57
54266.27,10048.00,0.20,0.00
54266.55,10048.00,0.28,0.00
54266.91,10048.00,0.36,0.00
54267.35,10048.00,0.44,0.00
54267.87,10048.00,0.52,0.00
54268.47,10048.00,0.60,0.00
54269.15,10048.00,0.68,0.00
54269.63,10048.00,0.48,0.00
54269.83,10048.00,0.20,0.00
54269.75,10048.00,-0.08,0.00
54269.59,10048.00,-0.16,0.00
54269.35,10048.00,-0.24,0.00
54269.03,10048.00,-0.32,0.00
54268.63,10048.00,-0.40,0.00
54268.15,10048.00,-0.48,0.00
54267.59,10048.00,-0.56,0.00
54266.95,10048.00,-0.64,0.00
54266.23,10048.00,-0.72,0.00
54265.43,10048.00,-0.80,0.00
54264.55,10048.00,-0.88,0.00
54263.59,10048.00,-0.96,0.00
54262.55,10048.00,-1.04,0.00
54261.43,10048.57,-1.12,0.00
54260.23,10049.77,-1.20,0.00
54258.95,10051.05,-1.28,0.00
54257.59,10052.41,-1.36,0.00
54256.15,10053.85,-1.44,0.00
54254.63,10055.37,-1.52,0.00
54253.03,10056.97,-1.60,0.00
54251.35,10058.65,-1.68,0.00
54249.59,10060.41,-1.76,0.00
54247.75,10060.81,-1.84,0.40
54245.83,10061.61,-1.92,0.80
54243.83,10062.81,-2.00,1.20
54241.75,10064.00,-2.08,1.19
54239.59,10064.00,-2.16,0.00
54237.35,10064.00,-2.24,0.00
54235.03,10064.00,-2.32,0.00
54232.63,10064.00,-2.40,0.00
54230.15,10064.00,-2.48,0.00
54227.59,10080.40,-2.56,0.40
54224.95,10081.20,-2.64,0.80
54222.23,10082.40,-2.72,1.20
54219.43,10084.00,-2.80,1.60
54216.55,10086.00,-2.88,2.00
54213.59,10088.40,-2.96,2.40
54210.55,10091.20,-3.04,2.80
54207.61,10094.40,-2.94,3.20
54204.59,10098.00,-3.02,3.60
54201.67,10102.00,-2.92,4.00
54198.67,10106.40,-3.00,4.40
54195.59,10111.20,-3.08,4.80
54192.61,10116.40,-2.98,5.20
54189.55,10122.00,-3.06,5.60
54186.59,10128.00,-2.96,6.00
54183.55,10134.40,-3.04,6.40
54180.61,10141.20,-2.94,6.80
54177.59,10148.40,-3.02,7.20
54174.67,10156.00,-2.92,7.60
54171.67,10164.00,-3.00,8.00
54168.59,10172.40,-3.08,8.40
54165.61,10181.20,-2.98,8.80
54162.55,10190.40,-3.06,9.20
54159.59,10200.00,-2.96,9.60
54156.55,10208.00,-3.04,8.00
54153.61,10208.00,-2.94,0.00
54150.59,10208.00,-3.02,0.00
54147.77,10224.00,-2.82,0.00
54144.88,10224.00,-2.90,0.00
54141.89,10224.00,-2.98,0.00
54138.84,10224.00,-3.06,0.00
54135.98,10216.00,-2.86,0.00
54133.04,10216.00,-2.94,0.00
54130.02,10216.00,-3.02,0.00
54127.20,10216.00,-2.82,0.00
54124.30,10216.00,-2.90,0.00
54121.32,10208.00,-2.98,0.00
54118.26,10208.00,-3.06,0.00
54115.40,10208.00,-2.86,0.00
54112.46,10208.00,-2.94,0.00
54109.44,10208.00,-3.02,0.00
54106.62,10208.00,-2.82,0.00
54103.72,10192.00,-2.90,0.00
54100.74,10192.00,-2.98,0.00
54097.68,10192.00,-3.06,0.00
54094.82,10192.00,-2.86,0.00
54091.88,10192.00,-2.94,0.00
54088.86,10192.00,-3.02,0.00
54086.04,10192.00,-2.82,0.00
54083.14,10192.00,-2.90,0.00
54080.16,10192.00,-2.98,0.00
54077.10,10192.00,-3.06,0.00
54074.24,10192.00,-2.86,0.00
54071.30,10192.00,-2.94,0.00
54068.28,10192.00,-3.02,0.00
54065.46,10192.00,-2.82,0.00
54062.56,10192.00,-2.90,0.00
54059.58,10192.00,-2.98,0.00
54056.52,10192.00,-3.06,0.00
54053.66,10192.34,-2.86,0.00
54050.72,10195.28,-2.94,0.00
54047.70,10198.30,-3.02,0.00
54044.88,10201.12,-2.82,0.00
54041.98,10204.02,-2.90,0.00
54039.00,10204.42,-2.98,0.40
54035.95,10205.22,-3.06,0.80
54032.98,10206.42,-2.96,1.20
54029.95,10208.00,-3.04,1.58
54027.00,10208.00,-2.94,0.00
54023.98,10208.00,-3.02,0.00
54021.16,10216.00,-2.82,0.00
54018.27,10216.00,-2.90,0.00
54015.29,10216.00,-2.98,0.00
54012.23,10216.00,-3.06,0.00
54009.37,10216.00,-2.86,0.00
54006.43,10216.00,-2.94,0.00
54003.41,10219.42,-3.02,3.42
54000.48,10223.24,-2.92,3.82
53997.48,10224.00,-3.00,0.76
53994.41,10224.00,-3.08,0.00
53991.53,10224.00,-2.88,0.00
53988.57,10225.43,-2.96,0.00
53985.53,10228.47,-3.04,0.00
53982.69,10231.31,-2.84,0.00
53979.77,10234.23,-2.92,0.00
53976.77,10237.23,-3.00,0.00
53973.69,10240.31,-3.08,0.00
53970.81,10243.19,-2.88,0.00
53967.85,10246.15,-2.96,0.00
53964.81,10249.19,-3.04,0.00
53961.97,10252.03,-2.84,0.00
53959.05,10254.95,-2.92,0.00
53956.05,10256.00,-3.00,1.05
53952.97,10256.00,-3.08,0.00
53950.09,10256.00,-2.88,0.00
53947.13,10256.00,-2.96,0.00
53944.09,10256.00,-3.04,0.00
53941.25,10256.75,-2.84,0.00
53938.33,10259.67,-2.92,0.00
53935.33,10262.67,-3.00,0.00
53932.25,10265.75,-3.08,0.00
53929.37,10268.63,-2.88,0.00
53926.41,10269.03,-2.96,0.40
53923.37,10269.83,-3.04,0.80
53920.43,10271.03,-2.94,1.20
53917.41,10272.00,-3.02,0.97
53914.49,10272.00,-2.92,0.00
53911.49,10272.00,-3.00,0.00
53908.41,10272.00,-3.08,0.00
53905.53,10272.00,-2.88,0.00
53902.57,10272.00,-2.96,0.00
53899.53,10272.00,-3.04,0.00
53896.69,10272.00,-2.84,0.00
53893.77,10272.00,-2.92,0.00
53890.77,10272.00,-3.00,0.00
53887.69,10272.00,-3.08,0.00
53884.81,10272.00,-2.88,0.00
53881.85,10272.00,-2.96,0.00
53878.81,10272.00,-3.04,0.00
53875.97,10274.03,-2.84,0.00
53873.05,10276.95,-2.92,0.00
53870.05,10279.95,-3.00,0.00
53866.97,10283.03,-3.08,0.00
53864.09,10285.91,-2.88,0.00
53861.13,10286.31,-2.96,0.40
53858.09,10287.11,-3.04,0.80
53855.15,10288.00,-2.94,0.89
53852.13,10288.00,-3.02,0.00
53849.31,10288.00,-2.82,0.00
53846.41,10288.00,-2.90,0.00
53843.71,10288.00,-2.70,0.00
53841.21,10288.00,-2.50,0.00
53838.91,10288.00,-2.30,0.00
53836.81,10288.00,-2.10,0.00
53834.91,10288.00,-1.90,0.00
53833.21,10288.00,-1.70,0.00
53831.71,10288.00,-1.50,0.00
53830.41,10288.00,-1.30,0.00
53829.31,10288.00,-1.10,0.00
53828.41,10288.00,-0.90,0.00
53827.71,10288.00,-0.70,0.00
53827.21,10288.00,-0.50,0.00
53826.91,10288.00,-0.30,0.00
53826.81,10288.00,-0.10,0.00
53826.81,10288.00,0.00,0.00
53826.81,10288.00,0.00,0.00
53826.81,10288.00,0.00,0.00
53826.73,10288.00,-0.08,0.00
53826.57,10288.00,-0.16,0.00
53826.34,10288.00,-0.24,0.00
53826.02,10288.00,-0.32,0.00
53825.62,10288.00,-0.40,0.00
53825.14,10288.00,-0.48,0.00
53824.58,10288.00,-0.56,0.00
53823.94,10288.00,-0.64,0.00
53823.22,10288.00,-0.72,0.00
53822.42,10288.00,-0.80,0.00
53821.54,10288.00,-0.88,0.00
53820.86,10288.00,-0.68,0.00
53820.38,10288.00,-0.48,0.00
53820.10,10288.00,-0.28,0.00
53820.02,10288.00,-0.08,0.00
53820.02,10288.00,0.00,0.00
53820.02,10288.00,0.00,0.00
53820.02,10288.00,0.00,0.00
53820.02,10288.00,0.00,0.00
53820.02,10288.00,0.00,0.00
53820.02,10288.00,0.00,0.00
53820.02,10288.00,0.00,0.00
53820.02,10288.00,0.00,0.00
53820.02,10288.00,0.00,0.00
53820.02,10288.00,0.00,0.00
53820.02,10288.00,0.00,0.00
53820.02,10288.00,0.00,0.00
53820.02,10288.00,0.00,0.00
53820.02,10288.00,0.00,0.00
53820.02,10288.00,0.00,0.00
53820.02,10288.00,0.00,0.00
53820.02,10288.00,0.00,0.00
53820.02,10288.00,0.00,0.00
53820.02,10288.00,0.00,0.00
53820.02,10288.00,0.00,0.00
53820.02,10288.00,0.00,0.00
53820.02,10288.00,0.00,0.00
53820.02,10288.00,0.00,0.00
53820.02,10288.00,0.00,0.00
53820.02,10288.00,0.00,0.00
53820.02,10288.00,0.00,0.00
53820.02,10288.00,0.00,0.00
53820.02,10288.00,0.00,0.00
53820.02,10288.00,0.00,0.00
53820.02,10288.00,0.00,0.00
53820.02,10288.00,0.00,0.00
53820.02,10288.00,0.00,0.00
53820.02,10288.00,0.00,0.00
53820.02,10288.00,0.00,0.00
53820.02,10288.00,0.00,0.00
53820.02,10288.00,0.00,0.00
53820.02,10288.00,0.00,0.00
53820.02,10288.00,0.00,0.00
53820.02,10288.00,0.00,0.00
53820.02,10288.00,0.00,0.00
53820.02,10288.00,0.00,0.00
53820.02,10288.00,0.00,0.00
53820.02,10288.00,0.00,0.00
53820.02,10288.00,0.00,0.00
53820.02,10288.00,0.00,0.00
53820.02,10288.00,0.00,0.00
53820.02,10288.00,0.00,0.00
53820.02,10288.00,0.00,0.00
53820.02,10288.00,0.00,0.00
53820.02,10288.00,0.00,0.00
53820.02,10288.00,0.00,0.00
53820.02,10288.00,0.00,0.00
53820.02,10288.00,0.00,0.00
53820.02,10288.00,0.00,0.00
53820.02,10288.00,0.00,0.00
53820.02,10288.00,0.00,0.00
53820.02,10288.00,0.00,0.00
53820.02,10288.00,0.00,0.00
53820.02,10288.00,0.00,0.00
53820.02,10288.00,0.00,0.00
53820.02,10288.00,0.00,0.00
53820.02,10288.00,0.00,0.00
53820.02,10288.00,0.00,0.00
53820.02,10288.00,0.00,0.00
53820.02,10288.00,0.00,0.00
53820.02,10288.00,0.00,0.00
53820.02,10288.00,0.00,0.00
53820.02,10288.00,0.00,0.00
53820.02,10288.00,0.00,0.00
53820.02,10288.00,0.00,0.00
53820.02,10288.00,0.00,0.00
53820.02,10288.00,0.00,0.00
53820.02,10288.00,0.00,0.00
53820.02,10288.00,0.00,0.00
53820.02,10288.00,0.00,0.00
53820.02,10288.00,0.00,0.00
53820.02,10288.00,0.00,0.00
53820.02,10288.00,0.00,0.00
53820.02,10288.00,0.00,0.00
53820.02,10288.00,0.00,0.00
53820.02,10288.00,0.00,0.00
53820.02,10288.00,0.00,0.00
53820.02,10288.00,0.00,0.00
53820.02,10288.00,0.00,0.00
53820.02,10288.00,0.00,0.00
53820.02,10288.00,0.00,0.00
53820.02,10288.00,0.00,0.00
53820.02,10288.00,0.00,0.00
53820.02,10288.00,0.00,0.00
53820.02,10288.00,0.00,0.00
53820.02,10288.00,0.00,0.00
53820.02,10288.00,0.00,0.00
53820.02,10288.00,0.00,0.00
53820.02,10288.00,0.00,0.00
53820.02,10288.00,0.00,0.00
53820.02,10288.00,0.00,0.00
53820.02,10288.00,0.00,0.00
53820.02,10288.00,0.00,0.00
53820.02,10288.00,0.00,0.00
53820.02,10288.00,0.00,0.00
53820.02,10288.00,0.00,0.00
53820.02,10288.00,0.00,0.00
53820.02,10288.00,0.00,0.00
53820.02,10288.00,0.00,0.00
53820.02,10288.00,0.00,0.00
53820.02,10288.00,0.00,0.00
53820.02,10288.00,0.00,0.00
53820.02,10288.00,0.00,0.00
53820.02,10288.00,0.00,0.00
53820.02,10288.00,0.00,0.00
53820.02,10288.00,0.00,0.00
53820.02,10288.00,0.00,0.00
53820.02,10288.00,0.00,0.00
53820.02,10288.00,0.00,0.00
53820.02,10288.00,0.00,0.00
53820.02,10288.00,0.00,0.00
53820.02,10288.00,0.00,0.00
53820.02,10288.00,0.00,0.00
53820.02,10288.00,0.00,0.00
53820.02,10288.00,0.00,0.00
53820.02,10288.00,0.00,0.00
53820.02,10288.00,0.00,0.00
53820.02,10288.00,0.00,0.00
53820.02,10288.00,0.00,0.00
53820.02,10288.00,0.00,0.00
53820.02,10288.00,0.00,0.00
53820.02,10288.00,0.00,0.00
53820.02,10288.00,0.00,0.00
53820.02,10288.00,0.00,0.00
53820.02,10288.00,0.00,0.00
53820.02,10288.00,0.00,0.00
53820.02,10288.00,0.00,0.00
53820.02,10288.00,0.00,0.00
53820.02,10288.00,0.00,0.00
53820.02,10288.00,0.00,0.00
53820.02,10288.00,0.00,0.00
53820.02,10288.00,0.00,0.00
53820.02,10288.00,0.00,0.00
53820.02,10288.00,0.00,0.00
53820.02,10288.00,0.00,0.00
53820.02,10288.00,0.00,0.00
53820.02,10288.00,0.00,0.00
53820.02,10288.00,0.00,0.00
53820.02,10288.00,0.00,0.00
53820.02,10288.00,0.00,0.00
53820.02,10288.00,0.00,0.00
53820.02,10288.00,0.00,0.00
53820.02,10288.00,0.00,0.00
53820.02,10288.00,0.00,0.00
53820.02,10288.00,0.00,0.00
53820.02,10288.00,0.00,0.00
53820.02,10288.00,0.00,0.00
53820.02,10288.00,0.00,0.00
53820.02,10288.00,0.00,0.00
53820.02,10288.00,0.00,0.00
53820.02,10288.00,0.00,0.00
53820.02,10288.00,0.00,0.00
53820.02,10288.00,0.00,0.00
53820.02,10288.00,0.00,0.00
53820.02,10288.00,0.00,0.00
53820.02,10288.00,0.00,0.00
53820.02,10288.00,0.00,0.00
53820.02,10288.00,0.00,0.00
53820.02,10288.00,0.00,0.00
53820.02,10288.00,0.00,0.00
53820.02,10288.00,0.00,0.00
53820.02,10288.00,0.00,0.00
53820.02,10288.00,0.00,0.00
53820.02,10288.00,0.00,0.00
53820.02,10288.00,0.00,0.00
53820.02,10288.00,0.00,0.00
53820.02,10288.00,0.00,0.00
53820.02,10288.00,0.00,0.00
53820.02,10288.00,0.00,0.00
53820.02,10288.00,0.00,0.00
53820.02,10288.00,0.00,0.00
53820.02,10288.00,0.00,0.00
53820.02,10288.00,0.00,0.00
53820.02,10288.00,0.00,0.00
53820.02,10288.00,0.00,0.00
53820.02,10288.00,0.00,0.00
53820.02,10288.00,0.00,0.00
53820.02,10288.00,0.00,0.00
53820.02,10288.00,0.00,0.00
53820.02,10288.00,0.00,0.00
53820.02,10288.00,0.00,0.00
53820.02,10288.00,0.00,0.00
53820.02,10288.00,0.00,0.00
53820.02,10288.00,0.00,0.00
53820.02,10288.00,0.00,0.00
53820.02,10288.00,0.00,0.00
53820.02,10288.00,0.00,0.00
53820.02,10288.00,0.00,0.00
53820.02,10288.00,0.00,0.00
53820.02,10288.00,0.00,0.00
53820.02,10288.00,0.00,0.00
53820.02,10288.00,0.00,0.00
53820.02,10288.00,0.00,0.00
53820.02,10288.00,0.00,0.00
53820.02,10288.00,0.00,0.00
53820.02,10288.00,0.00,0.00
53820.02,10288.00,0.00,0.00
53820.02,10288.00,0.00,0.00
53820.02,10288.00,0.00,0.00
53820.02,10288.00,0.00,0.00
53820.02,10288.00,0.00,0.00
53820.02,10288.00,0.00,0.00
53820.02,10288.00,0.00,0.00
53820.02,10288.00,0.00,0.00
53820.02,10288.00,0.00,0.00
53820.02,10288.00,0.00,0.00
53820.02,10288.00,0.00,0.00
53820.02,10288.00,0.00,0.00
53820.02,10288.00,0.00,0.00
53820.02,10288.00,0.00,0.00
53820.02,10288.00,0.00,0.00
53820.02,10288.00,0.00,0.00
53820.02,10288.00,0.00,0.00
53820.02,10288.00,0.00,0.00
53820.02,10288.00,0.00,0.00
53820.02,10288.00,0.00,0.00
53820.02,10288.00,0.00,0.00
53820.02,10288.00,0.00,0.00
53820.02,10288.00,0.00,0.00
53820.02,10288.00,0.00,0.00
53820.02,10288.00,0.00,0.00
53820.02,10288.00,0.00,0.00
53820.02,10288.00,0.00,0.00
53820.02,10288.00,0.00,0.00
53820.02,10288.00,0.00,0.00
53820.02,10288.00,0.00,0.00
53820.02,10288.00,0.00,0.00
53820.02,10288.00,0.00,0.00
53820.02,10288.00,0.00,0.00
53820.02,10288.00,0.00,0.00
53820.02,10288.00,0.00,0.00
53820.02,10288.00,0.00,0.00
53820.02,10288.00,0.00,0.00
53820.02,10288.00,0.00,0.00
53820.02,10288.00,0.00,0.00
53820.02,10288.00,0.00,0.00
53820.02,10288.00,0.00,0.00
53820.02,10288.00,0.00,0.00
53820.02,10288.00,0.00,0.00
53820.02,10288.00,0.00,0.00
53820.02,10288.00,0.00,0.00
53820.02,10288.00,0.00,0.00
53820.02,10288.00,0.00,0.00
53820.02,10288.00,0.00,0.00
53820.02,10288.00,0.00,0.00
53820.02,10288.00,0.00,0.00
53820.02,10288.00,0.00,0.00
53820.02,10288.00,0.00,0.00
53820.02,10288.00,0.00,0.00
53820.02,10288.00,0.00,0.00
53820.02,10288.00,0.00,0.00
53820.02,10288.00,0.00,0.00
53820.02,10288.00,0.00,0.00
53820.02,10288.00,0.00,0.00
53820.02,10288.00,0.00,0.00
53820.02,10288.00,0.00,0.00
53820.02,10288.00,0.00,0.00
53820.02,10288.00,0.00,0.00
53820.02,10288.00,0.00,0.00
53820.02,10288.00,0.00,0.00
53820.02,10288.00,0.00,0.00
53820.02,10288.00,0.00,0.00
53820.02,10288.00,0.00,0.00
53820.02,10288.00,0.00,0.00
53820.02,10288.00,0.00,0.00
53820.02,10288.00,0.00,0.00
53820.02,10288.00,0.00,0.00
53820.02,10288.00,0.00,0.00
53820.02,10288.00,0.00,0.00
53820.02,10288.00,0.00,0.00
53820.02,10288.00,0.00,0.00
53820.02,10288.00,0.00,0.00
53820.02,10288.00,0.00,0.00
53820.02,10288.00,0.00,0.00
53820.02,10288.00,0.00,0.00
53820.02,10288.00,0.00,0.00
53820.02,10288.00,0.00,0.00
53820.02,10288.00,0.00,0.00
53820.02,10288.00,0.00,0.00
53820.02,10288.00,0.00,0.00
53820.02,10288.00,0.00,0.00
53820.02,10288.00,0.00,0.00
53820.02,10288.00,0.00,0.00
53820.02,10288.00,0.00,0.00
53820.02,10288.00,0.00,0.00
53820.02,10288.00,0.00,0.00
53820.02,10288.00,0.00,0.00
53820.02,10288.00,0.00,0.00
53820.02,10288.00,0.00,0.00
53820.02,10288.00,0.00,0.00
53820.02,10288.00,0.00,0.00
53820.02,10288.00,0.00,0.00
53820.02,10288.00,0.00,0.00
53820.02,10288.00,0.00,0.00
53820.02,10288.00,0.00,0.00
53820.02,10288.00,0.00,0.00
53820.02,10288.00,0.00,0.00
53820.02,10288.00,0.00,0.00
53820.02,10288.00,0.00,0.00
53820.02,10288.00,0.00,0.00
53820.02,10288.00,0.00,0.00
53820.02,10288.00,0.00,0.00
53820.02,10288.00,0.00,0.00
53820.02,10288.00,0.00,0.00
53820.02,10288.00,0.00,0.00
53820.02,10288.00,0.00,0.00
53820.02,10288.00,0.00,0.00
53820.02,10288.00,0.00,0.00
53820.02,10288.00,0.00,0.00
53820.02,10288.00,0.00,0.00
53820.02,10288.00,0.00,0.00
53820.02,10288.00,0.00,0.00
53820.02,10288.00,0.00,0.00
53820.02,10288.00,0.00,0.00
53820.02,10288.00,0.00,0.00
53820.02,10288.00,0.00,0.00
53820.02,10288.00,0.00,0.00
53820.02,10288.00,0.00,0.00
53820.02,10288.00,0.00,0.00
53820.02,10288.00,0.00,0.00
53820.02,10288.00,0.00,0.00
53820.02,10288.00,0.00,0.00
53820.02,10288.00,0.00,0.00
53820.02,10288.00,0.00,0.00
53820.02,10288.00,0.00,0.00
53820.02,10288.00,0.00,0.00
53820.02,10288.00,0.00,0.00
53820.02,10288.00,0.00,0.00
53819.94,10288.00,-0.08,0.00
53819.78,10288.00,-0.16,0.00
53819.54,10288.00,-0.24,0.00
53819.22,10288.00,-0.32,0.00
53818.82,10288.00,-0.40,0.00
53818.34,10288.00,-0.48,0.00
53817.79,10288.00,-0.56,0.00
53817.14,10288.00,-0.64,0.00
53816.43,10288.00,-0.72,0.00
53815.62,10288.00,-0.80,0.00
53814.75,10288.00,-0.88,0.00
53813.79,10288.00,-0.96,0.00
53812.75,10288.00,-1.04,0.00
53811.62,10288.00,-1.12,0.00
53810.43,10288.00,-1.20,0.00
53809.14,10288.00,-1.28,0.00
53807.79,10288.00,-1.36,0.00
53806.34,10288.00,-1.44,0.00
53804.82,10288.00,-1.52,0.00
53803.22,10288.00,-1.60,0.00
53801.54,10288.00,-1.68,0.00
53799.78,10288.00,-1.76,0.00
53797.94,10288.00,-1.84,0.00
53796.02,10288.00,-1.92,0.00
53794.02,10288.00,-2.00,0.00
53791.94,10288.00,-2.08,0.00
53789.78,10288.00,-2.16,0.00
53787.54,10288.00,-2.24,0.00
53785.22,10288.00,-2.32,0.00
53782.82,10288.00,-2.40,0.00
53780.34,10288.40,-2.48,0.40
53777.96,10289.20,-2.38,0.80
53775.86,10290.40,-2.10,1.20
53774.04,10292.00,-1.82,1.60
53772.50,10294.00,-1.54,2.00
53771.24,10296.40,-1.26,2.40
53770.26,10299.20,-0.98,2.80
53770.00,10302.40,-0.26,3.20
53770.02,10306.00,0.02,3.60
53770.12,10310.00,0.10,4.00
53770.30,10314.40,0.18,4.40
53770.55,10319.20,0.26,4.80
53770.71,10324.40,0.16,5.20
53770.79,10330.00,0.08,5.60
53770.79,10336.00,-0.00,6.00
53770.71,10342.40,-0.08,6.40
53770.55,10349.20,-0.16,6.80
53770.31,10356.40,-0.24,7.20
53770.00,10364.00,-0.31,7.60
53769.61,10372.00,-0.39,8.00
53769.14,10380.40,-0.47,8.40
53768.60,10389.20,-0.55,8.80
53767.97,10398.40,-0.63,9.20
53767.26,10408.00,-0.71,9.60
53766.47,10418.00,-0.79,10.00
53765.61,10428.01,-0.87,10.01
53764.66,10438.02,-0.95,10.01
53763.63,10448.00,-1.03,9.98
53762.52,10448.00,-1.11,0.00
53761.33,10448.00,-1.19,0.00
53760.06,10448.00,-1.27,0.00
53758.71,10448.00,-1.35,0.00
53757.29,10448.00,-1.43,0.00
53755.78,10448.00,-1.51,0.00
53754.19,10448.00,-1.59,0.00
53752.52,10446.52,-1.67,0.00
53750.77,10444.77,-1.75,0.00
53748.94,10442.94,-1.83,0.00
53747.03,10441.03,-1.91,0.00
53745.04,10439.04,-1.99,0.00
53742.97,10436.97,-2.07,0.00
53740.82,10434.82,-2.15,0.00
53738.59,10432.59,-2.23,0.00
53736.57,10432.00,-2.03,0.00
53734.74,10432.00,-1.83,0.00
53733.11,10432.00,-1.63,0.00
53731.68,10432.00,-1.43,0.00
53730.45,10432.00,-1.23,0.00
53729.42,10432.00,-1.03,0.00
53728.59,10432.00,-0.83,0.00
53727.96,10432.00,-0.63,0.00
53727.54,10432.00,-0.43,0.00
53727.30,10432.00,-0.23,0.00
53727.28,10432.00,-0.03,0.00
53727.28,10432.00,0.00,0.00
53727.28,10432.00,0.00,0.00
53727.28,10432.00,0.00,0.00
53727.28,10432.00,0.00,0.00
53727.28,10432.00,0.00,0.00
53727.28,10432.00,0.00,0.00
53727.28,10432.00,0.00,0.00
53727.28,10432.00,0.00,0.00
53727.28,10432.00,0.00,0.00
53727.28,10432.00,0.00,0.00
53727.28,10432.00,0.00,0.00
53727.28,10432.00,0.00,0.00
53727.28,10432.00,0.00,0.00
53727.28,10432.00,0.00,0.00
53727.28,10432.00,0.00,0.00
53727.28,10432.00,0.00,0.00
53727.28,10432.00,0.00,0.00
53727.28,10432.00,0.00,0.00
53727.28,10432.00,0.00,0.00
53727.28,10432.00,0.00,0.00
53727.28,10432.00,0.00,0.00
53727.28,10432.00,0.00,0.00
53727.28,10432.00,0.00,0.00
53727.28,10432.00,0.00,0.00
53727.28,10432.00,0.00,0.00
53727.28,10432.00,0.00,0.00
53727.28,10432.00,0.00,0.00
53727.28,10432.00,0.00,0.00
53727.28,10432.00,0.00,0.00
53727.28,10432.00,0.00,0.00
53727.28,10432.00,0.00,0.00
53727.28,10432.00,0.00,0.00
53727.28,10432.00,0.00,0.00
53727.28,10432.00,0.00,0.00
53727.28,10432.00,0.00,0.00
53727.28,10432.00,0.00,0.00
53727.28,10432.00,0.00,0.00
53727.28,10432.00,0.00,0.00
53727.28,10432.00,0.00,0.00
53727.28,10432.00,0.00,0.00
53727.28,10432.00,0.00,0.00
53727.28,10432.00,0.00,0.00
53727.28,10432.00,0.00,0.00
53727.28,10432.00,0.00,0.00
53727.28,10432.00,0.00,0.00
53727.28,10432.00,0.00,0.00
53727.28,10432.00,0.00,0.00
53727.28,10432.00,0.00,0.00
53727.28,10432.00,0.00,0.00
53727.28,10432.00,0.00,0.00
53727.28,10432.00,0.00,0.00
53727.28,10432.00,0.00,0.00
53727.28,10432.00,0.00,0.00
53727.28,10432.00,0.00,0.00
53727.28,10432.00,0.00,0.00
53727.28,10432.00,0.00,0.00
53727.28,10432.00,0.00,0.00
53727.28,10432.00,0.00,0.00
53727.28,10432.00,0.00,0.00
53727.28,10432.00,0.00,0.00
53727.28,10432.00,0.00,0.00
53727.28,10432.00,0.00,0.00
53727.28,10432.00,0.00,0.00
53727.28,10432.00,0.00,0.00
53727.28,10432.00,0.00,0.00
53727.28,10432.00,0.00,0.00
53727.28,10432.00,0.00,0.00
53727.28,10432.00,0.00,0.00
53727.28,10432.00,0.00,0.00
53727.28,10432.00,0.00,0.00
53727.28,10432.00,0.00,0.00
53727.28,10432.00,0.00,0.00
53727.28,10432.00,0.00,0.00
53727.28,10432.00,0.00,0.00
53727.28,10432.00,0.00,0.00
53727.28,10432.00,0.00,0.00
53727.28,10432.00,0.00,0.00
53727.36,10432.00,0.08,0.00
53727.52,10432.00,0.16,0.00
53727.75,10432.00,0.24,0.00
53728.07,10432.00,0.32,0.00
53728.47,10432.00,0.40,0.00
53728.95,10432.00,0.48,0.00
53729.51,10432.00,0.56,0.00
53730.15,10432.00,0.64,0.00
53730.87,10432.00,0.72,0.00
53731.67,10432.00,0.80,0.00
53732.55,10432.00,0.88,0.00
53733.51,10432.00,0.96,0.00
53734.55,10432.00,1.04,0.00
53735.67,10432.00,1.12,0.00
53736.87,10432.00,1.20,0.00
53738.15,10432.15,1.28,0.00
53739.51,10433.51,1.36,0.00
53740.95,10434.95,1.44,0.00
53742.47,10436.47,1.52,0.00
53744.07,10438.07,1.60,0.00
53745.75,10439.75,1.68,0.00
53747.52,10441.52,1.76,0.00
53749.36,10443.36,1.84,0.00
53751.28,10445.28,1.92,0.00
53753.28,10447.28,2.00,0.00
53755.36,10448.00,2.08,0.72
53757.52,10448.00,2.16,0.00
53759.75,10448.00,2.24,0.00
53762.07,10448.00,2.32,0.00
53764.47,10448.00,2.40,0.00
53766.95,10448.00,2.48,0.00
53769.51,10448.00,2.56,0.00
53772.15,10450.15,2.64,0.00
53774.87,10452.87,2.72,0.00
53777.67,10455.67,2.80,0.00
53780.55,10458.55,2.88,0.00
53783.51,10461.51,2.96,0.00
53786.55,10461.91,3.04,0.40
53789.49,10462.71,2.94,0.80
53792.51,10463.91,3.02,1.20
53795.43,10464.00,2.92,0.09
53798.43,10464.00,3.00,0.00
53801.51,10464.00,3.08,0.00
53804.39,10480.00,2.88,0.00
53807.35,10480.00,2.96,0.00
53810.39,10480.00,3.04,0.00
53813.23,10480.00,2.84,0.00
53816.15,10480.00,2.92,0.00
53819.15,10481.15,3.00,0.00
53822.23,10484.23,3.08,0.00
53825.11,10487.11,2.88,0.00
53827.79,10489.79,2.68,0.00
53830.27,10488.00,2.48,0.00
53832.55,10488.00,2.28,0.00
53834.63,10488.00,2.08,0.00
53836.51,10488.00,1.88,0.00
53838.19,10488.00,1.68,0.00
53839.67,10488.00,1.48,0.00
53840.95,10488.00,1.28,0.00
53842.03,10488.00,1.08,0.00
53842.91,10488.00,0.88,0.00
53843.59,10488.00,0.68,0.00
53844.07,10488.00,0.48,0.00
53844.35,10488.00,0.28,0.00
53844.43,10488.00,0.08,0.00
53844.43,10488.00,0.00,0.00
53844.43,10488.00,0.00,0.00
53844.43,10488.00,0.00,0.00
53844.43,10488.00,0.00,0.00
53844.43,10488.00,0.00,0.00
53844.43,10488.00,0.00,0.00
53844.43,10488.00,0.00,0.00
53844.43,10488.00,0.00,0.00
53844.43,10488.00,0.00,0.00
53844.43,10488.00,0.00,0.00
53844.43,10488.00,0.00,0.00
53844.43,10488.00,0.00,0.00
53844.43,10488.00,0.00,0.00
53844.43,10496.00,0.00,0.00
53844.43,10496.00,0.00,0.00
53844.43,10496.00,0.00,0.00
53844.43,10496.00,0.00,0.00
53844.43,10496.00,0.00,0.00
53844.43,10496.00,0.00,0.00
53844.43,10496.00,0.00,0.00
53844.43,10496.00,0.00,0.00
53844.43,10496.00,0.00,0.00
53844.43,10496.00,0.00,0.00
53844.43,10496.00,0.00,0.00
53844.43,10496.00,0.00,0.00
53844.43,10496.00,0.00,0.00
53844.43,10496.00,0.00,0.00
53844.43,10496.00,0.00,0.00
53844.43,10496.00,0.00,0.00
53844.43,10496.00,0.00,0.00
53844.43,10496.00,0.00,0.00
53844.43,10496.00,0.00,0.00
53844.43,10496.00,0.00,0.00
53844.43,10496.00,0.00,0.00
53844.43,10496.00,0.00,0.00
53844.43,10496.00,0.00,0.00
53844.43,10496.00,0.00,0.00
53844.43,10496.00,0.00,0.00
53844.43,10496.00,0.00,0.00
53844.43,10496.00,0.00,0.00
53844.43,10496.00,0.00,0.00
53844.43,10496.00,0.00,0.00
53844.43,10496.00,0.00,0.00
53844.43,10496.00,0.00,0.00
53844.43,10496.00,0.00,0.00
53844.43,10496.00,0.00,0.00
53844.43,10496.00,0.00,0.00
53844.43,10496.00,0.00,0.00
53844.43,10496.00,0.00,0.00
53844.43,10496.00,0.00,0.00
53844.43,10496.00,0.00,0.00
53844.43,10496.00,0.00,0.00
53844.43,10496.00,0.00,0.00
53844.43,10496.00,0.00,0.00
53844.43,10496.00,0.00,0.00
53844.43,10496.00,0.00,0.00
53844.43,10496.00,0.00,0.00
53844.43,10496.00,0.00,0.00
53844.43,10496.00,0.00,0.00
53844.43,10496.00,0.00,0.00
53844.43,10496.00,0.00,0.00
53844.43,10496.00,0.00,0.00
53844.43,10496.00,0.00,0.00
53844.43,10496.00,0.00,0.00
53844.43,10496.00,0.00,0.00
53844.43,10496.00,0.00,0.00
53844.43,10496.00,0.00,0.00
53844.43,10496.00,0.00,0.00
53844.43,10496.00,0.00,0.00
53844.43,10496.00,0.00,0.00
53844.43,10496.00,0.00,0.00
53844.43,10496.00,0.00,0.00
53844.43,10496.00,0.00,0.00
53844.43,10496.00,0.00,0.00
53844.43,10496.00,0.00,0.00
53844.43,10496.00,0.00,0.00
53844.43,10496.00,0.00,0.00
53844.43,10496.00,0.00,0.00
53844.43,10496.00,0.00,0.00
53844.43,10496.00,0.00,0.00
53844.43,10496.00,0.00,0.00
53844.43,10496.00,0.00,0.00
53844.43,10496.00,0.00,0.00
53844.43,10496.00,0.00,0.00
53844.43,10496.00,0.00,0.00
53844.43,10496.00,0.00,0.00
53844.43,10496.00,0.00,0.00
53844.43,10496.00,0.00,0.00
53844.43,10496.00,0.00,0.00
53844.43,10496.00,0.00,0.00
53844.43,10496.00,0.00,0.00
53844.43,10496.00,0.00,0.00
53844.43,10496.00,0.00,0.00
53844.43,10496.00,0.00,0.00
53844.43,10496.00,0.00,0.00
53844.43,10496.00,0.00,0.00
53844.43,10496.00,0.00,0.00
53844.43,10496.00,0.00,0.00
53844.43,10496.00,0.00,0.00
53844.43,10496.00,0.00,0.00
53844.43,10496.00,0.00,0.00
53844.43,10496.00,0.00,0.00
53844.43,10496.00,0.00,0.00
53844.43,10496.00,0.00,0.00
53844.43,10496.00,0.00,0.00
53844.43,10496.00,0.00,0.00
53844.43,10496.00,0.00,0.00
53844.43,10496.00,0.00,0.00
53844.43,10496.00,0.00,0.00
53844.43,10496.00,0.00,0.00
53844.43,10496.00,0.00,0.00
53844.43,10496.00,0.00,0.00
53844.43,10496.00,0.00,0.00
53844.43,10496.00,0.00,0.00
53844.43,10496.00,0.00,0.00
53844.43,10496.00,0.00,0.00
53844.43,10496.00,0.00,0.00
53844.43,10496.00,0.00,0.00
53844.43,10496.00,0.00,0.00
53844.43,10496.00,0.00,0.00
53844.43,10496.00,0.00,0.00
53844.43,10496.00,0.00,0.00
53844.43,10496.00,0.00,0.00
53844.43,10496.00,0.00,0.00
53844.43,10496.00,0.00,0.00
53844.43,10496.00,0.00,0.00
53844.43,10496.00,0.00,0.00
53844.43,10496.00,0.00,0.00
53844.43,10496.00,0.00,0.00
53844.43,10496.00,0.00,0.00
53844.43,10496.00,0.00,0.00
53844.43,10496.00,0.00,0.00
53844.43,10496.00,0.00,0.00
53844.43,10496.00,0.00,0.00
53844.43,10496.00,0.00,0.00
53844.43,10496.00,0.00,0.00
53844.43,10496.00,0.00,0.00
53844.43,10496.00,0.00,0.00
53844.43,10496.00,0.00,0.00
53844.43,10496.00,0.00,0.00
53844.43,10496.00,0.00,0.00
53844.43,10496.00,0.00,0.00
53844.43,10496.00,0.00,0.00
53844.43,10496.00,0.00,0.00
53844.43,10496.00,0.00,0.00
53844.43,10496.00,0.00,0.00
53844.43,10496.00,0.00,0.00
53844.43,10496.00,0.00,0.00
53844.43,10496.00,0.00,0.00
53844.43,10496.00,0.00,0.00
53844.43,10496.00,0.00,0.00
53844.43,10496.00,0.00,0.00
53844.43,10496.00,0.00,0.00
53844.43,10496.00,0.00,0.00
53844.43,10496.00,0.00,0.00
53844.43,10496.00,0.00,0.00
53844.43,10496.00,0.00,0.00
53844.43,10496.00,0.00,0.00
53844.43,10496.00,0.00,0.00
53844.43,10496.00,0.00,0.00
53844.43,10496.00,0.00,0.00
53844.43,10496.00,0.00,0.00
53844.43,10496.00,0.00,0.00
53844.43,10496.00,0.00,0.00
53844.43,10496.00,0.00,0.00
53844.43,10496.00,0.00,0.00
53844.43,10496.00,0.00,0.00
53844.43,10496.00,0.00,0.00
53844.43,10496.00,0.00,0.00
53844.43,10496.00,0.00,0.00
53844.43,10496.00,0.00,0.00
53844.43,10496.00,0.00,0.00
53844.43,10496.00,0.00,0.00
53844.43,10496.00,0.00,0.00
53844.43,10496.00,0.00,0.00
53844.43,10496.00,0.00,0.00
53844.43,10496.00,0.00,0.00
53844.43,10496.00,0.00,0.00
53844.43,10496.00,0.00,0.00
53844.43,10496.00,0.00,0.00
53844.43,10496.00,0.00,0.00
53844.43,10496.00,0.00,0.00
53844.43,10496.00,0.00,0.00
53844.43,10496.00,0.00,0.00
53844.43,10496.00,0.00,0.00
53844.43,10496.00,0.00,0.00
53844.43,10496.00,0.00,0.00
53844.43,10496.00,0.00,0.00
53844.43,10496.00,0.00,0.00
53844.43,10496.00,0.00,0.00
53844.43,10496.00,0.00,0.00
53844.43,10496.00,0.00,0.00
53844.43,10496.00,0.00,0.00
53844.43,10496.00,0.00,0.00
53844.43,10496.00,0.00,0.00
53844.43,10496.00,0.00,0.00
53844.43,10496.00,0.00,0.00
53844.43,10496.00,0.00,0.00
53844.43,10496.00,0.00,0.00
53844.43,10496.00,0.00,0.00
53844.43,10496.00,0.00,0.00
53844.43,10496.00,0.00,0.00
53844.43,10496.00,0.00,0.00
53844.43,10496.00,0.00,0.00
53844.43,10496.00,0.00,0.00
53844.43,10496.00,0.00,0.00
53844.43,10496.00,0.00,0.00
53844.43,10496.00,0.00,0.00
53844.43,10496.00,0.00,0.00
53844.43,10496.00,0.00,0.00
53844.43,10496.00,0.00,0.00
53844.43,10496.00,0.00,0.00
53844.43,10496.00,0.00,0.00
53844.43,10496.00,0.00,0.00
53844.43,10496.00,0.00,0.00
53844.43,10496.00,0.00,0.00
53844.43,10496.00,0.00,0.00
53844.43,10496.00,0.00,0.00
53844.43,10496.00,0.00,0.00
53844.43,10496.00,0.00,0.00
53844.43,10496.00,0.00,0.00
53844.43,10496.00,0.00,0.00
53844.43,10496.00,0.00,0.00
53844.43,10496.00,0.00,0.00
53844.43,10496.00,0.00,0.00
53844.43,10496.00,0.00,0.00
53844.43,10496.00,0.00,0.00
53844.43,10496.00,0.00,0.00
53844.43,10496.00,0.00,0.00
53844.43,10496.00,0.00,0.00
53844.43,10496.00,0.00,0.00
53844.43,10496.00,0.00,0.00
53844.43,10496.00,0.00,0.00
53844.43,10496.00,0.00,0.00
53844.43,10496.00,0.00,0.00
53844.43,10496.00,0.00,0.00
53844.43,10496.00,0.00,0.00
53844.43,10496.00,0.00,0.00
53844.43,10496.00,0.00,0.00
53844.43,10496.00,0.00,0.00
53844.43,10496.00,0.00,0.00
53844.43,10496.00,0.00,0.00
53844.43,10496.00,0.00,0.00
53844.43,10496.00,0.00,0.00
53844.43,10496.00,0.00,0.00
53844.43,10496.00,0.00,0.00
53844.43,10496.00,0.00,0.00
53844.43,10496.00,0.00,0.00
53844.43,10496.00,0.00,0.00
53844.43,10496.00,0.00,0.00
53844.43,10496.00,0.00,0.00
53844.43,10496.00,0.00,0.00
53844.43,10496.00,0.00,0.00
53844.43,10496.00,0.00,0.00
53844.43,10496.00,0.00,0.00
53844.43,10496.00,0.00,0.00
53844.43,10496.00,0.00,0.00
53844.43,10496.00,0.00,0.00
53844.43,10496.00,0.00,0.00
53844.43,10496.00,0.00,0.00
53844.43,10496.00,0.00,0.00
53844.43,10496.00,0.00,0.00
53844.43,10496.00,0.00,0.00
53844.43,10496.00,0.00,0.00
53844.43,10496.00,0.00,0.00
53844.43,10496.00,0.00,0.00
53844.43,10496.00,0.00,0.00
53844.43,10496.00,0.00,0.00
53844.43,10496.00,0.00,0.00
53844.43,10496.00,0.00,0.00
53844.43,10496.00,0.00,0.00
53844.43,10496.00,0.00,0.00
53844.43,10496.00,0.00,0.00
53844.43,10496.00,0.00,0.00
53844.43,10496.00,0.00,0.00
53844.43,10496.00,0.00,0.00
53844.43,10496.00,0.00,0.00
53844.43,10496.00,0.00,0.00
53844.43,10496.00,0.00,0.00
53844.43,10496.00,0.00,0.00
53844.43,10496.00,0.00,0.00
53844.43,10496.00,0.00,0.00
53844.43,10496.00,0.00,0.00
53844.43,10496.00,0.00,0.00
53844.43,10496.00,0.00,0.00
53844.43,10496.00,0.00,0.00
53844.43,10496.00,0.00,0.00
53844.43,10496.00,0.00,0.00
53844.43,10496.00,0.00,0.00
53844.43,10496.00,0.00,0.00
53844.43,10496.00,0.00,0.00
53844.43,10496.00,0.00,0.00
53844.43,10496.00,0.00,0.00
53844.43,10496.00,0.00,0.00
53844.43,10496.00,0.00,0.00
53844.43,10496.00,0.00,0.00
53844.43,10496.00,0.00,0.00
53844.43,10496.00,0.00,0.00
53844.43,10496.00,0.00,0.00
53844.43,10496.00,0.00,0.00
53844.43,10496.00,0.00,0.00
53844.43,10496.00,0.00,0.00
53844.43,10496.00,0.00,0.00
53844.43,10496.00,0.00,0.00
53844.43,10496.00,0.00,0.00
53844.43,10496.00,0.00,0.00
53844.43,10496.00,0.00,0.00
53844.43,10496.00,0.00,0.00
53844.43,10496.00,0.00,0.00
53844.43,10496.00,0.00,0.00
53844.43,10496.00,0.00,0.00
53844.43,10496.00,0.00,0.00
53844.43,10496.00,0.00,0.00
53844.43,10496.00,0.00,0.00
53844.43,10496.00,0.00,0.00
53844.43,10496.00,0.00,0.00
53844.43,10496.00,0.00,0.00
53844.43,10496.00,0.00,0.00
53844.43,10496.00,0.00,0.00
53844.43,10496.00,0.00,0.00
53844.43,10496.00,0.00,0.00
53844.43,10496.00,0.00,0.00
53844.43,10496.00,0.00,0.00
53844.43,10496.00,0.00,0.00
53844.43,10496.00,0.00,0.00
53844.43,10496.00,0.00,0.00
53844.43,10496.00,0.00,0.00
53844.43,10496.00,0.00,0.00
53844.43,10496.00,0.00,0.00
53844.43,10496.00,0.00,0.00
53844.43,10496.00,0.00,0.00
53844.43,10496.00,0.00,0.00
53844.43,10496.00,0.00,0.00
53844.43,10496.00,0.00,0.00
53844.43,10496.00,0.00,0.00
53844.43,10496.00,0.00,0.00
53844.43,10496.00,0.00,0.00
53844.43,10496.00,0.00,0.00
53844.43,10496.00,0.00,0.00
53844.43,10496.00,0.00,0.00
53844.43,10496.00,0.00,0.00
53844.43,10496.00,0.00,0.00
53844.43,10496.00,0.00,0.00
53844.43,10496.00,0.00,0.00
53844.43,10496.00,0.00,0.00
53844.43,10496.00,0.00,0.00
53844.43,10496.00,0.00,0.00
53844.43,10496.00,0.00,0.00
53844.43,10496.00,0.00,0.00
53844.43,10496.00,0.00,0.00
53844.43,10496.00,0.00,0.00
53844.43,10496.00,0.00,0.00
53844.43,10496.00,0.00,0.00
53844.43,10496.00,0.00,0.00
53844.43,10496.00,0.00,0.00
53844.43,10496.00,0.00,0.00
53844.43,10496.00,0.00,0.00
53844.43,10496.00,0.00,0.00
53844.43,10496.00,0.00,0.00
53844.43,10496.00,0.00,0.00
53844.43,10496.00,0.00,0.00
53844.43,10496.00,0.00,0.00
53844.43,10496.00,0.00,0.00
53844.43,10496.00,0.00,0.00
53844.43,10496.00,0.00,0.00
53844.43,10496.00,0.00,0.00
53844.43,10496.00,0.00,0.00
53844.43,10496.00,0.00,0.00
53844.43,10496.00,0.00,0.00
53844.43,10496.00,0.00,0.00
53844.43,10496.00,0.00,0.00
53844.43,10496.00,0.00,0.00
53844.43,10496.00,0.00,0.00
53844.43,10496.00,0.00,0.00
53844.43,10496.00,0.00,0.00
53844.43,10496.00,0.00,0.00
53844.43,10496.00,0.00,0.00
53844.43,10496.00,0.00,0.00
53844.43,10496.00,0.00,0.00
53844.43,10496.00,0.00,0.00
53844.43,10496.00,0.00,0.00
53844.43,10496.00,0.00,0.00
53844.43,10496.00,0.00,0.00
53844.43,10496.00,0.00,0.00
53844.43,10496.00,0.00,0.00
53844.43,10496.00,0.00,0.00
53844.43,10496.00,0.00,0.00
53844.43,10496.00,0.00,0.00
53844.43,10496.00,0.00,0.00
53844.43,10496.00,0.00,0.00
53844.43,10496.00,0.00,0.00
53844.43,10496.00,0.00,0.00
53844.43,10496.00,0.00,0.00
53844.43,10496.00,0.00,0.00
53844.43,10496.00,0.00,0.00
53844.43,10496.00,0.00,0.00
53844.43,10496.00,0.00,0.00
53844.43,10496.00,0.00,0.00
53844.43,10496.00,0.00,0.00
53844.43,10496.00,0.00,0.00
53844.43,10496.00,0.00,0.00
53844.50,10496.00,0.08,0.00
53844.66,10496.00,0.16,0.00
53844.90,10496.00,0.24,0.00
53845.22,10496.00,0.32,0.00
53845.62,10496.00,0.40,0.00
53846.10,10496.00,0.48,0.00
53846.66,10496.00,0.56,0.00
53847.30,10496.00,0.64,0.00
53848.02,10496.00,0.72,0.00
53848.82,10496.00,0.80,0.00
53849.70,10496.00,0.88,0.00
53850.66,10512.00,0.96,0.00
53851.70,10512.00,1.04,0.00
53852.82,10512.00,1.12,0.00
53854.02,10512.00,1.20,0.00
53855.30,10512.00,1.28,0.00
53856.66,10512.00,1.36,0.00
53858.10,10512.00,1.44,0.00
53859.62,10512.00,1.52,0.00
53861.22,10512.00,1.60,0.00
53862.90,10512.00,1.68,0.00
53864.38,10512.00,1.48,0.00
53865.66,10512.00,1.28,0.00
53866.74,10528.00,1.08,0.00
53867.62,10528.00,0.88,0.00
53868.30,10528.00,0.68,0.00
53868.78,10528.00,0.48,0.00
53869.06,10528.00,0.28,0.00
53869.14,10528.00,0.08,0.00
53869.14,10528.00,0.00,0.00
53869.14,10528.00,0.00,0.00
53869.14,10528.00,0.00,0.00
53869.14,10528.00,0.00,0.00
53869.14,10528.00,0.00,0.00
53869.14,10528.00,0.00,0.00
53869.14,10528.00,0.00,0.00
53869.14,10528.00,0.00,0.00
53869.14,10528.00,0.00,0.00
53869.14,10528.00,0.00,0.00
53869.14,10528.00,0.00,0.00
53869.14,10528.00,0.00,0.00
53869.14,10528.00,0.00,0.00
53869.14,10528.00,0.00,0.00
53869.14,10528.00,0.00,0.00
53869.14,10528.00,0.00,0.00
53869.14,10528.00,0.00,0.00
53869.14,10528.00,0.00,0.00
53869.14,10528.00,0.00,0.00
53869.14,10528.00,0.00,0.00
53869.14,10528.00,0.00,0.00
53869.14,10528.00,0.00,0.00
53869.14,10528.00,0.00,0.00
53869.14,10528.00,0.00,0.00
53869.14,10528.00,0.00,0.00
53869.14,10528.00,0.00,0.00
53869.14,10528.00,0.00,0.00
53869.14,10528.00,0.00,0.00
53869.14,10528.00,0.00,0.00
53869.14,10528.00,0.00,0.00
53869.14,10528.00,0.00,0.00
53869.14,10528.00,0.00,0.00
53869.14,10528.00,0.00,0.00
53869.14,10528.00,0.00,0.00
53869.14,10528.00,0.00,0.00
53869.14,10528.00,0.00,0.00
53869.14,10528.00,0.00,0.00
53869.14,10528.00,0.00,0.00
53869.14,10528.00,0.00,0.00
53869.14,10528.00,0.00,0.00
53869.14,10528.00,0.00,0.00
53869.14,10528.00,0.00,0.00
53869.14,10528.00,0.00,0.00
53869.14,10528.00,0.00,0.00
53869.14,10528.00,0.00,0.00
53869.14,10528.00,0.00,0.00
53869.14,10528.00,0.00,0.00
53869.14,10528.00,0.00,0.00
53869.14,10528.00,0.00,0.00
53869.14,10528.00,0.00,0.00
53869.14,10528.00,0.00,0.00
53869.14,10528.00,0.00,0.00
53869.14,10528.00,0.00,0.00
53869.14,10528.00,0.00,0.00
53869.14,10528.00,0.00,0.00
53869.14,10528.00,0.00,0.00
53869.14,10528.00,0.00,0.00
53869.14,10528.00,0.00,0.00
53869.14,10528.00,0.00,0.00
53869.14,10528.00,0.00,0.00
53869.14,10528.00,0.00,0.00
53869.14,10528.00,0.00,0.00
53869.14,10528.00,0.00,0.00
53869.14,10528.00,0.00,0.00
53869.14,10528.00,0.00,0.00
53869.14,10528.00,0.00,0.00
53869.14,10528.00,0.00,0.00
53869.14,10528.00,0.00,0.00
53869.14,10528.00,0.00,0.00
53869.14,10528.00,0.00,0.00
53869.14,10528.00,0.00,0.00
53869.14,10528.00,0.00,0.00
53869.14,10528.00,0.00,0.00
53869.14,10528.00,0.00,0.00
53869.14,10528.00,0.00,0.00
53869.14,10528.00,0.00,0.00
53869.14,10528.00,0.00,0.00
53869.14,10528.00,0.00,0.00
53869.14,10528.00,0.00,0.00
53869.14,10528.00,0.00,0.00
53869.14,10528.00,0.00,0.00
53869.14,10528.00,0.00,0.00
53869.14,10528.00,0.00,0.00
53869.14,10528.00,0.00,0.00
53869.14,10528.00,0.00,0.00
53869.14,10528.00,0.00,0.00
53869.14,10528.00,0.00,0.00
53869.14,10528.00,0.00,0.00
53869.14,10528.00,0.00,0.00
53869.14,10528.00,0.00,0.00
53869.14,10528.00,0.00,0.00
53869.14,10528.00,0.00,0.00
53869.14,10528.00,0.00,0.00
53869.14,10528.00,0.00,0.00
53869.14,10528.00,0.00,0.00
53869.14,10528.00,0.00,0.00
53869.14,10528.00,0.00,0.00
53869.14,10528.00,0.00,0.00
53869.14,10528.00,0.00,0.00
53869.14,10528.00,0.00,0.00
53869.14,10528.00,0.00,0.00
53869.14,10528.00,0.00,0.00
53869.14,10528.00,0.00,0.00
53869.14,10528.00,0.00,0.00
53869.14,10528.00,0.00,0.00
53869.14,10528.00,0.00,0.00
53869.14,10528.00,0.00,0.00
53869.14,10528.00,0.00,0.00
53869.14,10528.00,0.00,0.00
53869.14,10528.00,0.00,0.00
53869.14,10528.00,0.00,0.00
53869.14,10528.00,0.00,0.00
53869.14,10528.00,0.00,0.00
53869.14,10528.00,0.00,0.00
53869.14,10528.00,0.00,0.00
53869.14,10528.00,0.00,0.00
53869.14,10528.00,0.00,0.00
53869.14,10528.00,0.00,0.00
53869.14,10528.00,0.00,0.00
53869.14,10528.00,0.00,0.00
53869.14,10528.00,0.00,0.00
53869.14,10528.00,0.00,0.00
53869.14,10528.00,0.00,0.00
53869.14,10528.00,0.00,0.00
53869.14,10528.00,0.00,0.00
53869.14,10528.00,0.00,0.00
53869.14,10528.00,0.00,0.00
53869.14,10528.00,0.00,0.00
53869.14,10528.00,0.00,0.00
53869.14,10528.00,0.00,0.00
53869.14,10528.00,0.00,0.00
53869.14,10528.00,0.00,0.00
53869.14,10528.00,0.00,0.00
53869.14,10528.00,0.00,0.00
53869.14,10528.00,0.00,0.00
53869.14,10528.00,0.00,0.00
53869.14,10528.00,0.00,0.00
53869.14,10528.00,0.00,0.00
53869.14,10528.00,0.00,0.00
53869.14,10528.00,0.00,0.00
53869.14,10528.00,0.00,0.00
53869.14,10528.00,0.00,0.00
53869.14,10528.00,0.00,0.00
53869.14,10528.00,0.00,0.00
53869.14,10528.00,0.00,0.00
53869.14,10528.00,0.00,0.00
53869.14,10528.00,0.00,0.00
53869.14,10528.00,0.00,0.00
53869.14,10528.00,0.00,0.00
53869.14,10528.00,0.00,0.00
53869.14,10528.00,0.00,0.00
53869.14,10528.00,0.00,0.00
53869.14,10528.00,0.00,0.00
53869.14,10528.00,0.00,0.00
53869.14,10528.00,0.00,0.00
53869.14,10528.00,0.00,0.00
53869.14,10528.00,0.00,0.00
53869.14,10528.00,0.00,0.00
53869.14,10528.00,0.00,0.00
53869.14,10528.00,0.00,0.00
53869.14,10528.00,0.00,0.00
53869.14,10528.00,0.00,0.00
53869.22,10528.00,0.08,0.00
53869.38,10528.00,0.16,0.00
53869.62,10528.00,0.24,0.00
53869.94,10528.00,0.32,0.00
53870.34,10528.00,0.40,0.00
53870.82,10528.00,0.48,0.00
53871.38,10528.00,0.56,0.00
53872.02,10528.00,0.64,0.00
53872.73,10528.00,0.72,0.00
53873.25,10528.00,0.52,0.00
53873.57,10528.00,0.32,0.00
53873.70,10528.00,0.12,0.00
53873.70,10528.00,0.00,0.00
53873.70,10528.00,0.00,0.00
53873.70,10528.00,0.00,0.00
53873.70,10528.00,0.00,0.00
53873.70,10528.00,0.00,0.00
53873.70,10528.00,0.00,0.00
53873.70,10528.00,0.00,0.00
53873.70,10528.00,0.00,0.00
53873.70,10528.00,0.00,0.00
53873.70,10528.00,0.00,0.00
53873.70,10528.00,0.00,0.00
53873.70,10528.00,0.00,0.00
53873.70,10528.00,0.00,0.00
53873.70,10528.00,0.00,0.00
53873.70,10528.00,0.00,0.00
53873.70,10528.00,0.00,0.00
53873.70,10528.00,0.00,0.00
53873.70,10528.00,0.00,0.00
53873.70,10528.00,0.00,0.00
53873.70,10528.00,0.00,0.00
53873.70,10528.00,0.00,0.00
53873.70,10528.00,0.00,0.00
53873.70,10528.00,0.00,0.00
53873.70,10528.00,0.00,0.00
53873.70,10528.00,0.00,0.00
53873.70,10528.00,0.00,0.00
53873.70,10528.00,0.00,0.00
53873.77,10528.00,0.08,0.00
53873.93,10528.00,0.16,0.00
53874.17,10528.00,0.24,0.00
53874.49,10528.00,0.32,0.00
53874.89,10528.00,0.40,0.00
53875.37,10528.00,0.48,0.00
53875.93,10528.00,0.56,0.00
53876.57,10528.00,0.64,0.00
53877.01,10528.00,0.44,0.00
53877.25,10528.00,0.24,0.00
53877.29,10528.00,0.04,0.00
53877.29,10528.00,0.00,0.00
53877.29,10528.00,0.00,0.00
53877.29,10528.00,0.00,0.00
53877.29,10528.00,0.00,0.00
53877.29,10528.00,0.00,0.00
53877.29,10528.00,0.00,0.00
53877.29,10528.00,0.00,0.00
53877.29,10528.00,0.00,0.00
53877.29,10528.00,0.00,0.00
53877.29,10528.00,0.00,0.00
53877.29,10528.00,0.00,0.00
53877.29,10528.00,0.00,0.00
53877.29,10528.00,0.00,0.00
53877.29,10528.00,0.00,0.00
53877.29,10528.00,0.00,0.00
53877.29,10528.00,0.00,0.00
53877.29,10528.00,0.00,0.00
53877.29,10528.00,0.00,0.00
53877.29,10528.00,0.00,0.00
53877.29,10528.00,0.00,0.00
53877.29,10528.00,0.00,0.00
53877.29,10528.00,0.00,0.00
53877.29,10528.00,0.00,0.00
53877.29,10528.00,0.00,0.00
53877.29,10528.00,0.00,0.00
53877.29,10528.00,0.00,0.00
53877.29,10528.00,0.00,0.00
53877.29,10528.00,0.00,0.00
53877.29,10528.00,0.00,0.00
53877.29,10528.00,0.00,0.00
53877.29,10528.00,0.00,0.00
53877.29,10528.00,0.00,0.00
53877.29,10528.00,0.00,0.00
53877.29,10528.00,0.00,0.00
53877.29,10528.00,0.00,0.00
53877.29,10528.00,0.00,0.00
53877.29,10528.00,0.00,0.00
53877.29,10528.00,0.00,0.00
53877.29,10528.00,0.00,0.00
53877.29,10528.00,0.00,0.00
53877.29,10528.00,0.00,0.00
53877.29,10528.00,0.00,0.00
53877.29,10528.00,0.00,0.00
53877.29,10528.00,0.00,0.00
53877.29,10528.00,0.00,0.00
53877.29,10528.00,0.00,0.00
53877.29,10528.00,0.00,0.00
53877.29,10528.00,0.00,0.00
53877.29,10528.00,0.00,0.00
53877.29,10528.00,0.00,0.00
53877.29,10528.00,0.00,0.00
53877.29,10528.00,0.00,0.00
53877.29,10528.00,0.00,0.00
53877.29,10528.00,0.00,0.00
53877.29,10528.00,0.00,0.00
53877.29,10528.00,0.00,0.00
53877.29,10528.00,0.00,0.00
53877.29,10528.00,0.00,0.00
53877.29,10528.00,0.00,0.00
53877.29,10528.00,0.00,0.00
53877.29,10528.00,0.00,0.00
53877.29,10528.00,0.00,0.00
53877.29,10528.00,0.00,0.00
53877.29,10528.00,0.00,0.00
53877.29,10528.00,0.00,0.00
53877.29,10528.00,0.00,0.00
53877.29,10528.00,0.00,0.00
53877.29,10528.00,0.00,0.00
53877.29,10528.00,0.00,0.00
53877.29,10528.00,0.00,0.00
53877.29,10528.00,0.00,0.00
53877.29,10528.00,0.00,0.00
53877.29,10528.00,0.00,0.00
53877.29,10528.00,0.00,0.00
53877.29,10528.00,0.00,0.00
53877.29,10528.00,0.00,0.00
53877.29,10528.00,0.00,0.00
53877.29,10528.00,0.00,0.00
53877.29,10528.00,0.00,0.00
53877.29,10528.00,0.00,0.00
53877.29,10528.00,0.00,0.00
53877.29,10528.00,0.00,0.00
53877.29,10528.00,0.00,0.00
53877.29,10528.00,0.00,0.00
53877.29,10528.00,0.00,0.00
53877.29,10528.00,0.00,0.00
53877.29,10528.00,0.00,0.00
53877.29,10528.00,0.00,0.00
53877.29,10528.00,0.00,0.00
53877.29,10528.00,0.00,0.00
53877.29,10528.00,0.00,0.00
53877.29,10528.00,0.00,0.00
53877.29,10528.00,0.00,0.00
53877.29,10528.00,0.00,0.00
53877.29,10528.00,0.00,0.00
53877.29,10528.00,0.00,0.00
53877.29,10528.00,0.00,0.00
53877.29,10528.00,0.00,0.00
53877.29,10528.00,0.00,0.00
53877.29,10528.00,0.00,0.00
53877.29,10528.00,0.00,0.00
53877.29,10528.00,0.00,0.00
53877.29,10528.00,0.00,0.00
53877.29,10528.00,0.00,0.00
53877.29,10528.00,0.00,0.00
53877.29,10528.00,0.00,0.00
53877.29,10528.00,0.00,0.00
53877.29,10528.00,0.00,0.00
53877.29,10528.00,0.00,0.00
53877.29,10528.00,0.00,0.00
53877.29,10528.00,0.00,0.00
53877.29,10528.00,0.00,0.00
53877.29,10528.00,0.00,0.00
53877.29,10528.00,0.00,0.00
53877.29,10528.00,0.00,0.00
53877.29,10528.00,0.00,0.00
53877.29,10528.00,0.00,0.00
53877.29,10528.00,0.00,0.00
53877.29,10528.00,0.00,0.00
53877.29,10528.00,0.00,0.00
53877.29,10528.00,0.00,0.00
53877.29,10528.00,0.00,0.00
53877.29,10528.00,0.00,0.00
53877.29,10528.00,0.00,0.00
53877.29,10528.00,0.00,0.00
53877.29,10528.00,0.00,0.00
53877.29,10528.00,0.00,0.00
53877.29,10528.00,0.00,0.00
53877.29,10528.00,0.00,0.00
53877.29,10528.00,0.00,0.00
53877.29,10528.00,0.00,0.00
53877.29,10528.00,0.00,0.00
53877.29,10528.00,0.00,0.00
53877.29,10528.00,0.00,0.00
53877.29,10528.00,0.00,0.00
53877.29,10528.00,0.00,0.00
53877.29,10528.00,0.00,0.00
53877.29,10528.00,0.00,0.00
53877.29,10528.00,0.00,0.00
53877.29,10528.00,0.00,0.00
53877.29,10528.00,0.00,0.00
53877.29,10528.00,0.00,0.00
53877.29,10528.00,0.00,0.00
53877.29,10528.00,0.00,0.00
53877.29,10528.00,0.00,0.00
53877.29,10528.00,0.00,0.00
53877.29,10528.00,0.00,0.00
53877.29,10528.00,0.00,0.00
53877.29,10528.00,0.00,0.00
53877.29,10528.00,0.00,0.00
53877.29,10528.00,0.00,0.00
53877.29,10528.00,0.00,0.00
53877.29,10528.00,0.00,0.00
53877.29,10528.00,0.00,0.00
53877.29,10528.00,0.00,0.00
53877.29,10528.00,0.00,0.00
53877.37,10528.00,0.08,0.00
53877.53,10528.00,0.16,0.00
53877.77,10528.00,0.24,0.00
53878.09,10528.00,0.32,0.00
53878.48,10528.00,0.40,0.00
53878.96,10528.00,0.48,0.00
53879.52,10528.00,0.56,0.00
53880.16,10528.00,0.64,0.00
53880.61,10528.00,0.44,0.00
53880.84,10528.00,0.24,0.00
53880.88,10528.00,0.04,0.00
53880.88,10528.00,0.00,0.00
53880.88,10528.00,0.00,0.00
53880.88,10528.00,0.00,0.00
53880.88,10528.00,0.00,0.00
53880.88,10528.00,0.00,0.00
53880.88,10528.00,0.00,0.00
53880.88,10528.00,0.00,0.00
53880.88,10528.00,0.00,0.00
53880.88,10528.00,0.00,0.00
53880.88,10528.00,0.00,0.00
53880.88,10528.00,0.00,0.00
53880.88,10528.00,0.00,0.00
53880.88,10528.00,0.00,0.00
53880.88,10528.00,0.00,0.00
53880.88,10528.00,0.00,0.00
53880.88,10528.00,0.00,0.00
53880.88,10528.00,0.00,0.00
53880.88,10528.00,0.00,0.00
53880.88,10528.00,0.00,0.00
53880.88,10528.00,0.00,0.00
53880.88,10528.00,0.00,0.00
53880.88,10528.00,0.00,0.00
53880.88,10528.00,0.00,0.00
53880.88,10528.00,0.00,0.00
53880.88,10528.00,0.00,0.00
53880.88,10528.00,0.00,0.00
53880.88,10528.00,0.00,0.00
53880.88,10528.00,0.00,0.00
53880.88,10528.00,0.00,0.00
53880.88,10528.00,0.00,0.00
53880.88,10528.00,0.00,0.00
53880.88,10528.00,0.00,0.00
53880.88,10528.00,0.00,0.00
53880.88,10528.00,0.00,0.00
53880.88,10528.00,0.00,0.00
53880.88,10528.00,0.00,0.00
53880.88,10544.00,0.00,0.00
53880.88,10544.00,0.00,0.00
53880.88,10544.00,0.00,0.00
53880.88,10544.00,0.00,0.00
53880.88,10544.00,0.00,0.00
53880.88,10544.00,0.00,0.00
53880.88,10544.00,0.00,0.00
53880.88,10544.00,0.00,0.00
53880.88,10544.00,0.00,0.00
53880.88,10544.00,0.00,0.00
53880.88,10544.00,0.00,0.00
53880.88,10544.00,0.00,0.00
53880.88,10544.00,0.00,0.00
53880.88,10544.00,0.00,0.00
53880.88,10544.00,0.00,0.00
53880.88,10544.00,0.00,0.00
53880.88,10544.00,0.00,0.00
53880.88,10544.00,0.00,0.00
53880.88,10544.00,0.00,0.00
53880.88,10544.00,0.00,0.00
53880.88,10544.00,0.00,0.00
53880.88,10544.00,0.00,0.00
53880.88,10544.00,0.00,0.00
53880.88,10544.00,0.00,0.00
53880.88,10544.00,0.00,0.00
53880.88,10544.00,0.00,0.00
53880.88,10544.00,0.00,0.00
53880.88,10544.00,0.00,0.00
53880.88,10544.00,0.00,0.00
53880.88,10544.00,0.00,0.00
53880.88,10544.00,0.00,0.00
53880.88,10544.00,0.00,0.00
53880.88,10544.00,0.00,0.00
53880.88,10544.00,0.00,0.00
53880.88,10544.00,0.00,0.00
53880.88,10544.00,0.00,0.00
53880.88,10544.00,0.00,0.00
53880.88,10544.00,0.00,0.00
53880.88,10544.00,0.00,0.00
53880.88,10544.00,0.00,0.00
53880.88,10544.00,0.00,0.00
53880.88,10544.00,0.00,0.00
53880.88,10544.00,0.00,0.00
53880.88,10544.00,0.00,0.00
53880.88,10544.00,0.00,0.00
53880.88,10544.00,0.00,0.00
53880.88,10544.00,0.00,0.00
53880.88,10544.00,0.00,0.00
53880.88,10544.00,0.00,0.00
53880.88,10544.00,0.00,0.00
53880.88,10544.00,0.00,0.00
53880.88,10544.00,0.00,0.00
53880.88,10544.00,0.00,0.00
53880.88,10544.00,0.00,0.00
53880.88,10544.00,0.00,0.00
53880.88,10544.00,0.00,0.00
53880.88,10544.00,0.00,0.00
53880.88,10544.00,0.00,0.00
53880.88,10544.00,0.00,0.00
53880.88,10544.00,0.00,0.00
53880.88,10544.00,0.00,0.00
53880.88,10544.00,0.00,0.00
53880.88,10544.00,0.00,0.00
53880.88,10544.00,0.00,0.00
53880.88,10544.00,0.00,0.00
53880.88,10544.00,0.00,0.00
53880.88,10544.00,0.00,0.00
53880.88,10544.00,0.00,0.00
53880.88,10544.00,0.00,0.00
53880.88,10544.00,0.00,0.00
53880.88,10544.00,0.00,0.00
53880.88,10544.00,0.00,0.00
53880.88,10544.00,0.00,0.00
53880.88,10544.00,0.00,0.00
53880.88,10544.00,0.00,0.00
53880.88,10544.00,0.00,0.00
53880.88,10544.00,0.00,0.00
53880.88,10544.00,0.00,0.00
53880.88,10544.00,0.00,0.00
53880.88,10544.00,0.00,0.00
53880.88,10544.00,0.00,0.00
53880.88,10544.00,0.00,0.00
53880.88,10544.00,0.00,0.00
53880.88,10544.00,0.00,0.00
53880.88,10544.00,0.00,0.00
53880.88,10544.00,0.00,0.00
53880.88,10544.00,0.00,0.00
53880.88,10544.00,0.00,0.00
53880.88,10544.00,0.00,0.00
53880.88,10544.00,0.00,0.00
53880.88,10544.00,0.00,0.00
53880.88,10544.00,0.00,0.00
53880.88,10544.00,0.00,0.00
53880.88,10544.00,0.00,0.00
53880.88,10544.00,0.00,0.00
53880.88,10544.00,0.00,0.00
53880.88,10544.00,0.00,0.00
53880.88,10544.00,0.00,0.00
53880.88,10544.00,0.00,0.00
53880.88,10544.00,0.00,0.00
53880.88,10544.00,0.00,0.00
53880.88,10544.00,0.00,0.00
53880.88,10544.00,0.00,0.00
53880.88,10544.00,0.00,0.00
53880.88,10544.00,0.00,0.00
53880.88,10544.00,0.00,0.00
53880.88,10544.00,0.00,0.00
53880.88,10544.00,0.00,0.00
53880.88,10544.00,0.00,0.00
53880.88,10544.00,0.00,0.00
53880.88,10544.00,0.00,0.00
53880.88,10544.00,0.00,0.00
53880.88,10544.00,0.00,0.00
53880.88,10544.00,0.00,0.00
53880.88,10544.00,0.00,0.00
53880.88,10544.00,0.00,0.00
53880.88,10544.00,0.00,0.00
53880.88,10544.00,0.00,0.00
53880.88,10544.00,0.00,0.00
53880.88,10544.00,0.00,0.00
53880.88,10544.00,0.00,0.00
53880.88,10544.00,0.00,0.00
53880.88,10544.00,0.00,0.00
53880.88,10544.00,0.00,0.00
53880.88,10544.00,0.00,0.00
53880.88,10544.00,0.00,0.00
53880.88,10544.00,0.00,0.00
53880.88,10544.00,0.00,0.00
53880.88,10544.00,0.00,0.00
53880.88,10544.00,0.00,0.00
53880.88,10544.00,0.00,0.00
53880.88,10544.00,0.00,0.00
53880.88,10544.00,0.00,0.00
53880.88,10544.00,0.00,0.00
53880.88,10544.00,0.00,0.00
53880.88,10544.00,0.00,0.00
53880.88,10544.00,0.00,0.00
53880.88,10544.00,0.00,0.00
53880.88,10544.00,0.00,0.00
53880.88,10544.00,0.00,0.00
53880.88,10544.00,0.00,0.00
53880.88,10544.00,0.00,0.00
53880.88,10544.00,0.00,0.00
53880.88,10544.00,0.00,0.00
53880.88,10544.00,0.00,0.00
53880.88,10544.00,0.00,0.00
53880.88,10544.00,0.00,0.00
53880.88,10544.00,0.00,0.00
53880.88,10544.00,0.00,0.00
53880.88,10544.00,0.00,0.00
53880.88,10544.00,0.00,0.00
53880.88,10544.00,0.00,0.00
53880.88,10544.00,0.00,0.00
53880.88,10544.00,0.00,0.00
53880.88,10544.00,0.00,0.00
53880.88,10544.00,0.00,0.00
53880.88,10544.00,0.00,0.00
53880.88,10544.00,0.00,0.00
53880.88,10544.00,0.00,0.00
53880.88,10544.00,0.00,0.00
53880.88,10544.00,0.00,0.00
53880.88,10544.00,0.00,0.00
53880.88,10544.00,0.00,0.00
53880.88,10544.00,0.00,0.00
53880.88,10544.00,0.00,0.00
53880.88,10544.00,0.00,0.00
53880.88,10544.00,0.00,0.00
53880.88,10544.00,0.00,0.00
53880.88,10544.00,0.00,0.00
53880.88,10544.00,0.00,0.00
53880.88,10544.00,0.00,0.00
53880.88,10544.00,0.00,0.00
53880.88,10544.00,0.00,0.00
53880.88,10544.00,0.00,0.00
53880.88,10544.00,0.00,0.00
53880.88,10544.00,0.00,0.00
53880.88,10544.00,0.00,0.00
53880.88,10544.00,0.00,0.00
53880.88,10544.00,0.00,0.00
53880.88,10544.00,0.00,0.00
53880.88,10544.00,0.00,0.00
53880.88,10544.00,0.00,0.00
53880.88,10544.00,0.00,0.00
53880.88,10544.00,0.00,0.00
53880.88,10544.00,0.00,0.00
53880.88,10544.00,0.00,0.00
53880.88,10544.00,0.00,0.00
53880.88,10544.00,0.00,0.00
53880.88,10544.00,0.00,0.00
53880.88,10544.00,0.00,0.00
53880.88,10544.00,0.00,0.00
53880.88,10544.00,0.00,0.00
53880.88,10544.00,0.00,0.00
53880.88,10544.00,0.00,0.00
53880.88,10544.00,0.00,0.00
53880.88,10544.00,0.00,0.00
53880.88,10544.00,0.00,0.00
53880.88,10544.00,0.00,0.00
53880.88,10544.00,0.00,0.00
53880.88,10544.00,0.00,0.00
53880.88,10544.00,0.00,0.00
53880.88,10544.00,0.00,0.00
53880.88,10544.00,0.00,0.00
53880.88,10544.00,0.00,0.00
53880.88,10544.00,0.00,0.00
53880.88,10544.00,0.00,0.00
53880.88,10544.00,0.00,0.00
53880.88,10544.00,0.00,0.00
53880.88,10544.00,0.00,0.00
53880.88,10544.00,0.00,0.00
53880.88,10544.00,0.00,0.00
53880.88,10544.00,0.00,0.00
53880.88,10544.00,0.00,0.00
53880.88,10544.00,0.00,0.00
53880.88,10544.00,0.00,0.00
53880.88,10544.00,0.00,0.00
53880.88,10544.00,0.00,0.00
53880.88,10544.00,0.00,0.00
53880.88,10544.00,0.00,0.00
53880.88,10544.00,0.00,0.00
53880.88,10544.00,0.00,0.00
53880.88,10544.00,0.00,0.00
53880.88,10544.00,0.00,0.00
53880.88,10544.00,0.00,0.00
53880.88,10544.00,0.00,0.00
53880.88,10544.00,0.00,0.00
53880.88,10544.00,0.00,0.00
53880.88,10544.00,0.00,0.00
53880.88,10544.00,0.00,0.00
53880.88,10544.00,0.00,0.00
53880.88,10544.00,0.00,0.00
53880.88,10544.00,0.00,0.00
53880.88,10544.00,0.00,0.00
53880.88,10544.00,0.00,0.00
53880.88,10544.00,0.00,0.00
53880.88,10544.00,0.00,0.00
53880.88,10544.00,0.00,0.00
53880.88,10544.00,0.00,0.00
53880.88,10544.00,0.00,0.00
53880.88,10544.00,0.00,0.00
53880.96,10544.00,0.08,0.00
53881.12,10544.00,0.16,0.00
53881.36,10544.00,0.24,0.00
53881.68,10544.00,0.32,0.00
53882.08,10544.40,0.40,0.40
53882.56,10545.20,0.48,0.80
53883.12,10546.40,0.56,1.20
53883.76,10548.00,0.64,1.60
53884.48,10550.00,0.72,2.00
53885.28,10552.40,0.80,2.40
53886.16,10555.20,0.88,2.80
53886.94,10558.40,0.78,3.20
53887.62,10562.00,0.68,3.60
53888.20,10566.00,0.58,4.00
53888.68,10570.40,0.48,4.40
53889.05,10575.20,0.38,4.80
53889.34,10576.00,0.28,0.80
53889.52,10576.00,0.18,0.00
53889.52,10576.00,0.00,0.00
53889.52,10576.00,0.00,0.00
53889.52,10576.00,0.00,0.00
53889.52,10576.00,0.00,0.00
53889.52,10576.00,0.00,0.00
53889.52,10576.00,0.00,0.00
53889.52,10576.00,0.00,0.00
53889.52,10576.00,0.00,0.00
53889.52,10576.00,0.00,0.00
53889.52,10576.00,0.00,0.00
53889.52,10576.00,0.00,0.00
53889.52,10576.00,0.00,0.00
53889.52,10576.00,0.00,0.00
53889.52,10576.00,0.00,0.00
53889.52,10576.00,0.00,0.00
53889.52,10576.00,0.00,0.00
53889.52,10576.00,0.00,0.00
53889.52,10576.00,0.00,0.00
53889.52,10576.00,0.00,0.00
53889.52,10576.00,0.00,0.00
53889.52,10576.00,0.00,0.00
53889.52,10576.00,0.00,0.00
53889.52,10576.00,0.00,0.00
53889.52,10576.00,0.00,0.00
53889.52,10576.00,0.00,0.00
53889.52,10576.00,0.00,0.00
53889.52,10576.00,0.00,0.00
53889.52,10576.00,0.00,0.00
53889.52,10576.00,0.00,0.00
53889.52,10576.00,0.00,0.00
53889.52,10576.00,0.00,0.00
53889.52,10576.00,0.00,0.00
53889.52,10576.00,0.00,0.00
53889.52,10576.00,0.00,0.00
53889.52,10576.00,0.00,0.00
53889.52,10576.00,0.00,0.00
53889.52,10576.00,0.00,0.00
53889.52,10576.00,0.00,0.00
53889.52,10576.00,0.00,0.00
53889.52,10576.00,0.00,0.00
53889.52,10576.00,0.00,0.00
53889.52,10576.00,0.00,0.00
53889.52,10576.00,0.00,0.00
53889.52,10576.00,0.00,0.00
53889.52,10576.00,0.00,0.00
53889.52,10576.00,0.00,0.00
53889.52,10576.00,0.00,0.00
53889.52,10576.00,0.00,0.00
53889.52,10576.00,0.00,0.00
53889.52,10576.00,0.00,0.00
53889.52,10576.00,0.00,0.00
53889.52,10576.00,0.00,0.00
53889.52,10576.00,0.00,0.00
53889.52,10576.00,0.00,0.00
53889.52,10576.00,0.00,0.00
53889.52,10576.00,0.00,0.00
53889.52,10576.00,0.00,0.00
53889.52,10576.00,0.00,0.00
53889.52,10576.00,0.00,0.00
53889.52,10576.00,0.00,0.00
53889.52,10576.00,0.00,0.00
53889.52,10576.00,0.00,0.00
53889.52,10576.00,0.00,0.00
53889.52,10576.00,0.00,0.00
53889.52,10576.00,0.00,0.00
53889.52,10576.00,0.00,0.00
53889.52,10576.00,0.00,0.00
53889.52,10576.00,0.00,0.00
53889.52,10576.00,0.00,0.00
53889.52,10576.00,0.00,0.00
53889.52,10576.00,0.00,0.00
53889.52,10576.00,0.00,0.00
53889.52,10576.00,0.00,0.00
53889.52,10576.00,0.00,0.00
53889.52,10576.00,0.00,0.00
53889.52,10576.00,0.00,0.00
53889.52,10576.00,0.00,0.00
53889.52,10576.00,0.00,0.00
53889.52,10576.00,0.00,0.00
53889.52,10576.00,0.00,0.00
53889.52,10576.00,0.00,0.00
53889.52,10576.00,0.00,0.00
53889.52,10576.00,0.00,0.00
53889.52,10576.00,0.00,0.00
53889.52,10576.00,0.00,0.00
53889.52,10576.00,0.00,0.00
53889.52,10576.00,0.00,0.00
53889.52,10576.00,0.00,0.00
53889.52,10576.00,0.00,0.00
53889.52,10576.00,0.00,0.00
53889.52,10576.00,0.00,0.00
53889.52,10576.00,0.00,0.00
53889.52,10576.00,0.00,0.00
53889.52,10576.00,0.00,0.00
53889.52,10576.00,0.00,0.00
53889.52,10576.00,0.00,0.00
53889.52,10576.00,0.00,0.00
53889.52,10576.00,0.00,0.00
53889.52,10576.00,0.00,0.00
53889.52,10576.00,0.00,0.00
53889.52,10576.00,0.00,0.00
53889.52,10576.00,0.00,0.00
53889.52,10576.00,0.00,0.00
53889.52,10576.00,0.00,0.00
53889.52,10576.00,0.00,0.00
53889.52,10576.00,0.00,0.00
53889.52,10576.00,0.00,0.00
53889.52,10576.00,0.00,0.00
53889.52,10576.00,0.00,0.00
53889.52,10576.00,0.00,0.00
53889.52,10576.00,0.00,0.00
53889.52,10576.00,0.00,0.00
53889.52,10576.00,0.00,0.00
53889.52,10576.00,0.00,0.00
53889.52,10576.00,0.00,0.00
53889.52,10576.00,0.00,0.00
53889.52,10576.00,0.00,0.00
53889.52,10576.00,0.00,0.00
53889.52,10576.00,0.00,0.00
53889.52,10576.00,0.00,0.00
53889.52,10576.00,0.00,0.00
53889.52,10576.00,0.00,0.00
53889.52,10576.00,0.00,0.00
53889.52,10576.00,0.00,0.00
53889.52,10576.00,0.00,0.00
53889.52,10576.00,0.00,0.00
53889.52,10576.00,0.00,0.00
53889.52,10576.00,0.00,0.00
53889.52,10576.00,0.00,0.00
53889.52,10576.00,0.00,0.00
53889.52,10576.00,0.00,0.00
53889.52,10576.00,0.00,0.00
53889.52,10576.00,0.00,0.00
53889.52,10576.00,0.00,0.00
53889.52,10576.00,0.00,0.00
53889.52,10576.00,0.00,0.00
53889.52,10576.00,0.00,0.00
53889.52,10576.00,0.00,0.00
53889.52,10576.00,0.00,0.00
53889.52,10576.00,0.00,0.00
53889.52,10576.00,0.00,0.00
53889.52,10576.00,0.00,0.00
53889.52,10576.00,0.00,0.00
53889.52,10576.00,0.00,0.00
53889.52,10576.00,0.00,0.00
53889.52,10576.00,0.00,0.00
53889.52,10576.00,0.00,0.00
53889.52,10576.00,0.00,0.00
53889.52,10576.00,0.00,0.00
53889.52,10576.00,0.00,0.00
53889.52,10576.00,0.00,0.00
53889.52,10576.00,0.00,0.00
53889.52,10576.00,0.00,0.00
53889.52,10576.00,0.00,0.00
53889.52,10576.00,0.00,0.00
53889.52,10576.00,0.00,0.00
53889.52,10576.00,0.00,0.00
53889.52,10576.00,0.00,0.00
53889.52,10576.00,0.00,0.00
53889.52,10576.00,0.00,0.00
53889.52,10576.00,0.00,0.00
53889.52,10576.00,0.00,0.00
53889.52,10576.00,0.00,0.00
53889.52,10576.00,0.00,0.00
53889.52,10576.00,0.00,0.00
53889.52,10576.00,0.00,0.00
53889.52,10576.00,0.00,0.00
53889.52,10576.00,0.00,0.00
53889.52,10576.00,0.00,0.00
53889.52,10576.00,0.00,0.00
53889.52,10576.00,0.00,0.00
53889.52,10576.00,0.00,0.00
53889.52,10576.00,0.00,0.00
53889.52,10576.00,0.00,0.00
53889.52,10576.00,0.00,0.00
53889.52,10576.00,0.00,0.00
53889.52,10576.00,0.00,0.00
53889.52,10576.00,0.00,0.00
53889.52,10576.00,0.00,0.00
53889.52,10576.00,0.00,0.00
53889.52,10576.00,0.00,0.00
53889.52,10576.00,0.00,0.00
53889.52,10576.00,0.00,0.00
53889.52,10576.00,0.00,0.00
53889.52,10576.00,0.00,0.00
53889.52,10576.00,0.00,0.00
53889.52,10576.00,0.00,0.00
53889.52,10576.00,0.00,0.00
53889.52,10576.00,0.00,0.00
53889.52,10576.00,0.00,0.00
53889.52,10576.00,0.00,0.00
53889.52,10576.00,0.00,0.00
53889.52,10576.00,0.00,0.00
53889.52,10576.00,0.00,0.00
53889.52,10576.00,0.00,0.00
53889.52,10576.00,0.00,0.00
53889.52,10576.00,0.00,0.00
53889.52,10576.00,0.00,0.00
53889.52,10576.00,0.00,0.00
53889.52,10576.00,0.00,0.00
53889.52,10576.00,0.00,0.00
53889.52,10576.00,0.00,0.00
53889.52,10576.00,0.00,0.00
53889.52,10576.00,0.00,0.00
53889.52,10576.00,0.00,0.00
53889.52,10576.00,0.00,0.00
53889.59,10576.00,0.08,0.00
53889.75,10576.00,0.16,0.00
53889.99,10576.00,0.24,0.00
53890.31,10576.00,0.32,0.00
53890.71,10576.00,0.40,0.00
53891.19,10576.00,0.48,0.00
53891.75,10576.00,0.56,0.00
53892.39,10576.00,0.64,0.00
53893.11,10576.00,0.72,0.00
53893.63,10576.00,0.52,0.00
53893.95,10576.00,0.32,0.00
53894.07,10576.00,0.12,0.00
53894.07,10576.00,0.00,0.00
53894.07,10576.00,0.00,0.00
53894.07,10576.00,0.00,0.00
53894.07,10576.00,0.00,0.00
53894.07,10576.00,0.00,0.00
53894.07,10576.00,0.00,0.00
53894.07,10576.00,0.00,0.00
53894.07,10576.00,0.00,0.00
53894.07,10576.00,0.00,0.00
53894.07,10576.00,0.00,0.00
53894.07,10576.00,0.00,0.00
53894.07,10576.00,0.00,0.00
53894.07,10576.00,0.00,0.00
53894.15,10576.00,0.08,0.00
53894.31,10576.00,0.16,0.00
53894.55,10576.00,0.24,0.00
53894.87,10576.00,0.32,0.00
53895.27,10576.00,0.40,0.00
53895.75,10576.00,0.48,0.00
53896.30,10576.00,0.56,0.00
53896.95,10576.00,0.64,0.00
53897.66,10576.00,0.72,0.00
53898.46,10592.00,0.80,0.00
53899.07,10592.00,0.60,0.00
53899.46,10592.00,0.40,0.00
53899.66,10592.00,0.20,0.00
53899.66,10592.00,0.00,0.00
53899.66,10592.00,0.00,0.00
53899.66,10592.00,0.00,0.00
53899.66,10592.00,0.00,0.00
53899.66,10592.00,0.00,0.00
53899.66,10592.00,0.00,0.00
53899.66,10592.00,0.00,0.00
53899.66,10592.00,0.00,0.00
53899.66,10592.00,0.00,0.00
53899.66,10592.00,0.00,0.00
53899.66,10592.00,0.00,0.00
53899.66,10592.00,0.00,0.00
53899.66,10592.00,0.00,0.00
53899.66,10592.00,0.00,0.00
53899.66,10592.00,0.00,0.00
53899.66,10592.00,0.00,0.00
53899.66,10592.00,0.00,0.00
53899.66,10592.00,0.00,0.00
53899.66,10592.00,0.00,0.00
53899.66,10592.00,0.00,0.00
53899.66,10592.00,0.00,0.00
53899.66,10592.00,0.00,0.00
53899.66,10592.00,0.00,0.00
53899.66,10592.00,0.00,0.00
53899.66,10592.00,0.00,0.00
53899.66,10592.00,0.00,0.00
53899.66,10592.00,0.00,0.00
53899.66,10592.00,0.00,0.00
53899.66,10592.00,0.00,0.00
53899.66,10592.00,0.00,0.00
53899.66,10592.00,0.00,0.00
53899.66,10592.00,0.00,0.00
53899.66,10592.00,0.00,0.00
53899.66,10592.00,0.00,0.00
53899.66,10592.00,0.00,0.00
53899.66,10592.00,0.00,0.00
53899.66,10592.00,0.00,0.00
53899.66,10592.00,0.00,0.00
53899.66,10592.00,0.00,0.00
53899.66,10592.00,0.00,0.00
53899.66,10592.00,0.00,0.00
53899.66,10592.00,0.00,0.00
53899.66,10592.00,0.00,0.00
53899.66,10592.00,0.00,0.00
53899.66,10592.00,0.00,0.00
53899.66,10592.00,0.00,0.00
53899.66,10592.00,0.00,0.00
53899.66,10592.00,0.00,0.00
53899.66,10592.00,0.00,0.00
53899.66,10592.00,0.00,0.00
53899.66,10592.00,0.00,0.00
53899.66,10592.00,0.00,0.00
53899.66,10592.00,0.00,0.00
53899.66,10592.00,0.00,0.00
53899.66,10592.00,0.00,0.00
53899.66,10592.00,0.00,0.00
53899.66,10592.00,0.00,0.00
53899.66,10592.00,0.00,0.00
53899.66,10592.00,0.00,0.00
53899.66,10592.00,0.00,0.00
53899.66,10592.00,0.00,0.00
53899.66,10592.00,0.00,0.00
53899.66,10592.00,0.00,0.00
53899.66,10592.00,0.00,0.00
53899.66,10592.00,0.00,0.00
53899.66,10592.00,0.00,0.00
53899.66,10592.00,0.00,0.00
53899.66,10592.00,0.00,0.00
53899.66,10592.00,0.00,0.00
53899.66,10592.00,0.00,0.00
53899.66,10592.00,0.00,0.00
53899.66,10592.00,0.00,0.00
53899.66,10592.00,0.00,0.00
53899.66,10592.00,0.00,0.00
53899.66,10592.00,0.00,0.00
53899.66,10592.00,0.00,0.00
53899.66,10592.00,0.00,0.00
53899.66,10592.00,0.00,0.00
53899.66,10592.00,0.00,0.00
53899.66,10592.00,0.00,0.00
53899.66,10592.00,0.00,0.00
53899.66,10592.00,0.00,0.00
53899.66,10592.00,0.00,0.00
53899.66,10592.00,0.00,0.00
53899.66,10592.00,0.00,0.00
53899.66,10592.00,0.00,0.00
53899.66,10592.00,0.00,0.00
53899.66,10592.00,0.00,0.00
53899.66,10592.00,0.00,0.00
53899.66,10592.00,0.00,0.00
53899.66,10592.00,0.00,0.00
53899.66,10592.00,0.00,0.00
53899.66,10592.00,0.00,0.00
53899.66,10592.00,0.00,0.00
53899.66,10592.00,0.00,0.00
53899.66,10592.00,0.00,0.00
53899.66,10592.00,0.00,0.00
53899.66,10592.00,0.00,0.00
53899.66,10592.00,0.00,0.00
53899.66,10592.00,0.00,0.00
53899.66,10592.00,0.00,0.00
53899.66,10592.00,0.00,0.00
53899.74,10592.00,0.08,0.00
53899.90,10592.00,0.16,0.00
53900.14,10592.00,0.24,0.00
53900.46,10592.00,0.32,0.00
53900.86,10592.00,0.40,0.00
53901.34,10592.00,0.48,0.00
53901.90,10592.00,0.56,0.00
53902.54,10592.00,0.64,0.00
53903.26,10592.00,0.72,0.00
53904.06,10592.00,0.80,0.00
53904.94,10592.00,0.88,0.00
53905.90,10592.00,0.96,0.00
53906.94,10592.00,1.04,0.00
53908.06,10592.00,1.12,0.00
53909.26,10592.00,1.20,0.00
53910.54,10592.00,1.28,0.00
53911.90,10592.00,1.36,0.00
53913.34,10592.00,1.44,0.00
53914.86,10592.40,1.52,0.40
53916.46,10593.20,1.60,0.80
53917.96,10594.40,1.50,1.20
53919.36,10596.00,1.40,1.60
53920.66,10598.00,1.30,2.00
53921.86,10600.40,1.20,2.40
53922.96,10603.20,1.10,2.80
53923.96,10606.40,1.00,3.20
53924.86,10610.00,0.90,3.60
53925.66,10614.00,0.80,4.00
53926.36,10608.00,0.70,0.00
53926.86,10608.00,0.50,0.00
53927.16,10608.00,0.30,0.00
53927.26,10608.00,0.10,0.00
53927.26,10608.00,0.00,0.00
53927.26,10608.00,0.00,0.00
53927.26,10608.00,0.00,0.00
53927.26,10608.00,0.00,0.00
53927.26,10608.00,0.00,0.00
53927.34,10608.00,0.08,0.00
53927.50,10608.00,0.16,0.00
53927.74,10608.00,0.24,0.00
53928.06,10608.00,0.32,0.00
53928.46,10608.00,0.40,0.00
53928.94,10608.00,0.48,0.00
53929.50,10608.00,0.56,0.00
53929.86,10608.00,0.36,0.00
53930.02,10608.00,0.16,0.00
53930.02,10608.00,0.00,0.00
53930.02,10608.00,0.00,0.00
53930.02,10608.00,0.00,0.00
53930.02,10608.00,0.00,0.00
53930.02,10608.00,0.00,0.00
53930.02,10608.00,0.00,0.00
53930.02,10608.00,0.00,0.00
53930.02,10608.00,0.00,0.00
53930.02,10608.00,0.00,0.00
53930.02,10608.00,0.00,0.00
53930.02,10608.00,0.00,0.00
53930.02,10608.00,0.00,0.00
53930.09,10608.00,0.08,0.00
53930.25,10608.00,0.16,0.00
53930.49,10608.00,0.24,0.00
53930.81,10608.00,0.32,0.00
53931.21,10608.00,0.40,0.00
53931.69,10608.00,0.48,0.00
53932.25,10608.00,0.56,0.00
53932.61,10608.00,0.36,0.00
53932.77,10608.00,0.16,0.00
53932.85,10608.00,0.08,0.00
53932.85,10608.00,-0.00,0.00
53932.77,10608.00,-0.08,0.00
53932.61,10608.00,-0.16,0.00
53932.37,10608.00,-0.24,0.00
53932.05,10608.00,-0.32,0.00
53931.65,10608.00,-0.40,0.00
53931.17,10608.00,-0.48,0.00
53930.61,10608.00,-0.56,0.00
53929.97,10608.00,-0.64,0.00
53929.25,10608.00,-0.72,0.00
53928.45,10608.00,-0.80,0.00
53927.57,10608.00,-0.88,0.00
53926.61,10608.00,-0.96,0.00
53925.57,10608.40,-1.04,0.40
53924.45,10609.20,-1.12,0.80
53923.25,10610.40,-1.20,1.20
53921.97,10612.00,-1.28,1.60
53920.61,10614.00,-1.36,2.00
53919.17,10616.40,-1.44,2.40
53917.65,10619.20,-1.52,2.80
53916.05,10622.40,-1.60,3.20
53914.37,10626.00,-1.68,3.60
53914.00,10630.00,-0.37,4.00
53914.00,10634.40,0.00,4.40
53914.00,10639.20,0.00,4.80
53914.00,10640.00,0.00,0.80
53914.00,10640.00,0.00,0.00
53914.08,10640.00,0.08,0.00
53914.24,10640.00,0.16,0.00
53914.48,10640.00,0.24,0.00
53914.80,10640.00,0.32,0.00
53915.20,10640.00,0.40,0.00
53915.68,10640.00,0.48,0.00
53916.23,10640.00,0.56,0.00
53916.88,10640.00,0.64,0.00
53917.59,10640.00,0.72,0.00
53918.39,10640.00,0.80,0.00
53919.27,10640.00,0.88,0.00
53920.23,10640.00,0.96,0.00
53921.27,10640.00,1.04,0.00
53922.39,10640.00,1.12,0.00
53923.59,10640.00,1.20,0.00
53924.88,10640.00,1.28,0.00
53926.00,10640.00,1.13,0.00
53926.00,10640.00,0.00,0.00
53926.00,10640.00,0.00,0.00
53926.00,10640.00,0.00,0.00
53926.00,10640.00,0.00,0.00
53926.00,10640.00,0.00,0.00
53926.00,10640.00,0.00,0.00
53926.00,10640.00,0.00,0.00
53926.00,10640.00,0.00,0.00
53926.00,10640.00,0.00,0.00
53926.00,10640.00,0.00,0.00
53926.00,10640.00,0.00,0.00
53926.00,10640.00,0.00,0.00
53926.00,10640.00,0.00,0.00
53926.00,10640.00,0.00,0.00
53926.00,10640.00,0.00,0.00
53926.00,10640.00,0.00,0.00
53926.00,10640.00,0.00,0.00
53926.00,10640.00,0.00,0.00
53926.00,10640.00,0.00,0.00
53926.00,10640.00,0.00,0.00
53926.00,10640.00,0.00,0.00
53926.00,10640.00,0.00,0.00
53926.00,10640.00,0.00,0.00
53926.00,10640.00,0.00,0.00
53926.00,10640.00,0.00,0.00
53926.00,10640.00,0.00,0.00
53926.00,10640.00,0.00,0.00
53926.00,10640.00,0.00,0.00
53926.00,10640.00,0.00,0.00
53926.00,10640.00,0.00,0.00
53926.00,10640.00,0.00,0.00
53926.00,10640.00,0.00,0.00
53926.00,10640.00,0.00,0.00
53926.00,10640.00,0.00,0.00
53926.00,10640.00,0.00,0.00
53926.00,10640.00,0.00,0.00
53926.00,10640.00,0.00,0.00
53926.00,10640.00,0.00,0.00
53926.00,10640.00,0.00,0.00
53926.00,10640.00,0.00,0.00
53926.00,10640.00,0.00,0.00
53926.00,10640.00,0.00,0.00
53926.00,10640.00,0.00,0.00
53926.00,10640.00,0.00,0.00
53926.00,10640.00,0.00,0.00
53926.00,10640.00,0.00,0.00
53926.00,10640.00,0.00,0.00
53926.00,10640.00,0.00,0.00
53926.00,10640.00,0.00,0.00
53926.00,10640.00,0.00,0.00
53926.00,10640.00,0.00,0.00
53926.00,10640.00,0.00,0.00
53926.00,10640.00,0.00,0.00
53926.00,10640.00,0.00,0.00
53926.00,10640.00,0.00,0.00
53926.00,10640.00,0.00,0.00
53926.00,10640.00,0.00,0.00
53926.00,10640.00,0.00,0.00
53926.00,10640.00,0.00,0.00
53926.00,10640.00,0.00,0.00
53926.00,10640.00,0.00,0.00
53926.00,10640.00,0.00,0.00
53926.00,10640.00,0.00,0.00
53926.00,10640.00,0.00,0.00
53926.00,10640.00,0.00,0.00
53926.00,10640.00,0.00,0.00
53926.00,10640.00,0.00,0.00
53926.00,10640.00,0.00,0.00
53926.00,10640.00,0.00,0.00
53926.00,10640.00,0.00,0.00
53926.00,10640.00,0.00,0.00
53926.00,10640.00,0.00,0.00
53926.00,10640.00,0.00,0.00
53926.00,10640.00,0.00,0.00
53926.00,10640.00,0.00,0.00
53926.00,10640.00,0.00,0.00
53926.00,10640.00,0.00,0.00
53926.00,10640.00,0.00,0.00
53926.00,10640.00,0.00,0.00
53926.00,10640.00,0.00,0.00
53926.00,10640.00,0.00,0.00
53926.00,10640.00,0.00,0.00
53926.00,10640.00,0.00,0.00
53926.00,10640.00,0.00,0.00
53926.00,10640.00,0.00,0.00
53926.00,10640.00,0.00,0.00
53926.00,10640.00,0.00,0.00
53926.00,10640.00,0.00,0.00
53926.00,10640.00,0.00,0.00
53926.00,10640.00,0.00,0.00
53926.00,10640.00,0.00,0.00
53926.00,10640.00,0.00,0.00
53926.00,10640.00,0.00,0.00
53926.00,10640.00,0.00,0.00
53926.00,10640.00,0.00,0.00
53926.00,10640.00,0.00,0.00
53926.00,10640.00,0.00,0.00
53926.00,10640.00,0.00,0.00
53926.00,10640.00,0.00,0.00
53926.00,10640.00,0.00,0.00
53926.00,10640.00,0.00,0.00
53926.00,10640.00,0.00,0.00
53926.00,10640.00,0.00,0.00
53926.00,10640.00,0.00,0.00
53926.00,10640.00,0.00,0.00
53926.00,10640.00,0.00,0.00
53926.00,10640.00,0.00,0.00
53926.00,10640.00,0.00,0.00
53926.00,10640.00,0.00,0.00
53926.00,10640.00,0.00,0.00
53926.00,10640.00,0.00,0.00
53926.00,10640.00,0.00,0.00
53926.00,10640.00,0.00,0.00
53926.00,10640.00,0.00,0.00
53926.00,10640.00,0.00,0.00
53926.00,10640.00,0.00,0.00
53926.00,10640.00,0.00,0.00
53926.00,10640.00,0.00,0.00
53926.00,10640.00,0.00,0.00
53926.00,10640.00,0.00,0.00
53926.00,10640.00,0.00,0.00
53926.00,10640.00,0.00,0.00
53926.00,10640.00,0.00,0.00
53926.00,10640.00,0.00,0.00
53926.00,10640.00,0.00,0.00
53926.00,10640.00,0.00,0.00
53926.00,10640.00,0.00,0.00
53926.00,10640.00,0.00,0.00
53926.00,10640.00,0.00,0.00
53926.00,10640.00,0.00,0.00
53926.00,10640.00,0.00,0.00
53926.00,10640.00,0.00,0.00
53926.00,10640.00,0.00,0.00
53926.00,10640.00,0.00,0.00
53926.00,10640.00,0.00,0.00
53926.00,10640.00,0.00,0.00
53926.00,10640.00,0.00,0.00
53926.00,10640.00,0.00,0.00
53926.00,10640.00,0.00,0.00
53926.00,10640.00,0.00,0.00
53926.00,10640.00,0.00,0.00
53926.00,10640.00,0.00,0.00
53926.00,10640.00,0.00,0.00
53926.00,10640.00,0.00,0.00
53926.00,10640.00,0.00,0.00
53926.00,10640.00,0.00,0.00
53926.00,10640.00,0.00,0.00
53926.00,10640.00,0.00,0.00
53926.00,10640.00,0.00,0.00
53926.00,10640.00,0.00,0.00
53926.00,10640.00,0.00,0.00
53926.00,10640.00,0.00,0.00
53926.00,10640.00,0.00,0.00
53926.00,10640.00,0.00,0.00
53926.00,10640.00,0.00,0.00
53926.00,10640.00,0.00,0.00
53926.00,10640.00,0.00,0.00
53926.08,10640.00,0.08,0.00
53926.24,10640.00,0.16,0.00
53926.48,10640.00,0.24,0.00
53926.80,10640.00,0.32,0.00
53927.20,10640.00,0.40,0.00
53927.68,10640.00,0.48,0.00
53928.23,10640.00,0.56,0.00
53928.88,10640.00,0.64,0.00
53929.59,10640.00,0.72,0.00
53930.39,10640.40,0.80,0.40
53931.27,10641.20,0.88,0.80
53932.05,10642.40,0.78,1.20
53932.73,10644.00,0.68,1.60
53933.31,10646.00,0.58,2.00
53933.79,10648.40,0.48,2.40
53934.17,10651.20,0.38,2.80
53934.45,10654.40,0.28,3.20
53934.63,10658.00,0.18,3.60
53934.71,10662.00,0.08,4.00
53934.71,10666.40,0.00,4.40
53934.71,10671.20,0.00,4.80
53934.71,10676.40,0.00,5.20
53934.71,10676.70,0.00,0.30
53934.71,10676.91,0.00,0.21
53934.71,10677.09,0.00,0.18
53934.71,10677.27,0.00,0.17
53934.71,10677.44,0.00,0.17
53934.71,10677.61,0.00,0.17
53934.71,10677.78,0.00,0.17
53934.71,10677.96,0.00,0.17
53934.71,10678.13,0.00,0.17
53934.71,10678.30,0.00,0.17
53934.71,10678.47,0.00,0.17
53934.71,10678.64,0.00,0.17
53934.71,10678.82,0.00,0.17
53934.71,10678.99,0.00,0.17
53934.71,10679.16,0.00,0.17
53934.71,10679.33,0.00,0.17
53934.71,10679.50,0.00,0.17
53934.71,10679.67,0.00,0.17
53934.71,10679.85,0.00,0.17
53934.71,10680.02,0.00,0.17
53934.71,10680.19,0.00,0.17
53934.71,10680.36,0.00,0.17
53934.71,10680.53,0.00,0.17
53934.71,10680.71,0.00,0.17
53934.71,10680.88,0.00,0.17
53934.71,10681.05,0.00,0.17
53934.71,10681.22,0.00,0.17
53934.71,10681.39,0.00,0.17
53934.71,10681.57,0.00,0.17
53934.71,10681.74,0.00,0.17
53934.71,10681.91,0.00,0.17
53934.71,10682.08,0.00,0.17
53934.71,10682.65,0.00,0.57
53934.71,10683.62,0.00,0.97
53934.71,10685.00,0.00,1.37
53934.71,10686.77,0.00,1.77
53934.71,10688.00,0.00,1.23
53934.71,10688.00,0.00,0.00
53934.71,10688.00,0.00,0.00
53934.71,10688.00,0.00,0.00
53934.71,10688.00,0.00,0.00
53934.71,10688.00,0.00,0.00
53934.71,10688.00,0.00,0.00
53934.71,10688.00,0.00,0.00
53934.71,10688.00,0.00,0.00
53934.71,10688.00,0.00,0.00
53934.71,10688.00,0.00,0.00
53934.71,10688.00,0.00,0.00
53934.71,10688.00,0.00,0.00
53934.71,10688.00,0.00,0.00
53934.79,10688.00,0.08,0.00
53934.95,10688.00,0.16,0.00
53935.19,10688.00,0.24,0.00
53935.51,10688.00,0.32,0.00
53935.91,10688.00,0.40,0.00
53936.39,10688.00,0.48,0.00
53936.95,10688.00,0.56,0.00
53937.30,10688.00,0.36,0.00
53937.46,10688.00,0.16,0.00
53937.46,10688.00,0.00,0.00
53937.46,10688.00,0.00,0.00
53937.46,10688.00,0.00,0.00
53937.46,10688.00,0.00,0.00
53937.46,10688.00,0.00,0.00
53937.46,10688.00,0.00,0.00
53937.46,10688.00,0.00,0.00
53937.46,10688.00,0.00,0.00
53937.46,10688.00,0.00,0.00
53937.46,10688.00,0.00,0.00
53937.46,10688.00,0.00,0.00
53937.46,10688.00,0.00,0.00
53937.46,10688.00,0.00,0.00
53937.46,10688.00,0.00,0.00
53937.46,10688.00,0.00,0.00
53937.46,10688.00,0.00,0.00
53937.46,10688.00,0.00,0.00
53937.46,10688.00,0.00,0.00
53937.46,10688.00,0.00,0.00
53937.46,10688.00,0.00,0.00
53937.46,10688.00,0.00,0.00
53937.46,10688.00,0.00,0.00
53937.46,10688.00,0.00,0.00
53937.46,10688.00,0.00,0.00
53937.46,10688.00,0.00,0.00
53937.46,10688.00,0.00,0.00
53937.46,10688.00,0.00,0.00
53937.46,10688.00,0.00,0.00
53937.46,10688.00,0.00,0.00
53937.46,10688.00,0.00,0.00
53937.46,10688.00,0.00,0.00
53937.46,10688.00,0.00,0.00
53937.46,10688.00,0.00,0.00
53937.46,10688.00,0.00,0.00
53937.46,10688.00,0.00,0.00
53937.46,10688.00,0.00,0.00
53937.46,10688.00,0.00,0.00
53937.46,10688.00,0.00,0.00
53937.46,10688.00,0.00,0.00
53937.46,10688.00,0.00,0.00
53937.46,10688.00,0.00,0.00
53937.46,10688.00,0.00,0.00
53937.46,10688.00,0.00,0.00
53937.46,10688.00,0.00,0.00
53937.46,10688.00,0.00,0.00
53937.46,10688.00,0.00,0.00
53937.46,10688.00,0.00,0.00
53937.46,10688.00,0.00,0.00
53937.46,10688.00,0.00,0.00
53937.46,10688.00,0.00,0.00
53937.46,10688.00,0.00,0.00
53937.46,10688.00,0.00,0.00
53937.54,10688.00,0.08,0.00
53937.70,10688.00,0.16,0.00
53937.94,10688.00,0.24,0.00
53938.26,10688.00,0.32,0.00
53938.66,10688.00,0.40,0.00
53939.14,10688.00,0.48,0.00
53939.70,10688.00,0.56,0.00
53940.34,10688.00,0.64,0.00
53941.06,10688.00,0.72,0.00
53941.86,10688.00,0.80,0.00
53942.74,10688.00,0.88,0.00
53943.70,10688.00,0.96,0.00
53944.74,10688.00,1.04,0.00
53945.86,10688.00,1.12,0.00
53946.78,10704.00,0.92,0.00
53947.50,10704.00,0.72,0.00
53948.02,10704.00,0.52,0.00
53948.34,10704.00,0.32,0.00
53948.46,10704.00,0.12,0.00
53948.46,10704.00,0.00,0.00
53948.46,10704.00,0.00,0.00
53948.46,10704.00,0.00,0.00
53948.46,10704.00,0.00,0.00
53948.46,10704.00,0.00,0.00
53948.46,10704.00,0.00,0.00
53948.46,10704.00,0.00,0.00
53948.46,10704.00,0.00,0.00
53948.46,10704.00,0.00,0.00
53948.46,10704.00,0.00,0.00
53948.46,10704.00,0.00,0.00
53948.46,10704.00,0.00,0.00
53948.46,10704.00,0.00,0.00
53948.46,10704.00,0.00,0.00
53948.46,10704.00,0.00,0.00
53948.46,10704.00,0.00,0.00
53948.46,10704.00,0.00,0.00
53948.46,10704.00,0.00,0.00
53948.46,10704.00,0.00,0.00
53948.46,10704.00,0.00,0.00
53948.46,10704.00,0.00,0.00
53948.46,10704.00,0.00,0.00
53948.46,10704.00,0.00,0.00
53948.46,10704.00,0.00,0.00
53948.46,10704.00,0.00,0.00
53948.46,10704.00,0.00,0.00
53948.46,10704.00,0.00,0.00
53948.46,10704.00,0.00,0.00
53948.46,10704.00,0.00,0.00
53948.46,10704.00,0.00,0.00
53948.46,10704.00,0.00,0.00
53948.46,10704.00,0.00,0.00
53948.46,10704.00,0.00,0.00
53948.46,10704.00,0.00,0.00
53948.46,10704.00,0.00,0.00
53948.46,10704.00,0.00,0.00
53948.46,10704.00,0.00,0.00
53948.46,10704.00,0.00,0.00
53948.46,10704.00,0.00,0.00
53948.46,10704.00,0.00,0.00
53948.46,10704.00,0.00,0.00
53948.46,10704.00,0.00,0.00
53948.46,10704.00,0.00,0.00
53948.46,10704.00,0.00,0.00
53948.46,10704.00,0.00,0.00
53948.46,10704.00,0.00,0.00
53948.46,10704.00,0.00,0.00
53948.46,10704.00,0.00,0.00
53948.46,10704.00,0.00,0.00
53948.46,10704.00,0.00,0.00
53948.46,10704.00,0.00,0.00
53948.46,10704.00,0.00,0.00
53948.46,10704.00,0.00,0.00
53948.46,10704.00,0.00,0.00
53948.46,10704.00,0.00,0.00
53948.46,10704.00,0.00,0.00
53948.46,10704.00,0.00,0.00
53948.46,10704.00,0.00,0.00
53948.46,10704.00,0.00,0.00
53948.46,10704.00,0.00,0.00
53948.46,10704.00,0.00,0.00
53948.46,10704.00,0.00,0.00
53948.46,10704.00,0.00,0.00
53948.46,10704.00,0.00,0.00
53948.46,10704.00,0.00,0.00
53948.46,10704.00,0.00,0.00
53948.46,10704.00,0.00,0.00
53948.46,10704.00,0.00,0.00
53948.46,10704.00,0.00,0.00
53948.46,10704.00,0.00,0.00
53948.46,10704.00,0.00,0.00
53948.46,10704.00,0.00,0.00
53948.46,10704.00,0.00,0.00
53948.46,10704.00,0.00,0.00
53948.46,10704.00,0.00,0.00
53948.46,10704.00,0.00,0.00
53948.46,10704.00,0.00,0.00
53948.46,10704.00,0.00,0.00
53948.46,10704.00,0.00,0.00
53948.46,10704.00,0.00,0.00
53948.46,10704.00,0.00,0.00
53948.46,10704.00,0.00,0.00
53948.46,10704.00,0.00,0.00
53948.46,10704.00,0.00,0.00
53948.46,10704.00,0.00,0.00
53948.46,10704.00,0.00,0.00
53948.46,10704.00,0.00,0.00
53948.46,10704.00,0.00,0.00
53948.46,10704.00,0.00,0.00
53948.46,10704.00,0.00,0.00
53948.46,10704.00,0.00,0.00
53948.46,10704.00,0.00,0.00
53948.46,10704.00,0.00,0.00
53948.46,10704.00,0.00,0.00
53948.46,10704.00,0.00,0.00
53948.46,10704.00,0.00,0.00
53948.46,10704.00,0.00,0.00
53948.46,10704.00,0.00,0.00
53948.46,10704.00,0.00,0.00
53948.46,10704.00,0.00,0.00
53948.46,10704.00,0.00,0.00
53948.46,10704.00,0.00,0.00
53948.46,10704.00,0.00,0.00
53948.46,10704.00,0.00,0.00
53948.46,10704.00,0.00,0.00
53948.46,10704.00,0.00,0.00
53948.46,10704.00,0.00,0.00
53948.46,10704.00,0.00,0.00
53948.46,10704.00,0.00,0.00
53948.46,10704.00,0.00,0.00
53948.46,10704.00,0.00,0.00
53948.46,10704.00,0.00,0.00
53948.46,10704.00,0.00,0.00
53948.46,10704.00,0.00,0.00
53948.46,10704.00,0.00,0.00
53948.46,10704.00,0.00,0.00
53948.46,10704.00,0.00,0.00
53948.46,10704.00,0.00,0.00
53948.46,10704.00,0.00,0.00
53948.46,10704.00,0.00,0.00
53948.46,10704.00,0.00,0.00
53948.46,10704.00,0.00,0.00
53948.46,10704.00,0.00,0.00
53948.46,10704.00,0.00,0.00
53948.46,10704.00,0.00,0.00
53948.46,10704.00,0.00,0.00
53948.46,10704.00,0.00,0.00
53948.46,10704.00,0.00,0.00
53948.46,10704.00,0.00,0.00
53948.46,10704.00,0.00,0.00
53948.46,10704.00,0.00,0.00
53948.46,10704.00,0.00,0.00
53948.46,10704.00,0.00,0.00
53948.46,10704.00,0.00,0.00
53948.46,10704.00,0.00,0.00
53948.46,10704.00,0.00,0.00
53948.46,10704.00,0.00,0.00
53948.46,10704.00,0.00,0.00
53948.46,10704.00,0.00,0.00
53948.46,10704.00,0.00,0.00
53948.46,10704.00,0.00,0.00
53948.46,10704.00,0.00,0.00
53948.46,10704.00,0.00,0.00
53948.46,10704.00,0.00,0.00
53948.46,10704.00,0.00,0.00
53948.46,10704.00,0.00,0.00
53948.46,10704.00,0.00,0.00
53948.46,10704.00,0.00,0.00
53948.46,10704.00,0.00,0.00
53948.46,10704.00,0.00,0.00
53948.46,10704.00,0.00,0.00
53948.46,10704.00,0.00,0.00
53948.46,10704.00,0.00,0.00
53948.46,10704.00,0.00,0.00
53948.46,10704.00,0.00,0.00
53948.46,10704.00,0.00,0.00
53948.46,10704.00,0.00,0.00
53948.46,10704.00,0.00,0.00
53948.46,10704.00,0.00,0.00
53948.46,10704.00,0.00,0.00
53948.46,10704.00,0.00,0.00
53948.46,10704.00,0.00,0.00
53948.46,10704.00,0.00,0.00
53948.46,10704.00,0.00,0.00
53948.46,10704.00,0.00,0.00
53948.46,10704.00,0.00,0.00
53948.46,10704.00,0.00,0.00
53948.46,10704.00,0.00,0.00
53948.46,10704.00,0.00,0.00
53948.46,10704.00,0.00,0.00
53948.46,10704.00,0.00,0.00
53948.46,10704.00,0.00,0.00
53948.46,10704.00,0.00,0.00
53948.46,10704.00,0.00,0.00
53948.46,10704.00,0.00,0.00
53948.46,10704.00,0.00,0.00
53948.46,10704.00,0.00,0.00
53948.46,10704.00,0.00,0.00
53948.46,10704.00,0.00,0.00
53948.46,10704.00,0.00,0.00
53948.46,10704.00,0.00,0.00
53948.46,10704.00,0.00,0.00
53948.46,10704.00,0.00,0.00
53948.46,10704.00,0.00,0.00
53948.46,10704.00,0.00,0.00
53948.46,10704.00,0.00,0.00
53948.46,10704.00,0.00,0.00
53948.46,10704.00,0.00,0.00
53948.46,10704.00,0.00,0.00
53948.46,10704.00,0.00,0.00
53948.46,10704.00,0.00,0.00
53948.46,10704.00,0.00,0.00
53948.46,10704.00,0.00,0.00
53948.46,10704.00,0.00,0.00
53948.46,10704.00,0.00,0.00
53948.46,10704.00,0.00,0.00
53948.46,10704.00,0.00,0.00
53948.46,10704.00,0.00,0.00
53948.46,10704.00,0.00,0.00
53948.46,10704.00,0.00,0.00
53948.46,10704.00,0.00,0.00
53948.46,10704.00,0.00,0.00
53948.46,10704.00,0.00,0.00
53948.46,10704.00,0.00,0.00
53948.46,10704.00,0.00,0.00
53948.46,10704.00,0.00,0.00
53948.46,10704.00,0.00,0.00
53948.46,10704.00,0.00,0.00
53948.46,10704.00,0.00,0.00
53948.46,10704.00,0.00,0.00
53948.46,10704.00,0.00,0.00
53948.46,10704.00,0.00,0.00
53948.46,10704.00,0.00,0.00
53948.46,10704.00,0.00,0.00
53948.46,10704.00,0.00,0.00
53948.46,10704.00,0.00,0.00
53948.46,10704.00,0.00,0.00
53948.46,10704.00,0.00,0.00
53948.46,10704.00,0.00,0.00
53948.46,10704.00,0.00,0.00
53948.46,10704.00,0.00,0.00
53948.46,10704.00,0.00,0.00
53948.46,10704.00,0.00,0.00
53948.46,10704.00,0.00,0.00
53948.46,10704.00,0.00,0.00
53948.46,10704.00,0.00,0.00
53948.46,10704.00,0.00,0.00
53948.46,10704.00,0.00,0.00
53948.46,10704.00,0.00,0.00
53948.46,10704.00,0.00,0.00
53948.46,10704.00,0.00,0.00
53948.46,10704.00,0.00,0.00
53948.46,10704.00,0.00,0.00
53948.46,10704.00,0.00,0.00
53948.46,10704.00,0.00,0.00
53948.46,10704.00,0.00,0.00
53948.46,10704.00,0.00,0.00
53948.46,10704.00,0.00,0.00
53948.46,10704.00,0.00,0.00
53948.46,10704.00,0.00,0.00
53948.46,10704.00,0.00,0.00
53948.46,10704.00,0.00,0.00
53948.46,10704.00,0.00,0.00
53948.46,10704.00,0.00,0.00
53948.46,10704.00,0.00,0.00
53948.46,10704.00,0.00,0.00
53948.46,10704.00,0.00,0.00
53948.46,10704.00,0.00,0.00
53948.46,10704.00,0.00,0.00
53948.46,10704.00,0.00,0.00
53948.46,10704.00,0.00,0.00
53948.46,10704.00,0.00,0.00
53948.46,10704.00,0.00,0.00
53948.46,10704.00,0.00,0.00
53948.46,10704.00,0.00,0.00
53948.46,10704.00,0.00,0.00
53948.46,10704.00,0.00,0.00
53948.46,10704.00,0.00,0.00
53948.46,10704.00,0.00,0.00
53948.46,10704.00,0.00,0.00
53948.46,10704.00,0.00,0.00
53948.46,10704.00,0.00,0.00
53948.46,10704.00,0.00,0.00
53948.46,10704.00,0.00,0.00
53948.46,10704.00,0.00,0.00
53948.46,10704.00,0.00,0.00
53948.46,10704.00,0.00,0.00
53948.46,10704.00,0.00,0.00
53948.46,10704.00,0.00,0.00
53948.46,10704.00,0.00,0.00
53948.46,10704.00,0.00,0.00
53948.46,10704.00,0.00,0.00
53948.46,10704.00,0.00,0.00
53948.46,10704.00,0.00,0.00
53948.46,10704.00,0.00,0.00
53948.46,10704.00,0.00,0.00
53948.46,10704.00,0.00,0.00
53948.46,10704.00,0.00,0.00
53948.46,10704.00,0.00,0.00
53948.46,10704.00,0.00,0.00
53948.46,10704.00,0.00,0.00
53948.46,10704.00,0.00,0.00
53948.46,10704.00,0.00,0.00
53948.46,10704.00,0.00,0.00
53948.46,10704.00,0.00,0.00
53948.46,10704.00,0.00,0.00
53948.46,10704.00,0.00,0.00
53948.46,10704.00,0.00,0.00
53948.46,10704.00,0.00,0.00
53948.46,10704.00,0.00,0.00
53948.46,10704.00,0.00,0.00
53948.46,10704.00,0.00,0.00
53948.46,10704.00,0.00,0.00
53948.46,10704.00,0.00,0.00
53948.46,10704.00,0.00,0.00
53948.46,10704.00,0.00,0.00
53948.46,10704.00,0.00,0.00
53948.46,10704.00,0.00,0.00
53948.46,10704.00,0.00,0.00
53948.46,10704.00,0.00,0.00
53948.46,10704.00,0.00,0.00
53948.46,10704.00,0.00,0.00
53948.46,10704.00,0.00,0.00
53948.46,10704.00,0.00,0.00
53948.46,10704.00,0.00,0.00
53948.46,10704.00,0.00,0.00
53948.46,10704.00,0.00,0.00
53948.46,10704.00,0.00,0.00
53948.46,10704.00,0.00,0.00
53948.46,10704.00,0.00,0.00
53948.46,10704.00,0.00,0.00
53948.46,10704.00,0.00,0.00
53948.46,10704.00,0.00,0.00
53948.46,10704.00,0.00,0.00
53948.46,10704.00,0.00,0.00
53948.46,10704.00,0.00,0.00
53948.46,10704.00,0.00,0.00
53948.46,10704.00,0.00,0.00
53948.46,10704.00,0.00,0.00
53948.46,10704.00,0.00,0.00
53948.46,10704.00,0.00,0.00
53948.46,10704.00,0.00,0.00
53948.46,10704.00,0.00,0.00
53948.46,10704.00,0.00,0.00
53948.46,10704.00,0.00,0.00
53948.46,10704.00,0.00,0.00
53948.46,10704.00,0.00,0.00
53948.46,10704.00,0.00,0.00
53948.46,10704.00,0.00,0.00
53948.46,10704.00,0.00,0.00
53948.46,10704.00,0.00,0.00
53948.46,10704.00,0.00,0.00
53948.46,10704.00,0.00,0.00
53948.46,10704.00,0.00,0.00
53948.46,10704.00,0.00,0.00
53948.46,10704.00,0.00,0.00
53948.46,10704.00,0.00,0.00
53948.46,10704.00,0.00,0.00
53948.46,10704.00,0.00,0.00
53948.46,10704.00,0.00,0.00
53948.46,10704.00,0.00,0.00
53948.46,10704.00,0.00,0.00
53948.46,10704.00,0.00,0.00
53948.46,10704.00,0.00,0.00
53948.46,10704.00,0.00,0.00
53948.46,10704.00,0.00,0.00
53948.46,10704.00,0.00,0.00
53948.46,10704.00,0.00,0.00
53948.46,10704.00,0.00,0.00
53948.46,10704.00,0.00,0.00
53948.46,10704.00,0.00,0.00
53948.46,10704.00,0.00,0.00
53948.46,10704.00,0.00,0.00
53948.46,10704.00,0.00,0.00
53948.46,10704.00,0.00,0.00
53948.46,10704.00,0.00,0.00
53948.46,10704.00,0.00,0.00
53948.46,10704.00,0.00,0.00
53948.46,10704.00,0.00,0.00
53948.46,10704.00,0.00,0.00
53948.46,10704.00,0.00,0.00
53948.46,10704.00,0.00,0.00
53948.46,10704.00,0.00,0.00
53948.46,10704.00,0.00,0.00
53948.46,10704.00,0.00,0.00
53948.46,10704.00,0.00,0.00
53948.46,10704.00,0.00,0.00
53948.46,10704.00,0.00,0.00
53948.46,10704.00,0.00,0.00
53948.46,10704.00,0.00,0.00
53948.46,10704.00,0.00,0.00
53948.46,10704.00,0.00,0.00
53948.46,10704.00,0.00,0.00
53948.46,10704.00,0.00,0.00
53948.46,10704.00,0.00,0.00
53948.46,10704.00,0.00,0.00
53948.46,10704.00,0.00,0.00
53948.46,10704.00,0.00,0.00
53948.46,10704.00,0.00,0.00
53948.46,10704.00,0.00,0.00
53948.46,10704.00,0.00,0.00
53948.46,10704.00,0.00,0.00
53948.46,10704.00,0.00,0.00
53948.46,10704.00,0.00,0.00
53948.46,10704.00,0.00,0.00
53948.46,10704.00,0.00,0.00
53948.46,10704.00,0.00,0.00
53948.46,10704.00,0.00,0.00
53948.46,10704.00,0.00,0.00
53948.46,10704.00,0.00,0.00
53948.46,10704.00,0.00,0.00
53948.46,10704.00,0.00,0.00
53948.46,10704.00,0.00,0.00
53948.46,10704.00,0.00,0.00
53948.46,10704.00,0.00,0.00
53948.46,10704.00,0.00,0.00
53948.46,10704.00,0.00,0.00
53948.46,10704.00,0.00,0.00
53948.46,10704.00,0.00,0.00
53948.46,10704.00,0.00,0.00
53948.46,10704.00,0.00,0.00
53948.54,10704.00,0.08,0.00
53948.70,10704.00,0.16,0.00
53948.94,10704.00,0.24,0.00
53949.26,10704.00,0.32,0.00
53949.66,10704.00,0.40,0.00
53950.14,10704.00,0.48,0.00
53950.70,10704.00,0.56,0.00
53951.34,10704.00,0.64,0.00
53952.05,10704.00,0.72,0.00
53952.86,10704.00,0.80,0.00
53953.73,10704.00,0.88,0.00
53954.70,10704.00,0.96,0.00
53955.73,10704.00,1.04,0.00
53956.86,10704.00,1.12,0.00
53958.05,10704.00,1.20,0.00
53959.34,10704.00,1.28,0.00
53960.70,10704.00,1.36,0.00
53962.14,10704.40,1.44,0.40
53963.66,10705.20,1.52,0.80
53965.08,10706.40,1.42,1.20
53966.40,10708.00,1.32,1.60
53967.62,10710.00,1.22,2.00
53968.74,10712.40,1.12,2.40
53969.76,10715.20,1.02,2.80
53970.68,10718.40,0.92,3.20
53971.50,10722.00,0.82,3.60
53972.40,10726.00,0.90,4.00
53973.38,10730.40,0.98,4.40
53974.44,10735.20,1.06,4.80
53975.58,10740.40,1.14,5.20
53976.80,10746.00,1.22,5.60
53978.10,10752.00,1.30,6.00
53979.48,10758.40,1.38,6.40
53980.76,10765.20,1.28,6.80
53981.94,10772.40,1.18,7.20
53983.02,10780.00,1.08,7.60
53984.00,10788.00,0.98,8.00
53984.88,10796.40,0.88,8.40
53985.66,10805.20,0.78,8.80
53986.34,10814.40,0.68,9.20
53986.91,10824.00,0.58,9.60
53987.39,10834.00,0.48,10.00
53987.77,10844.01,0.38,10.01
53988.05,10854.02,0.28,10.01
53988.23,10864.03,0.18,10.01
53988.31,10874.04,0.08,10.01
53988.31,10884.05,0.00,10.01
53988.31,10894.06,0.00,10.01
53988.31,10904.07,0.00,10.01
53988.31,10914.08,0.00,10.01
53988.27,10919.08,-0.08,10.01
53988.20,10921.59,-0.16,5.01
53988.07,10924.09,-0.24,5.01
53987.91,10926.60,-0.32,5.01
53987.71,10929.10,-0.40,5.01
53987.48,10931.61,-0.48,5.01
53987.20,10934.11,-0.56,5.01
53986.88,10936.62,-0.64,5.01
53986.52,10939.12,-0.72,5.01
53986.12,10941.63,-0.80,5.01
53985.68,10944.13,-0.88,5.01
53985.20,10946.64,-0.96,5.01
53984.68,10949.14,-1.04,5.01
53984.12,10952.00,-1.12,2.86
53983.61,10952.00,-1.02,0.00
53983.20,10952.00,-0.82,0.00
53982.89,10952.00,-0.62,0.00
53982.68,10952.00,-0.42,0.00
53982.57,10952.00,-0.22,0.00
53982.55,10952.00,-0.02,0.00
53982.55,10952.00,0.00,0.00
53982.59,10952.00,0.08,0.00
53982.67,10952.00,0.16,0.00
53982.79,10952.00,0.24,0.00
53982.95,10952.00,0.32,0.00
53983.15,10952.00,0.40,0.00
53983.39,10952.00,0.48,0.00
53983.67,10952.00,0.56,0.00
53983.99,10952.00,0.64,0.00
53984.35,10952.00,0.72,0.00
53984.75,10952.00,0.80,0.00
53985.19,10952.00,0.88,0.00
53985.67,10952.00,0.96,0.00
53986.19,10952.00,1.04,0.00
53986.75,10952.00,1.12,0.00
53987.35,10952.00,1.20,0.00
53987.99,10952.00,1.28,0.00
53988.67,10952.00,1.36,0.00
53989.39,10944.00,1.44,0.00
53990.15,10944.00,1.52,0.00
53990.95,10944.00,1.60,0.00
53991.79,10944.00,1.68,0.00
53992.67,10944.00,1.76,0.00
53993.59,10944.00,1.84,0.00
53994.55,10944.00,1.92,0.00
53995.55,10944.00,2.00,0.00
53996.59,10944.00,2.08,0.00
53997.67,10944.00,2.16,0.00
53998.79,10944.00,2.24,0.00
53999.95,10944.00,2.32,0.00
54001.15,10944.00,2.40,0.00
54002.39,10944.00,2.48,0.00
54003.67,10944.00,2.56,0.00
54004.99,10944.00,2.64,0.00
54006.35,10944.00,2.72,0.00
54007.75,10944.00,2.80,0.00
54009.19,10944.00,2.88,0.00
54010.67,10944.00,2.96,0.00
54012.19,10944.00,3.04,0.00
54013.61,10944.00,2.84,0.00
54015.07,10944.00,2.92,0.00
54016.57,10944.00,3.00,0.00
54018.11,10944.00,3.08,0.00
54019.55,10944.00,2.88,0.00
54021.04,10944.00,2.96,0.00
54022.55,10944.00,3.04,0.00
54023.98,10944.00,2.84,0.00
54025.44,10944.00,2.92,0.00
54026.94,10944.00,3.00,0.00
54028.48,10944.00,3.08,0.00
54029.92,10944.00,2.88,0.00
54031.40,10944.00,2.96,0.00
54032.92,10944.00,3.04,0.00
54034.34,10944.00,2.84,0.00
54035.80,10944.00,2.92,0.00
54037.30,10944.00,3.00,0.00
54038.84,10944.00,3.08,0.00
54040.28,10944.00,2.88,0.00
54041.76,10944.10,2.96,0.20
54043.28,10944.30,3.04,0.40
54044.75,10944.60,2.94,0.60
54046.26,10945.00,3.02,0.80
54047.72,10945.50,2.92,1.00
54049.22,10946.10,3.00,1.20
54050.76,10946.80,3.08,1.40
54052.25,10947.60,2.98,1.60
54053.78,10948.50,3.06,1.80
54055.26,10949.50,2.96,2.00
54056.78,10950.60,3.04,2.20
54058.25,10951.80,2.94,2.40
54059.76,10953.10,3.02,2.60
54061.22,10954.50,2.92,2.80
54062.72,10956.00,3.00,3.00
54064.26,10957.60,3.08,3.20
54065.75,10959.30,2.98,3.40
54067.28,10961.10,3.06,3.60
54068.76,10963.00,2.96,3.80
54070.28,10965.00,3.04,4.00
54071.75,10967.10,2.94,4.20
54073.17,10969.30,2.84,4.40
54074.54,10971.60,2.74,4.60
54075.86,10974.00,2.64,4.80
54077.13,10976.50,2.54,5.00
54078.35,10979.00,2.44,5.01
54079.52,10981.51,2.34,5.01
54080.64,10984.01,2.24,5.01
54081.71,10986.52,2.14,5.01
54082.73,10989.02,2.04,5.01
54083.70,10991.53,1.94,5.01
54084.62,10994.03,1.84,5.01
54085.50,10996.54,1.74,5.01
54086.32,10999.04,1.64,5.01
54087.09,11001.55,1.54,5.01
54087.80,11004.05,1.44,5.01
54088.48,11006.56,1.34,5.01
54089.10,11009.06,1.24,5.01
54089.67,11011.57,1.14,5.01
54090.19,11014.07,1.04,5.01
54090.66,11016.58,0.94,5.01
54091.08,11019.08,0.84,5.01
54091.45,11021.59,0.74,5.01
54091.77,11024.09,0.64,5.01
54092.04,11026.60,0.54,5.01
54092.26,11029.10,0.44,5.01
54092.43,11031.61,0.34,5.01
54092.55,11034.11,0.24,5.01
54092.62,11036.62,0.14,5.01
54092.64,11039.12,0.04,5.01
54092.64,11041.63,0.00,5.01
54092.64,11044.13,0.00,5.01
54092.64,11046.64,0.00,5.01
54092.64,11049.14,0.00,5.01
54092.64,11051.65,0.00,5.01
54092.64,11054.15,0.00,5.01
54092.64,11056.66,0.00,5.01
54092.64,11059.16,0.00,5.01
54092.64,11061.67,0.00,5.01
54092.64,11064.17,0.00,5.01
54092.64,11066.68,0.00,5.01
54092.64,11069.18,0.00,5.01
54092.64,11071.69,0.00,5.01
54092.64,11074.19,0.00,5.01
54092.64,11076.70,0.00,5.01
54092.64,11079.20,0.00,5.01
54092.64,11081.71,0.00,5.01
54092.64,11084.21,0.00,5.01
54092.64,11086.71,0.00,5.01
54092.64,11089.22,0.00,5.01
54092.64,11091.72,0.00,5.01
54092.64,11094.23,0.00,5.01
54092.64,11096.73,0.00,5.01
54092.64,11099.24,0.00,5.01
54092.64,11104.00,0.00,4.76
54092.64,11104.00,0.00,0.00
54092.64,11104.00,0.00,0.00
54092.64,11104.00,0.00,0.00
54092.64,11104.00,0.00,0.00
54092.64,11104.00,0.00,0.00
54092.60,11104.00,-0.08,0.00
54092.52,11104.00,-0.16,0.00
54092.40,11104.00,-0.24,0.00
54092.24,11104.00,-0.32,0.00
54092.04,11104.00,-0.40,0.00
54091.80,11104.00,-0.48,0.00
54091.52,11104.00,-0.56,0.00
54091.20,11104.00,-0.64,0.00
54090.84,11104.00,-0.72,0.00
54090.45,11104.00,-0.80,0.00
54090.00,11104.00,-0.88,0.00
54089.52,11104.00,-0.96,0.00
54089.00,11104.00,-1.04,0.00
54088.45,11104.00,-1.12,0.00
54087.84,11104.00,-1.20,0.00
54087.20,11104.00,-1.28,0.00
54086.52,11101.09,-1.36,-5.81
54085.80,11098.19,-1.44,-5.81
54085.04,11095.28,-1.52,-5.81
54084.24,11092.38,-1.60,-5.81
54083.40,11089.47,-1.68,-5.81
54082.52,11086.57,-1.76,-5.81
54081.60,11083.66,-1.84,-5.81
54080.64,11080.76,-1.92,-5.81
54079.64,11077.85,-2.00,-5.81
54078.60,11074.95,-2.08,-5.81
54077.52,11072.04,-2.16,-5.81
54076.40,11069.14,-2.24,-5.81
54075.24,11066.23,-2.32,-5.81
54074.04,11063.33,-2.40,-5.81
54072.80,11060.42,-2.48,-5.81
54071.52,11057.52,-2.56,-5.81
54070.20,11054.61,-2.64,-5.81
54068.84,11051.71,-2.72,-5.81
54067.45,11048.80,-2.80,-5.81
54066.00,11045.89,-2.88,-5.81
54064.61,11042.99,-2.78,-5.81
54063.27,11040.08,-2.68,-5.81
54061.98,11037.18,-2.58,-5.81
54060.75,11034.27,-2.48,-5.81
54059.55,11031.37,-2.38,-5.81
54058.41,11028.46,-2.28,-5.81
54057.32,11025.66,-2.18,-5.61
54056.29,11022.95,-2.08,-5.41
54055.30,11020.35,-1.98,-5.21
54054.27,11017.84,-2.06,-5.01
54053.20,11015.44,-2.14,-4.81
54052.09,11013.13,-2.22,-4.61
54050.94,11010.93,-2.30,-4.41
54049.75,11008.82,-2.38,-4.21
54048.52,11006.82,-2.46,-4.01
54047.25,11004.91,-2.54,-3.81
54045.94,11002.01,-2.62,-5.81
54044.59,10999.10,-2.70,-5.81
54042.00,10996.20,-2.59,-5.81
54042.00,10993.29,0.00,-5.81
54042.00,10990.39,0.00,-5.81
54042.00,10987.48,0.00,-5.81
54042.00,10984.58,0.00,-5.81
54042.00,10981.67,0.00,-5.81
54042.00,10978.76,0.00,-5.81
54042.00,10975.86,0.00,-5.81
54042.00,10972.95,0.00,-5.81
54042.00,10970.05,0.00,-5.81
54042.00,10967.14,0.00,-5.81
54042.00,10964.24,0.00,-5.81
54042.00,10961.33,0.00,-5.81
54042.00,10958.43,0.00,-5.81
54042.00,10955.52,0.00,-5.81
54042.00,10952.72,0.00,-5.61
54042.00,10950.01,0.00,-5.41
54042.00,10947.41,0.00,-5.21
54041.96,10944.90,-0.08,-5.01
54041.88,10942.50,-0.16,-4.81
54041.76,10940.19,-0.24,-4.61
54041.60,10937.99,-0.32,-4.41
54041.40,10935.88,-0.40,-4.21
54041.16,10933.88,-0.48,-4.01
54040.88,10931.97,-0.56,-3.81
54040.56,10930.17,-0.64,-3.61
54040.20,10928.46,-0.72,-3.41
54039.80,10926.86,-0.80,-3.21
54039.36,10925.35,-0.88,-3.01
54038.88,10923.95,-0.96,-2.81
54038.36,10922.64,-1.04,-2.61
54037.80,10921.44,-1.12,-2.41
54037.20,10920.33,-1.20,-2.21
54036.56,10919.33,-1.28,-2.01
54035.88,10918.42,-1.36,-1.81
54035.16,10917.62,-1.44,-1.61
54034.40,10916.91,-1.52,-1.41
54033.60,10916.31,-1.60,-1.21
54032.76,10915.80,-1.68,-1.01
54031.88,10915.40,-1.76,-0.81
54031.05,10915.09,-1.66,-0.61
54030.27,10914.89,-1.56,-0.41
54029.54,10914.78,-1.46,-0.21
54028.86,10914.78,-1.36,-0.01
54028.23,10914.87,-1.26,0.19
54027.66,10915.07,-1.16,0.39
54027.12,10915.36,-1.06,0.59
54026.64,10915.75,-0.96,0.79
54026.21,10916.25,-0.86,0.99
54025.84,10916.84,-0.76,1.19
54025.51,10917.54,-0.66,1.39
54025.23,10918.33,-0.56,1.59
54025.00,10919.23,-0.46,1.79
54024.82,10920.22,-0.36,1.99
54024.69,10921.32,-0.26,2.19
54024.61,10922.51,-0.16,2.39
54024.58,10923.81,-0.06,2.59
54024.58,10925.20,0.00,2.79
54024.58,10926.70,0.00,2.99
54024.62,10928.29,0.08,3.19
54024.70,10929.99,0.16,3.39
54024.82,10931.78,0.24,3.59
54024.98,10933.68,0.32,3.79
54025.18,10935.67,0.40,3.99
54025.41,10937.77,0.48,4.19
54025.70,10939.96,0.56,4.39
54026.02,10944.00,0.64,4.04
54026.20,10944.00,0.36,0.00
54026.23,10944.00,0.08,0.00
54026.23,10944.00,-0.00,0.00
54026.20,10944.00,-0.08,0.00
54026.12,10944.00,-0.16,0.00
54026.00,10944.00,-0.24,0.00
54025.84,10944.00,-0.32,0.00
54025.64,10944.00,-0.40,0.00
54025.40,10944.00,-0.48,0.00
54025.12,10944.00,-0.56,0.00
54024.80,10944.00,-0.64,0.00
54024.44,10944.00,-0.72,0.00
54024.04,10944.00,-0.80,0.00
54023.60,10944.00,-0.88,0.00
54023.12,10944.00,-0.96,0.00
54022.60,10944.00,-1.04,0.00
54022.04,10944.00,-1.12,0.00
54021.44,10944.00,-1.20,0.00
54020.80,10944.00,-1.28,0.00
54020.12,10944.00,-1.36,0.00
54019.40,10941.09,-1.44,-5.81
54018.64,10938.19,-1.52,-5.81
54017.84,10935.28,-1.60,-5.81
54017.00,10932.38,-1.68,-5.81
54016.12,10929.47,-1.76,-5.81
54015.20,10926.57,-1.84,-5.81
54014.23,10923.66,-1.92,-5.81
54013.23,10920.76,-2.00,-5.81
54012.20,10917.85,-2.08,-5.81
54011.12,10914.95,-2.16,-5.81
54010.00,10912.04,-2.24,-5.81
54008.84,10909.14,-2.32,-5.81
54006.44,10903.33,-2.40,-5.81
54003.96,10898.72,-2.48,-4.61
54001.40,10894.11,-2.56,-4.61
53998.76,10889.50,-2.64,-4.61
53996.04,10884.89,-2.72,-4.61
53993.24,10880.28,-2.80,-4.61
53990.36,10875.67,-2.88,-4.61
53987.40,10871.46,-2.96,-4.21
53984.36,10867.65,-3.04,-3.81
53981.42,10864.24,-2.94,-3.41
53978.40,10861.23,-3.02,-3.01
53975.48,10858.62,-2.92,-2.61
53972.48,10856.41,-3.00,-2.21
53969.40,10854.60,-3.08,-1.81
53966.42,10853.19,-2.98,-1.41
53963.36,10852.18,-3.06,-1.01
53960.40,10851.57,-2.96,-0.61
53957.36,10851.36,-3.04,-0.21
53954.42,10851.55,-2.94,0.19
53951.40,10852.14,-3.02,0.59
53948.48,10853.13,-2.92,0.99
53945.48,10854.52,-3.00,1.39
53942.40,10856.31,-3.08,1.79
53939.42,10858.50,-2.98,2.19
53936.36,10861.09,-3.06,2.59
53933.40,10864.08,-2.96,2.99
53930.36,10867.47,-3.04,3.39
53927.42,10862.86,-2.94,-4.61
53924.40,10858.25,-3.02,-4.61
53921.48,10853.63,-2.92,-4.61
53918.48,10849.02,-3.00,-4.61
53915.40,10844.41,-3.08,-4.61
53912.42,10839.80,-2.98,-4.61
53909.36,10835.19,-3.06,-4.61
53906.40,10830.58,-2.96,-4.61
53903.36,10825.97,-3.04,-4.61
53900.42,10821.76,-2.94,-4.21
53897.40,10817.95,-3.02,-3.81
53894.48,10814.54,-2.92,-3.41
53891.66,10811.53,-2.82,-3.01
53888.94,10808.92,-2.72,-2.61
53886.32,10806.71,-2.62,-2.21
53883.80,10804.90,-2.52,-1.81
53881.38,10803.49,-2.42,-1.41
53879.05,10802.48,-2.32,-1.01
53876.84,10801.87,-2.22,-0.61
53874.71,10801.66,-2.12,-0.21
53872.70,10801.85,-2.02,0.19
53870.77,10802.44,-1.92,0.59
53868.95,10803.43,-1.82,0.99
53867.23,10804.82,-1.72,1.39
53865.61,10806.61,-1.62,1.79
53864.09,10808.80,-1.52,2.19
53862.67,10811.39,-1.42,2.59
53861.35,10814.38,-1.32,2.99
53860.13,10817.77,-1.22,3.39
53859.01,10821.56,-1.12,3.79
53857.99,10824.00,-1.02,2.44
53857.07,10824.00,-0.92,0.00
53856.35,10824.00,-0.72,0.00
53855.83,10824.00,-0.52,0.00
53855.51,10824.00,-0.32,0.00
53855.39,10824.00,-0.12,0.00
53855.39,10824.00,0.00,0.00
53855.39,10824.00,0.00,0.00
53855.39,10824.00,0.00,0.00
53855.39,10824.00,0.00,0.00
53855.39,10824.00,0.00,0.00
53855.39,10824.00,0.00,0.00
53855.39,10824.00,0.00,0.00
53855.39,10824.00,0.00,0.00
53855.39,10824.00,0.00,0.00
53855.39,10824.00,0.00,0.00
53855.39,10824.00,0.00,0.00
53855.39,10824.00,0.00,0.00
53855.39,10824.00,0.00,0.00
53855.39,10824.00,0.00,0.00
53855.39,10824.00,0.00,0.00
53855.39,10824.00,0.00,0.00
53855.39,10824.00,0.00,0.00
53855.39,10824.00,0.00,0.00
53855.39,10824.00,0.00,0.00
53855.39,10824.00,0.00,0.00
53855.39,10824.00,0.00,0.00
53855.39,10824.00,0.00,0.00
53855.39,10824.00,0.00,0.00
53855.39,10824.00,0.00,0.00
53855.39,10824.00,0.00,0.00
53855.39,10824.00,0.00,0.00
53855.39,10824.00,0.00,0.00
53855.39,10824.00,0.00,0.00
53855.39,10824.00,0.00,0.00
53855.39,10824.00,0.00,0.00
53855.39,10824.00,0.00,0.00
53855.39,10824.00,0.00,0.00
53855.39,10824.00,0.00,0.00
53855.47,10824.00,0.08,0.00
53855.63,10824.00,0.16,0.00
53855.87,10824.00,0.24,0.00
53856.19,10824.00,0.32,0.00
53856.59,10824.00,0.40,0.00
53857.07,10824.00,0.48,0.00
53857.62,10824.00,0.56,0.00
53858.27,10824.00,0.64,0.00
53858.98,10824.00,0.72,0.00
53859.79,10824.00,0.80,0.00
53860.66,10824.00,0.88,0.00
53861.62,10824.00,0.96,0.00
53862.66,10824.00,1.04,0.00
53863.79,10824.00,1.12,0.00
53864.98,10824.00,1.20,0.00
53866.27,10824.00,1.28,0.00
53867.62,10824.00,1.36,0.00
53869.07,10824.00,1.44,0.00
53870.59,10824.00,1.52,0.00
53872.19,10824.00,1.60,0.00
53873.87,10824.00,1.68,0.00
53875.63,10824.00,1.76,0.00
53877.47,10824.00,1.84,0.00
53879.39,10824.00,1.92,0.00
53881.39,10824.00,2.00,0.00
53883.47,10824.40,2.08,0.40
53885.63,10825.20,2.16,0.80
53887.87,10826.40,2.24,1.20
53890.19,10828.00,2.32,1.60
53892.59,10830.00,2.40,2.00
53895.07,10832.40,2.48,2.40
53897.62,10835.20,2.56,2.80
53900.27,10838.40,2.64,3.20
53902.98,10842.00,2.72,3.60
53905.79,10846.00,2.80,4.00
53908.66,10850.40,2.88,4.40
53911.62,10855.20,2.96,4.80
53914.66,10860.40,3.04,5.20
53917.61,10866.00,2.94,5.60
53920.62,10872.00,3.02,6.00
53923.55,10878.40,2.92,6.40
53926.55,10885.20,3.00,6.80
53929.62,10892.40,3.08,7.20
53932.61,10900.00,2.98,7.60
53935.66,10908.00,3.06,8.00
53938.62,10916.40,2.96,8.40
53940.14,10920.80,3.04,8.80
53941.61,10923.31,2.94,5.01
53943.12,10925.81,3.02,5.01
53944.59,10928.32,2.92,5.01
53946.09,10930.82,3.00,5.01
53947.62,10933.33,3.08,5.01
53949.11,10935.83,2.98,5.01
53950.64,10938.33,3.06,5.01
53952.12,10940.84,2.96,5.01
53953.64,10943.34,3.04,5.01
53955.11,10945.85,2.94,5.01
53956.62,10948.35,3.02,5.01
53958.09,10950.86,2.92,5.01
53959.59,10953.36,3.00,5.01
53961.12,10955.87,3.08,5.01
53962.61,10960.00,2.98,4.13
53964.14,10960.00,3.06,0.00
53965.57,10960.00,2.86,0.00
53967.04,10960.00,2.94,0.00
53968.55,10960.00,3.02,0.00
53969.96,10960.00,2.82,0.00
53971.41,10960.00,2.90,0.00
53972.90,10952.00,2.98,0.00
53974.43,10952.00,3.06,0.00
53975.86,10952.00,2.86,0.00
53977.33,10952.00,2.94,0.00
53978.84,10952.00,3.02,0.00
53980.25,10952.00,2.82,0.00
53981.70,10952.00,2.90,0.00
53983.19,10952.00,2.98,0.00
53984.72,10952.00,3.06,0.00
53986.15,10952.00,2.86,0.00
53987.62,10952.00,2.94,0.00
53989.13,10944.00,3.02,0.00
53990.54,10944.00,2.82,0.00
53991.99,10944.00,2.90,0.00
53993.48,10944.00,2.98,0.00
53995.01,10944.00,3.06,0.00
53996.44,10944.00,2.86,0.00
53997.91,10944.00,2.94,0.00
53999.42,10941.09,3.02,-5.81
54000.88,10938.19,2.92,-5.81
54002.38,10935.28,3.00,-5.81
54003.92,10932.38,3.08,-5.81
54005.41,10929.47,2.98,-5.81
54006.94,10926.57,3.06,-5.81
54008.42,10923.66,2.96,-5.81
54009.94,10920.76,3.04,-5.81
54011.41,10917.85,2.94,-5.81
54012.92,10914.95,3.02,-5.81
54014.38,10912.04,2.92,-5.81
54015.88,10909.14,3.00,-5.81
54018.96,10903.33,3.08,-5.81
54021.94,10898.72,2.98,-4.61
54025.00,10894.11,3.06,-4.61
54027.96,10889.50,2.96,-4.61
54031.00,10884.89,3.04,-4.61
54033.94,10880.68,2.94,-4.21
54036.96,10876.87,3.02,-3.81
54039.88,10873.46,2.92,-3.41
54042.88,10870.45,3.00,-3.01
54045.96,10867.84,3.08,-2.61
54048.94,10865.63,2.98,-2.21
54052.00,10863.82,3.06,-1.81
54054.96,10862.41,2.96,-1.41
54058.00,10861.40,3.04,-1.01
54060.94,10860.79,2.94,-0.61
54063.96,10860.58,3.02,-0.21
54066.88,10860.77,2.92,0.19
54069.88,10861.36,3.00,0.59
54072.96,10862.35,3.08,0.99
54075.94,10863.74,2.98,1.39
54079.00,10865.53,3.06,1.79
54081.96,10867.72,2.96,2.19
54085.00,10870.31,3.04,2.59
54087.94,10873.30,2.94,2.99
54090.96,10876.69,3.02,3.39
54093.88,10880.48,2.92,3.79
54096.88,10884.67,3.00,4.19
54099.96,10889.26,3.08,4.59
54102.94,10894.25,2.98,4.99
54106.00,10899.64,3.06,5.39
54108.96,10905.43,2.96,5.79
54112.00,10911.62,3.04,6.19
54113.47,10914.91,2.94,6.59
54114.98,10917.42,3.02,5.01
54116.44,10919.92,2.92,5.01
54117.94,10917.02,3.00,-5.81
54119.48,10914.11,3.08,-5.81
54120.97,10911.21,2.98,-5.81
54122.50,10908.30,3.06,-5.81
54125.46,10902.49,2.96,-5.81
54128.50,10897.88,3.04,-4.61
54131.44,10893.27,2.94,-4.61
54134.46,10888.66,3.02,-4.61
54137.38,10884.05,2.92,-4.61
54140.38,10879.84,3.00,-4.21
54143.46,10876.03,3.08,-3.81
54146.44,10872.62,2.98,-3.41
54149.50,10869.61,3.06,-3.01
54152.46,10867.00,2.96,-2.61
54155.50,10864.79,3.04,-2.21
54158.44,10862.98,2.94,-1.81
54161.46,10861.57,3.02,-1.41
54164.38,10860.56,2.92,-1.01
54167.38,10859.95,3.00,-0.61
54170.46,10859.74,3.08,-0.21
54173.44,10859.93,2.98,0.19
54176.50,10860.52,3.06,0.59
54179.46,10861.51,2.96,0.99
54182.00,10862.90,2.54,1.39
54182.00,10864.69,0.00,1.79
54182.00,10866.88,0.00,2.19
54182.00,10869.47,0.00,2.59
54182.00,10872.46,0.00,2.99
54182.00,10875.85,0.00,3.39
54182.00,10879.64,0.00,3.79
54182.00,10883.83,0.00,4.19
54182.00,10888.42,0.00,4.59
54182.08,10893.41,0.08,4.99
54182.24,10896.00,0.16,2.59
54182.48,10896.00,0.24,0.00
54182.80,10896.00,0.32,0.00
54183.20,10896.00,0.40,0.00
54183.68,10896.00,0.48,0.00
54184.23,10896.00,0.56,0.00
54184.88,10896.00,0.64,0.00
54185.59,10896.00,0.72,0.00
54186.39,10896.00,0.80,0.00
54187.27,10896.00,0.88,0.00
54188.23,10896.00,0.96,0.00
54189.27,10896.00,1.04,0.00
54190.39,10896.00,1.12,0.00
54191.59,10896.00,1.20,0.00
54192.88,10896.00,1.28,0.00
54194.23,10896.00,1.36,0.00
54195.68,10896.00,1.44,0.00
54197.20,10896.00,1.52,0.00
54198.00,10896.00,0.80,0.00
54198.00,10896.00,0.00,0.00
54198.00,10896.00,0.00,0.00
54198.00,10896.00,0.00,0.00
54198.00,10896.00,0.00,0.00
54198.00,10896.00,0.00,0.00
54198.00,10896.00,0.00,0.00
54198.00,10896.00,0.00,0.00
54198.00,10896.00,0.00,0.00
54198.00,10896.00,0.00,0.00
54198.00,10896.00,0.00,0.00
54198.00,10896.00,0.00,0.00
54198.00,10896.00,0.00,0.00
54198.00,10896.00,0.00,0.00
54198.00,10896.00,0.00,0.00
54198.00,10896.00,0.00,0.00
54198.00,10896.00,0.00,0.00
54198.00,10896.00,0.00,0.00
54198.00,10896.00,0.00,0.00
54198.00,10896.00,0.00,0.00
54198.00,10896.00,0.00,0.00
54198.00,10896.00,0.00,0.00
54198.00,10896.00,0.00,0.00
54198.00,10896.00,0.00,0.00
54198.00,10896.00,0.00,0.00
54198.00,10896.00,0.00,0.00
54198.00,10896.00,0.00,0.00
54198.00,10896.00,0.00,0.00
54198.00,10896.00,0.00,0.00
54198.00,10896.00,0.00,0.00
54198.00,10896.00,0.00,0.00
54198.00,10896.00,0.00,0.00
54198.00,10896.00,0.00,0.00
54198.00,10896.00,0.00,0.00
54198.00,10896.00,0.00,0.00
54198.00,10896.00,0.00,0.00
54198.00,10896.00,0.00,0.00
54198.00,10896.00,0.00,0.00
54198.00,10896.00,0.00,0.00
54198.00,10896.00,0.00,0.00
54198.00,10896.00,0.00,0.00
54198.00,10896.00,0.00,0.00
54198.00,10896.00,0.00,0.00
54198.00,10896.00,0.00,0.00
54198.00,10896.00,0.00,0.00
54198.00,10896.00,0.00,0.00
54198.00,10896.00,0.00,0.00
54198.00,10896.00,0.00,0.00
54198.00,10896.00,0.00,0.00
54198.00,10896.00,0.00,0.00
54198.00,10896.00,0.00,0.00
54198.00,10896.00,0.00,0.00
54198.00,10896.00,0.00,0.00
54198.00,10896.00,0.00,0.00
54198.00,10896.00,0.00,0.00
54198.00,10896.00,0.00,0.00
54198.00,10896.00,0.00,0.00
54198.00,10896.00,0.00,0.00
54198.00,10896.00,0.00,0.00
54198.00,10896.00,0.00,0.00
54198.00,10896.00,0.00,0.00
54198.00,10896.00,0.00,0.00
54198.00,10896.00,0.00,0.00
54198.00,10896.00,0.00,0.00
54198.00,10896.00,0.00,0.00
54198.00,10896.00,0.00,0.00
54198.00,10896.00,0.00,0.00
54198.00,10896.00,0.00,0.00
54198.00,10896.00,0.00,0.00
54198.00,10896.00,0.00,0.00
54198.00,10896.00,0.00,0.00
54198.00,10896.00,0.00,0.00
54198.00,10896.00,0.00,0.00
54198.00,10896.00,0.00,0.00
54198.00,10896.00,0.00,0.00
54198.00,10896.00,0.00,0.00
54198.00,10896.00,0.00,0.00
54198.00,10896.00,0.00,0.00
54198.00,10896.00,0.00,0.00
54198.00,10896.00,0.00,0.00
54198.00,10896.00,0.00,0.00
54198.00,10896.00,0.00,0.00
54198.00,10896.00,0.00,0.00
54198.00,10896.00,0.00,0.00
54198.00,10896.00,0.00,0.00
54198.00,10896.00,0.00,0.00
54198.00,10896.00,0.00,0.00
54198.00,10896.00,0.00,0.00
54198.00,10896.00,0.00,0.00
54198.00,10896.00,0.00,0.00
54198.00,10896.00,0.00,0.00
54198.00,10896.00,0.00,0.00
54198.00,10896.00,0.00,0.00
54198.00,10896.00,0.00,0.00
54198.00,10896.00,0.00,0.00
54198.00,10896.00,0.00,0.00
54198.00,10896.00,0.00,0.00
54198.00,10896.00,0.00,0.00
54198.00,10896.00,0.00,0.00
54198.00,10896.00,0.00,0.00
54198.00,10896.00,0.00,0.00
54198.00,10896.00,0.00,0.00
54198.00,10896.00,0.00,0.00
54198.00,10896.00,0.00,0.00
54198.00,10896.00,0.00,0.00
54198.00,10896.00,0.00,0.00
54198.00,10896.00,0.00,0.00
54198.00,10896.00,0.00,0.00
54198.00,10896.00,0.00,0.00
54198.00,10896.00,0.00,0.00
54198.00,10896.00,0.00,0.00
54198.00,10896.00,0.00,0.00
54198.00,10896.00,0.00,0.00
54198.00,10896.00,0.00,0.00
54198.00,10896.00,0.00,0.00
54198.00,10896.00,0.00,0.00
54198.00,10896.00,0.00,0.00
54198.00,10896.00,0.00,0.00
54198.00,10896.00,0.00,0.00
54198.00,10896.00,0.00,0.00
54198.00,10896.00,0.00,0.00
54198.00,10896.00,0.00,0.00
54198.00,10896.00,0.00,0.00
54198.00,10896.00,0.00,0.00
54198.00,10896.00,0.00,0.00
54198.00,10896.00,0.00,0.00
54198.00,10896.00,0.00,0.00
54198.00,10896.00,0.00,0.00
54198.00,10896.00,0.00,0.00
54198.00,10896.00,0.00,0.00
54198.00,10896.00,0.00,0.00
54198.00,10896.00,0.00,0.00
54198.00,10896.00,0.00,0.00
54198.00,10896.00,0.00,0.00
54198.00,10896.00,0.00,0.00
54198.00,10896.00,0.00,0.00
54198.00,10896.00,0.00,0.00
54198.00,10896.00,0.00,0.00
54198.00,10896.00,0.00,0.00
54198.00,10896.00,0.00,0.00
54198.00,10896.00,0.00,0.00
54198.00,10896.00,0.00,0.00
54198.00,10896.00,0.00,0.00
54198.00,10896.00,0.00,0.00
54198.00,10896.00,0.00,0.00
54198.00,10896.00,0.00,0.00
54198.00,10896.00,0.00,0.00
54198.00,10896.00,0.00,0.00
54198.00,10896.00,0.00,0.00
54198.00,10896.00,0.00,0.00
54198.00,10896.00,0.00,0.00
54198.00,10896.00,0.00,0.00
54198.00,10896.00,0.00,0.00
54198.00,10896.00,0.00,0.00
54198.00,10896.00,0.00,0.00
54198.00,10896.00,0.00,0.00
54198.00,10896.00,0.00,0.00
54198.00,10896.00,0.00,0.00
54198.00,10896.00,0.00,0.00
54198.00,10896.00,0.00,0.00
54198.00,10896.00,0.00,0.00
54198.00,10896.00,0.00,0.00
54198.00,10896.00,0.00,0.00
54198.00,10896.00,0.00,0.00
54198.00,10896.00,0.00,0.00
54198.00,10896.00,0.00,0.00
54198.00,10896.00,0.00,0.00
54198.00,10896.00,0.00,0.00
54198.00,10896.00,0.00,0.00
54198.00,10896.00,0.00,0.00
54198.00,10896.00,0.00,0.00
54198.00,10896.00,0.00,0.00
54198.00,10896.00,0.00,0.00
54198.00,10896.00,0.00,0.00
54198.00,10896.00,0.00,0.00
54198.00,10896.00,0.00,0.00
54198.00,10896.00,0.00,0.00
54198.00,10896.00,0.00,0.00
54198.00,10896.00,0.00,0.00
54198.00,10896.00,0.00,0.00
54198.00,10896.00,0.00,0.00
54198.00,10896.00,0.00,0.00
54198.00,10896.00,0.00,0.00
54198.00,10896.00,0.00,0.00
54198.00,10896.00,0.00,0.00
54198.00,10896.00,0.00,0.00
54198.00,10896.00,0.00,0.00
54198.00,10896.00,0.00,0.00
54198.00,10896.00,0.00,0.00
54198.08,10896.00,0.08,0.00
54198.24,10896.00,0.16,0.00
54198.48,10896.00,0.24,0.00
54198.80,10896.00,0.32,0.00
54199.20,10896.00,0.40,0.00
54199.68,10896.00,0.48,0.00
54200.23,10896.00,0.56,0.00
54200.88,10896.00,0.64,0.00
54201.59,10896.00,0.72,0.00
54202.39,10896.00,0.80,0.00
54203.27,10896.00,0.88,0.00
54204.23,10896.00,0.96,0.00
54205.27,10896.00,1.04,0.00
54206.39,10896.00,1.12,0.00
54207.32,10896.00,0.92,0.00
54208.04,10896.00,0.72,0.00
54208.55,10896.00,0.52,0.00
54208.88,10896.00,0.32,0.00
54209.00,10896.00,0.12,0.00
54209.00,10896.00,0.00,0.00
54209.00,10896.00,0.00,0.00
54209.00,10896.00,0.00,0.00
54209.00,10896.00,0.00,0.00
54209.00,10896.00,0.00,0.00
54209.00,10896.00,0.00,0.00
54209.00,10896.00,0.00,0.00
54209.00,10896.00,0.00,0.00
54209.00,10896.00,0.00,0.00
54209.00,10896.00,0.00,0.00
54209.00,10896.00,0.00,0.00
54209.00,10896.00,0.00,0.00
54209.00,10896.00,0.00,0.00
54209.00,10896.00,0.00,0.00
54209.00,10896.00,0.00,0.00
54209.00,10896.00,0.00,0.00
54209.00,10896.00,0.00,0.00
54209.00,10896.00,0.00,0.00
54209.00,10896.00,0.00,0.00
54209.00,10896.00,0.00,0.00
54209.00,10896.00,0.00,0.00
54209.00,10896.00,0.00,0.00
54209.00,10896.00,0.00,0.00
54209.00,10896.00,0.00,0.00
54209.00,10896.00,0.00,0.00
54209.00,10896.00,0.00,0.00
54209.00,10896.00,0.00,0.00
54209.00,10896.00,0.00,0.00
54209.00,10896.00,0.00,0.00
54209.00,10896.00,0.00,0.00
54209.00,10896.00,0.00,0.00
54209.00,10896.00,0.00,0.00
54209.00,10896.00,0.00,0.00
54209.00,10896.00,0.00,0.00
54209.00,10896.00,0.00,0.00
54209.00,10896.00,0.00,0.00
54209.00,10896.00,0.00,0.00
54209.00,10896.00,0.00,0.00
54209.00,10896.00,0.00,0.00
54209.00,10896.00,0.00,0.00
54209.00,10896.00,0.00,0.00
54209.00,10896.00,0.00,0.00
54209.00,10896.00,0.00,0.00
54209.00,10896.00,0.00,0.00
54209.00,10896.00,0.00,0.00
54209.00,10896.00,0.00,0.00
54209.00,10896.00,0.00,0.00
54209.00,10896.00,0.00,0.00
54209.00,10896.00,0.00,0.00
54209.00,10896.00,0.00,0.00
54209.00,10896.00,0.00,0.00
54209.00,10896.00,0.00,0.00
54209.00,10896.00,0.00,0.00
54209.00,10896.00,0.00,0.00
54209.00,10896.00,0.00,0.00
54209.00,10896.00,0.00,0.00
54209.00,10896.00,0.00,0.00
54209.00,10896.00,0.00,0.00
54209.00,10896.00,0.00,0.00
54209.00,10896.00,0.00,0.00
54209.00,10896.00,0.00,0.00
54209.00,10896.00,0.00,0.00
54209.00,10896.00,0.00,0.00
54209.00,10896.00,0.00,0.00
54209.00,10896.00,0.00,0.00
54209.00,10896.00,0.00,0.00
54209.00,10896.00,0.00,0.00
54209.00,10896.00,0.00,0.00
54209.00,10896.00,0.00,0.00
54209.00,10896.00,0.00,0.00
54209.00,10896.00,0.00,0.00
54209.00,10896.00,0.00,0.00
54209.00,10896.00,0.00,0.00
54209.00,10896.00,0.00,0.00
54209.00,10896.00,0.00,0.00
54209.00,10896.00,0.00,0.00
54209.00,10896.00,0.00,0.00
54209.00,10896.00,0.00,0.00
54209.00,10896.00,0.00,0.00
54209.00,10896.00,0.00,0.00
54209.00,10896.00,0.00,0.00
54209.00,10896.00,0.00,0.00
54209.00,10896.00,0.00,0.00
54209.00,10896.00,0.00,0.00
54209.00,10896.00,0.00,0.00
54209.00,10896.00,0.00,0.00
54209.00,10896.00,0.00,0.00
54209.00,10896.00,0.00,0.00
54209.00,10896.00,0.00,0.00
54209.00,10896.00,0.00,0.00
54209.00,10896.00,0.00,0.00
54209.00,10896.00,0.00,0.00
54209.00,10896.00,0.00,0.00
54209.00,10896.00,0.00,0.00
54209.00,10896.00,0.00,0.00
54209.00,10896.00,0.00,0.00
54209.00,10896.00,0.00,0.00
54209.00,10896.00,0.00,0.00
54209.00,10896.00,0.00,0.00
54209.00,10896.00,0.00,0.00
54209.00,10896.00,0.00,0.00
54209.00,10896.00,0.00,0.00
54209.00,10896.00,0.00,0.00
54209.00,10896.00,0.00,0.00
54209.00,10896.00,0.00,0.00
54209.00,10896.00,0.00,0.00
54209.00,10896.00,0.00,0.00
54209.00,10896.00,0.00,0.00
54209.00,10896.00,0.00,0.00
54209.00,10896.00,0.00,0.00
54209.00,10896.00,0.00,0.00
54209.00,10896.00,0.00,0.00
54209.00,10896.00,0.00,0.00
54209.00,10896.00,0.00,0.00
54209.00,10896.00,0.00,0.00
54209.00,10896.00,0.00,0.00
54209.00,10896.00,0.00,0.00
54209.00,10896.00,0.00,0.00
54209.00,10896.00,0.00,0.00
54209.00,10896.00,0.00,0.00
54209.00,10896.00,0.00,0.00
54209.00,10896.00,0.00,0.00
54209.00,10896.00,0.00,0.00
54209.00,10896.00,0.00,0.00
54209.00,10896.00,0.00,0.00
54209.00,10896.00,0.00,0.00
54209.00,10896.00,0.00,0.00
54209.00,10896.00,0.00,0.00
54209.00,10896.00,0.00,0.00
54209.00,10896.00,0.00,0.00
54209.00,10896.00,0.00,0.00
54209.00,10896.00,0.00,0.00
54209.00,10896.00,0.00,0.00
54209.00,10896.00,0.00,0.00
54209.00,10896.00,0.00,0.00
54209.00,10896.00,0.00,0.00
54209.00,10896.00,0.00,0.00
54209.00,10896.00,0.00,0.00
54209.00,10896.00,0.00,0.00
54209.00,10896.00,0.00,0.00
54209.00,10896.00,0.00,0.00
54209.00,10896.00,0.00,0.00
54209.00,10896.00,0.00,0.00
54209.00,10896.00,0.00,0.00
54209.00,10896.00,0.00,0.00
54209.00,10896.00,0.00,0.00
54209.00,10896.00,0.00,0.00
54209.00,10896.00,0.00,0.00
54209.00,10896.00,0.00,0.00
54209.00,10896.00,0.00,0.00
54209.00,10896.00,0.00,0.00
54209.00,10896.00,0.00,0.00
54209.00,10896.00,0.00,0.00
54209.00,10896.00,0.00,0.00
54209.00,10896.00,0.00,0.00
54209.00,10896.00,0.00,0.00
54209.00,10896.00,0.00,0.00
54209.00,10896.00,0.00,0.00
54209.00,10896.00,0.00,0.00
54209.00,10896.00,0.00,0.00
54209.00,10896.00,0.00,0.00
54209.00,10896.00,0.00,0.00
54209.00,10896.00,0.00,0.00
54209.00,10896.00,0.00,0.00
54209.00,10896.00,0.00,0.00
54209.00,10896.00,0.00,0.00
54209.00,10896.00,0.00,0.00
54209.00,10896.00,0.00,0.00
54209.00,10896.00,0.00,0.00
54209.00,10896.00,0.00,0.00
54209.00,10896.00,0.00,0.00
54209.00,10896.00,0.00,0.00
54209.00,10896.00,0.00,0.00
54209.00,10896.00,0.00,0.00
54209.00,10896.00,0.00,0.00
54209.00,10896.00,0.00,0.00
54209.00,10896.00,0.00,0.00
54209.00,10896.00,0.00,0.00
54209.00,10896.00,0.00,0.00
54209.00,10896.00,0.00,0.00
54209.00,10896.00,0.00,0.00
54209.00,10896.00,0.00,0.00
54209.00,10896.00,0.00,0.00
54209.00,10896.00,0.00,0.00
54209.00,10896.00,0.00,0.00
54209.00,10896.00,0.00,0.00
54209.00,10896.00,0.00,0.00
54209.00,10896.00,0.00,0.00
54209.00,10896.00,0.00,0.00
54209.00,10896.00,0.00,0.00
54209.00,10896.00,0.00,0.00
54209.00,10896.00,0.00,0.00
54209.00,10896.00,0.00,0.00
54209.00,10896.00,0.00,0.00
54209.00,10896.00,0.00,0.00
54209.00,10896.00,0.00,0.00
54209.00,10896.00,0.00,0.00
54209.00,10896.00,0.00,0.00
54209.00,10896.00,0.00,0.00
54209.00,10896.00,0.00,0.00
54209.00,10896.00,0.00,0.00
54209.00,10896.00,0.00,0.00
54209.00,10896.00,0.00,0.00
54209.00,10896.00,0.00,0.00
54209.00,10896.00,0.00,0.00
54209.00,10896.00,0.00,0.00
54209.00,10896.00,0.00,0.00
54209.00,10896.00,0.00,0.00
54209.00,10896.00,0.00,0.00
54209.00,10896.00,0.00,0.00
54209.00,10896.00,0.00,0.00
54209.00,10896.00,0.00,0.00
54209.00,10896.00,0.00,0.00
54209.00,10896.00,0.00,0.00
54209.00,10896.00,0.00,0.00
54209.00,10896.00,0.00,0.00
54209.00,10896.00,0.00,0.00
54209.00,10896.00,0.00,0.00
54209.00,10896.00,0.00,0.00
54209.00,10896.00,0.00,0.00
54209.00,10896.00,0.00,0.00
54209.00,10896.00,0.00,0.00
54209.00,10896.00,0.00,0.00
54209.00,10896.00,0.00,0.00
54209.00,10896.00,0.00,0.00
54209.00,10896.00,0.00,0.00
54209.00,10896.00,0.00,0.00
54209.00,10896.00,0.00,0.00
54209.00,10896.00,0.00,0.00
54209.00,10896.00,0.00,0.00
54209.00,10896.00,0.00,0.00
54209.00,10896.00,0.00,0.00
54209.00,10896.00,0.00,0.00
54209.00,10896.00,0.00,0.00
54209.00,10896.00,0.00,0.00
54209.00,10896.00,0.00,0.00
54209.00,10896.00,0.00,0.00
54209.00,10896.00,0.00,0.00
54209.00,10896.00,0.00,0.00
54209.00,10896.00,0.00,0.00
54209.00,10896.00,0.00,0.00
54209.00,10896.00,0.00,0.00
54209.00,10896.00,0.00,0.00
54209.00,10896.00,0.00,0.00
54209.00,10896.00,0.00,0.00
54209.00,10896.00,0.00,0.00
54209.00,10896.00,0.00,0.00
54209.00,10896.00,0.00,0.00
54209.00,10896.00,0.00,0.00
54209.00,10896.00,0.00,0.00
54209.00,10896.00,0.00,0.00
54209.00,10896.00,0.00,0.00
54209.00,10896.00,0.00,0.00
54209.00,10896.00,0.00,0.00
54209.00,10896.00,0.00,0.00
54209.00,10896.00,0.00,0.00
54209.00,10896.00,0.00,0.00
54209.00,10896.00,0.00,0.00
54209.00,10896.00,0.00,0.00
54209.00,10896.00,0.00,0.00
54209.00,10896.00,0.00,0.00
54209.00,10896.00,0.00,0.00
54209.00,10896.00,0.00,0.00
54209.00,10896.00,0.00,0.00
54209.00,10896.00,0.00,0.00
54209.00,10896.00,0.00,0.00
54209.00,10896.00,0.00,0.00
54209.00,10896.00,0.00,0.00
54209.00,10896.00,0.00,0.00
54209.00,10896.00,0.00,0.00
54209.00,10896.00,0.00,0.00
54209.00,10896.00,0.00,0.00
54209.00,10896.00,0.00,0.00
54209.00,10896.00,0.00,0.00
54209.00,10896.00,0.00,0.00
54209.00,10896.00,0.00,0.00
54209.00,10896.00,0.00,0.00
54209.00,10896.00,0.00,0.00
54209.00,10896.00,0.00,0.00
54209.00,10896.00,0.00,0.00
54209.00,10896.00,0.00,0.00
54209.00,10896.00,0.00,0.00
54209.00,10896.00,0.00,0.00
54209.00,10896.00,0.00,0.00
54209.00,10896.00,0.00,0.00
54209.00,10896.00,0.00,0.00
54209.00,10896.00,0.00,0.00
54209.00,10896.00,0.00,0.00
54209.00,10896.00,0.00,0.00
54209.00,10896.00,0.00,0.00
54209.00,10896.00,0.00,0.00
54209.00,10896.00,0.00,0.00
54209.00,10896.00,0.00,0.00
54209.00,10896.00,0.00,0.00
54209.00,10896.00,0.00,0.00
54209.00,10896.00,0.00,0.00
54209.00,10896.00,0.00,0.00
54209.00,10896.00,0.00,0.00
54209.00,10896.00,0.00,0.00
54209.00,10896.00,0.00,0.00
54209.00,10896.00,0.00,0.00
54209.00,10896.00,0.00,0.00
54209.00,10896.00,0.00,0.00
54209.00,10896.00,0.00,0.00
54209.00,10896.00,0.00,0.00
54209.00,10896.00,0.00,0.00
54209.00,10896.00,0.00,0.00
54209.00,10896.00,0.00,0.00
54209.00,10896.00,0.00,0.00
54209.00,10896.00,0.00,0.00
54209.00,10896.00,0.00,0.00
54209.00,10896.00,0.00,0.00
54209.00,10896.00,0.00,0.00
54209.00,10896.00,0.00,0.00
54209.00,10896.00,0.00,0.00
54209.00,10896.00,0.00,0.00
54209.00,10896.00,0.00,0.00
54209.00,10896.00,0.00,0.00
54209.00,10896.00,0.00,0.00
54209.00,10896.00,0.00,0.00
54209.00,10896.00,0.00,0.00
54209.00,10896.00,0.00,0.00
54209.00,10896.00,0.00,0.00
54209.00,10896.00,0.00,0.00
54209.00,10896.00,0.00,0.00
54209.00,10896.00,0.00,0.00
54209.00,10896.00,0.00,0.00
54209.00,10896.00,0.00,0.00
54209.00,10896.00,0.00,0.00
54209.00,10896.00,0.00,0.00
54209.00,10896.00,0.00,0.00
54209.00,10896.00,0.00,0.00
54209.00,10896.00,0.00,0.00
54209.00,10896.00,0.00,0.00
54209.00,10896.00,0.00,0.00
54209.00,10896.00,0.00,0.00
54209.00,10896.00,0.00,0.00
54209.00,10896.00,0.00,0.00
54209.00,10896.00,0.00,0.00
54209.00,10896.00,0.00,0.00
54209.00,10896.00,0.00,0.00
54209.00,10896.00,0.00,0.00
54209.00,10896.00,0.00,0.00
54209.00,10896.00,0.00,0.00
54209.00,10896.00,0.00,0.00
54209.00,10896.00,0.00,0.00
54209.00,10896.00,0.00,0.00
54209.00,10896.00,0.00,0.00
54209.00,10896.00,0.00,0.00
54209.00,10896.00,0.00,0.00
54209.00,10896.00,0.00,0.00
54209.00,10896.00,0.00,0.00
54209.00,10896.00,0.00,0.00
54209.00,10896.00,0.00,0.00
54209.00,10896.00,0.00,0.00
54209.00,10896.00,0.00,0.00
54209.00,10896.00,0.00,0.00
54209.00,10896.00,0.00,0.00
54209.00,10896.00,0.00,0.00
54209.00,10896.00,0.00,0.00
54209.00,10896.00,0.00,0.00
54209.00,10896.00,0.00,0.00
54209.00,10896.00,0.00,0.00
54209.00,10896.00,0.00,0.00
54209.00,10896.00,0.00,0.00
54209.00,10896.00,0.00,0.00
54209.00,10896.00,0.00,0.00
54209.00,10896.00,0.00,0.00
54209.00,10896.00,0.00,0.00
54209.00,10896.00,0.00,0.00
54209.00,10896.00,0.00,0.00
54209.00,10896.00,0.00,0.00
54209.00,10896.00,0.00,0.00
54209.00,10896.00,0.00,0.00
54209.00,10896.00,0.00,0.00
54209.00,10896.00,0.00,0.00
54209.00,10896.00,0.00,0.00
54209.00,10896.00,0.00,0.00
54209.00,10896.00,0.00,0.00
54209.00,10896.00,0.00,0.00
54209.00,10896.00,0.00,0.00
54209.00,10896.00,0.00,0.00
54209.00,10896.00,0.00,0.00
54209.00,10896.00,0.00,0.00
54209.00,10896.00,0.00,0.00
54209.00,10896.00,0.00,0.00
54209.00,10896.00,0.00,0.00
54209.00,10896.00,0.00,0.00
54209.00,10896.00,0.00,0.00
54209.00,10896.00,0.00,0.00
54209.00,10896.00,0.00,0.00
54209.00,10896.00,0.00,0.00
54209.00,10896.00,0.00,0.00
54209.00,10896.00,0.00,0.00
54209.00,10896.00,0.00,0.00
54209.00,10896.00,0.00,0.00
54209.00,10896.00,0.00,0.00
54209.00,10896.00,0.00,0.00
54209.00,10896.00,0.00,0.00
54209.00,10896.00,0.00,0.00
54209.00,10896.00,0.00,0.00
54209.00,10896.00,0.00,0.00
54209.00,10896.00,0.00,0.00
54209.00,10896.00,0.00,0.00
54209.00,10896.00,0.00,0.00
54209.00,10896.00,0.00,0.00
54209.00,10896.00,0.00,0.00
54209.00,10896.00,0.00,0.00
54209.00,10896.00,0.00,0.00
54209.00,10896.00,0.00,0.00
54209.00,10896.00,0.00,0.00
54209.00,10896.00,0.00,0.00
54209.00,10896.00,0.00,0.00
54209.00,10896.00,0.00,0.00
54209.00,10896.00,0.00,0.00
54209.00,10896.00,0.00,0.00
54209.00,10896.00,0.00,0.00
54209.00,10896.00,0.00,0.00
54209.00,10896.00,0.00,0.00
54209.00,10896.00,0.00,0.00
54209.00,10896.00,0.00,0.00
54209.00,10896.00,0.00,0.00
54209.00,10896.00,0.00,0.00
54209.00,10896.00,0.00,0.00
54209.00,10896.00,0.00,0.00
54209.00,10896.00,0.00,0.00
54209.00,10896.00,0.00,0.00
54209.00,10896.00,0.00,0.00
54209.00,10896.00,0.00,0.00
54209.00,10896.00,0.00,0.00
54209.00,10896.00,0.00,0.00
54209.00,10896.00,0.00,0.00
54209.00,10896.00,0.00,0.00
54209.00,10896.00,0.00,0.00
54209.00,10896.00,0.00,0.00
54209.00,10896.00,0.00,0.00
54209.00,10896.00,0.00,0.00
54209.00,10896.00,0.00,0.00
54209.00,10896.00,0.00,0.00
54209.00,10896.00,0.00,0.00
54209.00,10896.00,0.00,0.00
54209.07,10896.00,0.08,0.00
54209.23,10896.00,0.16,0.00
54209.47,10896.00,0.24,0.00
54209.79,10896.00,0.32,0.00
54210.19,10896.00,0.40,0.00
54210.67,10896.00,0.48,0.00
54211.23,10896.00,0.56,0.00
54211.87,10896.00,0.64,0.00
54212.59,10896.00,0.72,0.00
54213.39,10896.00,0.80,0.00
54214.27,10896.00,0.88,0.00
54215.23,10896.00,0.96,0.00
54216.27,10896.00,1.04,0.00
54217.39,10896.00,1.12,0.00
54218.59,10896.00,1.20,0.00
54219.87,10896.00,1.28,0.00
54221.23,10896.00,1.36,0.00
54222.67,10896.00,1.44,0.00
54224.19,10896.00,1.52,0.00
54225.79,10896.00,1.60,0.00
54227.47,10896.00,1.68,0.00
54229.23,10896.00,1.76,0.00
54230.00,10896.00,0.77,0.00
54230.00,10896.00,0.00,0.00
54230.00,10896.00,0.00,0.00
54230.00,10896.00,0.00,0.00
54230.00,10896.00,0.00,0.00
54230.00,10896.00,0.00,0.00
54230.00,10896.00,0.00,0.00
54230.00,10896.00,0.00,0.00
54230.00,10896.00,0.00,0.00
54230.00,10896.00,0.00,0.00
54230.00,10896.00,0.00,0.00
54230.00,10896.00,0.00,0.00
54230.00,10896.00,0.00,0.00
54230.00,10896.00,0.00,0.00
54230.00,10896.00,0.00,0.00
54230.00,10896.00,0.00,0.00
54230.00,10896.00,0.00,0.00
54230.00,10896.00,0.00,0.00
54230.00,10896.00,0.00,0.00
54230.00,10896.00,0.00,0.00
54230.00,10896.00,0.00,0.00
54230.00,10896.00,0.00,0.00
54230.00,10896.00,0.00,0.00
54230.00,10896.00,0.00,0.00
54230.00,10896.00,0.00,0.00
54230.00,10896.00,0.00,0.00
54230.00,10896.00,0.00,0.00
54230.00,10896.00,0.00,0.00
54230.00,10896.00,0.00,0.00
54230.00,10896.00,0.00,0.00
54230.00,10896.00,0.00,0.00
54230.00,10896.00,0.00,0.00
54230.00,10896.00,0.00,0.00
54230.00,10896.00,0.00,0.00
54230.00,10896.00,0.00,0.00
54230.00,10896.00,0.00,0.00
54230.00,10896.00,0.00,0.00
54230.00,10896.00,0.00,0.00
54230.00,10896.00,0.00,0.00
54230.00,10896.00,0.00,0.00
54230.00,10896.00,0.00,0.00
54230.00,10896.00,0.00,0.00
54230.00,10896.00,0.00,0.00
54230.00,10896.00,0.00,0.00
54230.00,10896.00,0.00,0.00
54230.00,10896.00,0.00,0.00
54230.00,10896.00,0.00,0.00
54230.00,10896.00,0.00,0.00
54230.00,10896.00,0.00,0.00
54230.00,10896.00,0.00,0.00
54230.00,10896.00,0.00,0.00
54230.00,10896.00,0.00,0.00
54230.00,10896.00,0.00,0.00
54230.00,10896.00,0.00,0.00
54230.00,10896.00,0.00,0.00
54230.00,10896.00,0.00,0.00
54230.00,10896.00,0.00,0.00
54230.00,10896.00,0.00,0.00
54230.00,10896.00,0.00,0.00
54230.00,10896.00,0.00,0.00
54230.00,10896.00,0.00,0.00
54230.00,10896.00,0.00,0.00
54230.00,10896.00,0.00,0.00
54230.00,10896.00,0.00,0.00
54230.00,10896.00,0.00,0.00
54230.00,10896.00,0.00,0.00
54230.00,10896.00,0.00,0.00
54230.00,10896.00,0.00,0.00
54230.00,10896.00,0.00,0.00
54230.00,10896.00,0.00,0.00
54230.00,10896.00,0.00,0.00
54230.00,10896.00,0.00,0.00
54230.00,10896.00,0.00,0.00
54230.00,10896.00,0.00,0.00
54230.00,10896.00,0.00,0.00
54230.00,10896.00,0.00,0.00
54230.00,10896.00,0.00,0.00
54230.00,10896.00,0.00,0.00
54230.00,10896.00,0.00,0.00
54230.00,10896.00,0.00,0.00
54230.00,10896.00,0.00,0.00
54230.00,10896.00,0.00,0.00
54230.00,10896.00,0.00,0.00
54230.00,10896.00,0.00,0.00
54230.00,10896.00,0.00,0.00
54230.00,10896.00,0.00,0.00
54230.00,10896.00,0.00,0.00
54230.00,10896.00,0.00,0.00
54230.00,10896.00,0.00,0.00
54230.00,10896.00,0.00,0.00
54230.00,10896.00,0.00,0.00
54230.00,10896.00,0.00,0.00
54230.00,10896.00,0.00,0.00
54230.00,10896.00,0.00,0.00
54230.00,10896.00,0.00,0.00
54230.00,10896.00,0.00,0.00
54230.00,10896.00,0.00,0.00
54230.08,10880.00,0.08,0.00
54230.24,10880.00,0.16,0.00
54230.48,10880.00,0.24,0.00
54230.80,10880.00,0.32,0.00
54231.20,10880.00,0.40,0.00
54231.68,10880.00,0.48,0.00
54232.23,10880.00,0.56,0.00
54232.88,10880.00,0.64,0.00
54233.32,10880.00,0.44,0.00
54233.55,10880.00,0.24,0.00
54233.59,10880.00,0.04,0.00
54233.59,10880.00,0.00,0.00
54233.59,10880.00,0.00,0.00
54233.59,10880.00,0.00,0.00
54233.59,10880.00,0.00,0.00
54233.59,10880.00,0.00,0.00
54233.59,10880.00,0.00,0.00
54233.59,10880.00,0.00,0.00
54233.59,10880.00,0.00,0.00
54233.59,10880.00,0.00,0.00
54233.59,10880.00,0.00,0.00
54233.59,10880.00,0.00,0.00
54233.59,10880.00,0.00,0.00
54233.59,10880.00,0.00,0.00
54233.59,10880.00,0.00,0.00
54233.59,10880.00,0.00,0.00
54233.59,10880.00,0.00,0.00
54233.59,10880.00,0.00,0.00
54233.59,10880.00,0.00,0.00
54233.59,10880.00,0.00,0.00
54233.59,10880.00,0.00,0.00
54233.59,10880.00,0.00,0.00
54233.59,10880.00,0.00,0.00
54233.59,10880.00,0.00,0.00
54233.59,10880.00,0.00,0.00
54233.59,10880.00,0.00,0.00
54233.59,10880.00,0.00,0.00
54233.59,10880.00,0.00,0.00
54233.59,10880.00,0.00,0.00
54233.59,10880.00,0.00,0.00
54233.59,10880.00,0.00,0.00
54233.59,10880.00,0.00,0.00
54233.59,10880.00,0.00,0.00
54233.59,10880.00,0.00,0.00
54233.59,10880.00,0.00,0.00
54233.59,10880.00,0.00,0.00
54233.59,10880.00,0.00,0.00
54233.59,10880.00,0.00,0.00
54233.59,10880.00,0.00,0.00
54233.59,10880.00,0.00,0.00
54233.59,10880.00,0.00,0.00
54233.59,10880.00,0.00,0.00
54233.59,10880.00,0.00,0.00
54233.59,10880.00,0.00,0.00
54233.59,10880.00,0.00,0.00
54233.59,10880.00,0.00,0.00
54233.59,10880.00,0.00,0.00
54233.59,10880.00,0.00,0.00
54233.59,10880.00,0.00,0.00
54233.59,10880.00,0.00,0.00
54233.59,10880.00,0.00,0.00
54233.59,10880.00,0.00,0.00
54233.59,10880.00,0.00,0.00
54233.59,10880.00,0.00,0.00
54233.59,10880.00,0.00,0.00
54233.59,10880.00,0.00,0.00
54233.59,10880.00,0.00,0.00
54233.59,10880.00,0.00,0.00
54233.59,10880.00,0.00,0.00
54233.59,10880.00,0.00,0.00
54233.59,10880.00,0.00,0.00
54233.59,10880.00,0.00,0.00
54233.59,10880.00,0.00,0.00
54233.59,10880.00,0.00,0.00
54233.59,10880.00,0.00,0.00
54233.59,10880.00,0.00,0.00
54233.59,10880.00,0.00,0.00
54233.59,10880.00,0.00,0.00
54233.59,10880.00,0.00,0.00
54233.59,10880.00,0.00,0.00
54233.59,10880.00,0.00,0.00
54233.59,10880.00,0.00,0.00
54233.59,10880.00,0.00,0.00
54233.59,10880.00,0.00,0.00
54233.59,10880.00,0.00,0.00
54233.59,10880.00,0.00,0.00
54233.59,10880.00,0.00,0.00
54233.59,10880.00,0.00,0.00
54233.59,10880.00,0.00,0.00
54233.59,10880.00,0.00,0.00
54233.59,10880.00,0.00,0.00
54233.59,10880.00,0.00,0.00
54233.59,10880.00,0.00,0.00
54233.59,10880.00,0.00,0.00
54233.59,10880.00,0.00,0.00
54233.59,10880.00,0.00,0.00
54233.59,10880.00,0.00,0.00
54233.59,10880.00,0.00,0.00
54233.59,10880.00,0.00,0.00
54233.59,10880.00,0.00,0.00
54233.59,10880.00,0.00,0.00
54233.59,10880.00,0.00,0.00
54233.59,10880.00,0.00,0.00
54233.59,10880.00,0.00,0.00
54233.59,10880.00,0.00,0.00
54233.59,10880.00,0.00,0.00
54233.59,10880.00,0.00,0.00
54233.59,10880.00,0.00,0.00
54233.59,10880.00,0.00,0.00
54233.59,10880.00,0.00,0.00
54233.59,10880.00,0.00,0.00
54233.59,10880.00,0.00,0.00
54233.59,10880.00,0.00,0.00
54233.59,10880.00,0.00,0.00
54233.59,10880.00,0.00,0.00
54233.59,10880.00,0.00,0.00
54233.59,10880.00,0.00,0.00
54233.59,10880.00,0.00,0.00
54233.59,10880.00,0.00,0.00
54233.67,10880.00,0.08,0.00
54233.83,10880.00,0.16,0.00
54234.07,10880.00,0.24,0.00
54234.39,10880.00,0.32,0.00
54234.79,10880.00,0.40,0.00
54235.27,10880.00,0.48,0.00
54235.55,10880.00,0.28,0.00
54235.63,10880.00,0.08,0.00
54235.63,10880.00,0.00,0.00
54235.63,10880.00,0.00,0.00
54235.63,10880.00,0.00,0.00
54235.63,10880.00,0.00,0.00
54235.63,10880.00,0.00,0.00
54235.63,10880.00,0.00,0.00
54235.63,10880.00,0.00,0.00
54235.63,10880.00,0.00,0.00
54235.63,10880.00,0.00,0.00
54235.63,10880.00,0.00,0.00
54235.63,10880.00,0.00,0.00
54235.63,10880.00,0.00,0.00
54235.63,10880.00,0.00,0.00
54235.63,10880.00,0.00,0.00
54235.63,10880.00,0.00,0.00
54235.63,10880.00,0.00,0.00
54235.63,10880.00,0.00,0.00
54235.63,10880.00,0.00,0.00
54235.63,10880.00,0.00,0.00
54235.63,10880.00,0.00,0.00
54235.63,10880.00,0.00,0.00
54235.63,10880.00,0.00,0.00
54235.63,10880.00,0.00,0.00
54235.63,10880.00,0.00,0.00
54235.63,10880.00,0.00,0.00
54235.63,10880.00,0.00,0.00
54235.63,10880.00,0.00,0.00
54235.63,10880.00,0.00,0.00
54235.63,10880.00,0.00,0.00
54235.63,10880.00,0.00,0.00
54235.63,10880.00,0.00,0.00
54235.63,10880.00,0.00,0.00
54235.63,10880.00,0.00,0.00
54235.63,10880.00,0.00,0.00
54235.63,10880.00,0.00,0.00
54235.63,10880.00,0.00,0.00
54235.63,10880.00,0.00,0.00
54235.63,10880.00,0.00,0.00
54235.63,10880.00,0.00,0.00
54235.63,10880.00,0.00,0.00
54235.63,10880.00,0.00,0.00
54235.63,10880.00,0.00,0.00
54235.63,10880.00,0.00,0.00
54235.63,10880.00,0.00,0.00
54235.63,10880.00,0.00,0.00
54235.63,10880.00,0.00,0.00
54235.63,10880.00,0.00,0.00
54235.63,10880.00,0.00,0.00
54235.63,10880.00,0.00,0.00
54235.63,10880.00,0.00,0.00
54235.63,10880.00,0.00,0.00
54235.63,10880.00,0.00,0.00
54235.63,10880.00,0.00,0.00
54235.63,10880.00,0.00,0.00
54235.63,10880.00,0.00,0.00
54235.63,10880.00,0.00,0.00
54235.63,10880.00,0.00,0.00
54235.63,10880.00,0.00,0.00
54235.63,10880.00,0.00,0.00
54235.63,10880.00,0.00,0.00
54235.63,10880.00,0.00,0.00
54235.63,10880.00,0.00,0.00
54235.63,10880.00,0.00,0.00
54235.63,10880.00,0.00,0.00
54235.63,10880.00,0.00,0.00
54235.63,10880.00,0.00,0.00
54235.63,10880.00,0.00,0.00
54235.63,10880.00,0.00,0.00
54235.63,10880.00,0.00,0.00
54235.63,10880.00,0.00,0.00
54235.63,10880.00,0.00,0.00
54235.63,10880.00,0.00,0.00
54235.63,10880.00,0.00,0.00
54235.63,10880.00,0.00,0.00
54235.63,10880.00,0.00,0.00
54235.63,10880.00,0.00,0.00
54235.63,10880.00,0.00,0.00
54235.63,10880.00,0.00,0.00
54235.63,10880.00,0.00,0.00
54235.63,10880.00,0.00,0.00
54235.63,10880.00,0.00,0.00
54235.63,10880.00,0.00,0.00
54235.63,10880.00,0.00,0.00
54235.63,10880.00,0.00,0.00
54235.63,10880.00,0.00,0.00
54235.63,10880.00,0.00,0.00
54235.63,10880.00,0.00,0.00
54235.63,10880.00,0.00,0.00
54235.63,10880.00,0.00,0.00
54235.63,10880.00,0.00,0.00
54235.63,10880.00,0.00,0.00
54235.63,10880.00,0.00,0.00
54235.63,10880.00,0.00,0.00
54235.63,10880.00,0.00,0.00
54235.63,10880.00,0.00,0.00
54235.63,10880.00,0.00,0.00
54235.63,10880.00,0.00,0.00
54235.63,10880.00,0.00,0.00
54235.63,10880.00,0.00,0.00
54235.63,10880.00,0.00,0.00
54235.63,10880.00,0.00,0.00
54235.63,10880.00,0.00,0.00
54235.63,10880.00,0.00,0.00
54235.63,10880.00,0.00,0.00
54235.63,10880.00,0.00,0.00
54235.63,10880.00,0.00,0.00
54235.63,10880.00,0.00,0.00
54235.63,10880.00,0.00,0.00
54235.63,10880.00,0.00,0.00
54235.63,10880.00,0.00,0.00
54235.63,10880.00,0.00,0.00
54235.63,10880.00,0.00,0.00
54235.63,10880.00,0.00,0.00
54235.63,10880.00,0.00,0.00
54235.63,10880.00,0.00,0.00
54235.63,10880.00,0.00,0.00
54235.63,10880.00,0.00,0.00
54235.63,10880.00,0.00,0.00
54235.63,10880.00,0.00,0.00
54235.63,10880.00,0.00,0.00
54235.63,10880.00,0.00,0.00
54235.63,10880.00,0.00,0.00
54235.63,10880.00,0.00,0.00
54235.63,10880.00,0.00,0.00
54235.63,10880.00,0.00,0.00
54235.63,10880.00,0.00,0.00
54235.63,10880.00,0.00,0.00
54235.63,10880.00,0.00,0.00
54235.63,10880.00,0.00,0.00
54235.63,10880.00,0.00,0.00
54235.63,10880.00,0.00,0.00
54235.63,10880.00,0.00,0.00
54235.63,10880.00,0.00,0.00
54235.63,10880.00,0.00,0.00
54235.63,10880.00,0.00,0.00
54235.63,10880.00,0.00,0.00
54235.63,10880.00,0.00,0.00
54235.63,10880.00,0.00,0.00
54235.63,10880.00,0.00,0.00
54235.63,10880.00,0.00,0.00
54235.63,10880.00,0.00,0.00
54235.63,10880.00,0.00,0.00
54235.63,10880.00,0.00,0.00
54235.63,10880.00,0.00,0.00
54235.63,10880.00,0.00,0.00
54235.63,10880.00,0.00,0.00
54235.63,10880.00,0.00,0.00
54235.63,10880.00,0.00,0.00
54235.63,10880.00,0.00,0.00
54235.63,10880.00,0.00,0.00
54235.63,10880.00,0.00,0.00
54235.63,10880.00,0.00,0.00
54235.63,10880.00,0.00,0.00
54235.63,10880.00,0.00,0.00
54235.63,10880.00,0.00,0.00
54235.63,10880.00,0.00,0.00
54235.63,10880.00,0.00,0.00
54235.63,10880.00,0.00,0.00
54235.63,10880.00,0.00,0.00
54235.63,10880.00,0.00,0.00
54235.63,10880.00,0.00,0.00
54235.71,10880.00,0.08,0.00
54235.87,10880.00,0.16,0.00
54236.11,10880.00,0.24,0.00
54236.43,10880.00,0.32,0.00
54236.82,10880.00,0.40,0.00
54237.30,10880.00,0.48,0.00
54237.86,10880.00,0.56,0.00
54238.22,10880.00,0.36,0.00
54238.38,10880.00,0.16,0.00
54238.38,10880.00,0.00,0.00
54238.38,10880.00,0.00,0.00
54238.38,10880.00,0.00,0.00
54238.38,10880.00,0.00,0.00
54238.38,10880.00,0.00,0.00
54238.38,10880.00,0.00,0.00
54238.38,10880.00,0.00,0.00
54238.38,10880.00,0.00,0.00
54238.38,10880.00,0.00,0.00
54238.38,10880.00,0.00,0.00
54238.38,10880.00,0.00,0.00
54238.38,10880.00,0.00,0.00
54238.46,10880.00,0.08,0.00
54238.62,10880.00,0.16,0.00
54238.86,10880.00,0.24,0.00
54239.18,10880.00,0.32,0.00
54239.58,10880.00,0.40,0.00
54240.06,10880.00,0.48,0.00
54240.62,10880.00,0.56,0.00
54241.26,10880.00,0.64,0.00
54241.98,10880.00,0.72,0.00
54242.78,10880.00,0.80,0.00
54243.66,10880.00,0.88,0.00
54244.62,10880.00,0.96,0.00
54245.66,10880.00,1.04,0.00
54246.78,10864.00,1.12,0.00
54247.98,10864.00,1.20,0.00
54249.26,10864.00,1.28,0.00
54250.62,10864.00,1.36,0.00
54252.06,10864.00,1.44,0.00
54253.58,10864.00,1.52,0.00
54255.18,10864.00,1.60,0.00
54256.86,10864.00,1.68,0.00
54258.62,10864.00,1.76,0.00
54260.46,10864.00,1.84,0.00
54262.38,10848.00,1.92,0.00
54264.38,10848.00,2.00,0.00
54266.46,10848.00,2.08,0.00
54268.62,10848.00,2.16,0.00
54270.86,10848.00,2.24,0.00
54273.18,10848.00,2.32,0.00
54275.58,10848.00,2.40,0.00
54278.06,10832.00,2.48,0.00
54280.62,10832.00,2.56,0.00
54283.26,10832.00,2.64,0.00
54285.98,10832.00,2.72,0.00
54288.78,10832.00,2.80,0.00
54291.66,10832.00,2.88,0.00
54294.62,10832.00,2.96,0.00
54297.66,10832.00,3.04,0.00
54300.50,10834.50,2.84,0.00
54303.42,10837.42,2.92,0.00
54306.42,10840.42,3.00,0.00
54309.50,10843.50,3.08,0.00
54312.38,10846.38,2.88,0.00
54315.34,10846.78,2.96,0.40
54318.38,10847.58,3.04,0.80
54321.32,10848.00,2.94,0.42
54324.34,10848.00,3.02,0.00
54327.16,10848.00,2.82,0.00
54330.05,10856.00,2.90,0.00
54333.04,10856.00,2.98,0.00
54336.09,10856.00,3.06,0.00
54338.95,10856.00,2.86,0.00
54341.89,10856.00,2.94,0.00
54344.91,10856.00,3.02,0.00
54347.73,10864.00,2.82,0.00
54350.63,10864.00,2.90,0.00
54353.61,10864.00,2.98,0.00
54356.67,10864.00,3.06,0.00
54359.53,10862.47,2.86,0.00
54362.47,10859.53,2.94,0.00
54365.49,10856.51,3.02,0.00
54368.31,10853.69,2.82,0.00
54371.21,10850.79,2.90,0.00
54374.19,10848.00,2.98,0.00
54377.25,10848.00,3.06,0.00
54380.11,10848.00,2.86,0.00
54383.05,10848.00,2.94,0.00
54386.07,10848.00,3.02,0.00
54388.89,10848.00,2.82,0.00
54391.79,10848.00,2.90,0.00
54394.49,10848.00,2.70,0.00
54396.99,10848.00,2.50,0.00
54399.29,10848.00,2.30,0.00
54401.39,10848.00,2.10,0.00
54403.29,10848.00,1.90,0.00
54404.99,10848.00,1.70,0.00
54406.49,10848.00,1.50,0.00
54407.79,10848.00,1.30,0.00
54408.89,10848.00,1.10,0.00
54409.79,10848.00,0.90,0.00
54410.49,10864.00,0.70,0.00
54410.99,10864.00,0.50,0.00
54411.29,10864.00,0.30,0.00
54411.39,10864.00,0.10,0.00
54411.39,10864.00,0.00,0.00
54411.39,10864.00,0.00,0.00
54411.39,10864.00,0.00,0.00
54411.39,10864.00,0.00,0.00
54411.39,10864.00,0.00,0.00
54411.47,10864.00,0.08,0.00
54411.63,10864.00,0.16,0.00
54411.87,10864.00,0.24,0.00
54412.19,10864.00,0.32,0.00
54412.59,10864.00,0.40,0.00
54413.07,10864.00,0.48,0.00
54413.62,10864.00,0.56,0.00
54414.27,10864.00,0.64,0.00
54414.98,10864.00,0.72,0.00
54415.79,10864.00,0.80,0.00
54416.66,10864.00,0.88,0.00
54417.34,10864.00,0.68,0.00
54417.82,10864.00,0.48,0.00
54418.11,10864.00,0.28,0.00
54418.18,10864.00,0.08,0.00
54418.18,10864.00,0.00,0.00
54418.18,10864.00,0.00,0.00
54418.18,10864.00,0.00,0.00
54418.18,10864.00,0.00,0.00
54418.26,10864.00,0.08,0.00
54418.42,10864.00,0.16,0.00
54418.66,10864.00,0.24,0.00
54418.98,10864.00,0.32,0.00
54419.38,10864.00,0.40,0.00
54419.86,10864.00,0.48,0.00
54420.42,10864.00,0.56,0.00
54421.06,10864.00,0.64,0.00
54421.78,10864.00,0.72,0.00
54422.58,10864.00,0.80,0.00
54423.46,10864.00,0.88,0.00
54424.42,10864.00,0.96,0.00
54425.46,10864.00,1.04,0.00
54426.58,10880.00,1.12,0.00
54427.78,10880.00,1.20,0.00
54429.06,10880.00,1.28,0.00
54430.42,10880.00,1.36,0.00
54431.86,10880.00,1.44,0.00
54433.38,10880.00,1.52,0.00
54434.98,10880.00,1.60,0.00
54436.66,10880.00,1.68,0.00
54438.42,10880.00,1.76,0.00
54440.26,10880.00,1.84,0.00
54442.18,10888.00,1.92,0.00
54444.18,10888.00,2.00,0.00
54446.26,10888.00,2.08,0.00
54448.42,10888.00,2.16,0.00
54450.66,10888.00,2.24,0.00
54452.98,10888.00,2.32,0.00
54455.10,10888.00,2.12,0.00
54457.02,10888.00,1.92,0.00
54458.74,10896.00,1.72,0.00
54460.26,10896.00,1.52,0.00
54461.58,10896.00,1.32,0.00
54462.70,10896.00,1.12,0.00
54463.62,10896.00,0.92,0.00
54464.34,10896.00,0.72,0.00
54464.86,10896.00,0.52,0.00
54465.18,10896.00,0.32,0.00
54465.30,10896.00,0.12,0.00
54465.30,10896.00,0.00,0.00
54465.30,10896.00,0.00,0.00
54465.30,10896.00,0.00,0.00
54465.30,10896.00,0.00,0.00
54465.30,10896.00,0.00,0.00
54465.30,10896.00,0.00,0.00
54465.30,10896.00,0.00,0.00
54465.30,10896.00,0.00,0.00
54465.30,10896.00,0.00,0.00
54465.30,10896.00,0.00,0.00
54465.30,10896.00,0.00,0.00
54465.30,10896.00,0.00,0.00
54465.30,10896.00,0.00,0.00
54465.30,10896.00,0.00,0.00
54465.30,10896.00,0.00,0.00
54465.30,10896.00,0.00,0.00
54465.30,10896.00,0.00,0.00
54465.30,10896.00,0.00,0.00
54465.30,10896.00,0.00,0.00
54465.30,10896.00,0.00,0.00
54465.30,10896.00,0.00,0.00
54465.30,10896.00,0.00,0.00
54465.30,10896.00,0.00,0.00
54465.30,10896.00,0.00,0.00
54465.30,10896.00,0.00,0.00
54465.30,10896.00,0.00,0.00
54465.30,10896.00,0.00,0.00
54465.30,10896.00,0.00,0.00
54465.30,10896.00,0.00,0.00
54465.30,10896.00,0.00,0.00
54465.30,10896.00,0.00,0.00
54465.30,10896.00,0.00,0.00
54465.30,10896.00,0.00,0.00
54465.30,10896.00,0.00,0.00
54465.30,10896.00,0.00,0.00
54465.30,10896.00,0.00,0.00
54465.30,10896.00,0.00,0.00
54465.30,10896.00,0.00,0.00
54465.30,10896.00,0.00,0.00
54465.30,10896.00,0.00,0.00
54465.30,10896.00,0.00,0.00
54465.30,10896.00,0.00,0.00
54465.30,10896.00,0.00,0.00
54465.30,10896.00,0.00,0.00
54465.30,10896.00,0.00,0.00
54465.30,10896.00,0.00,0.00
54465.30,10896.00,0.00,0.00
54465.30,10896.00,0.00,0.00
54465.30,10896.00,0.00,0.00
54465.30,10896.00,0.00,0.00
54465.30,10896.00,0.00,0.00
54465.30,10896.00,0.00,0.00
54465.30,10896.00,0.00,0.00
54465.30,10896.00,0.00,0.00
54465.30,10896.00,0.00,0.00
54465.30,10896.00,0.00,0.00
54465.30,10896.00,0.00,0.00
54465.30,10896.00,0.00,0.00
54465.30,10896.00,0.00,0.00
54465.30,10896.00,0.00,0.00
54465.30,10896.00,0.00,0.00
54465.30,10896.00,0.00,0.00
54465.30,10896.00,0.00,0.00
54465.30,10896.00,0.00,0.00
54465.30,10896.00,0.00,0.00
54465.30,10896.00,0.00,0.00
54465.30,10896.00,0.00,0.00
54465.38,10896.00,0.08,0.00
54465.54,10896.00,0.16,0.00
54465.78,10896.00,0.24,0.00
54466.10,10896.00,0.32,0.00
54466.50,10896.00,0.40,0.00
54466.98,10896.00,0.48,0.00
54467.54,10896.00,0.56,0.00
54468.18,10896.00,0.64,0.00
54468.62,10896.00,0.44,0.00
54468.86,10896.00,0.24,0.00
54468.90,10896.00,0.04,0.00
54468.90,10896.00,0.00,0.00
54468.90,10896.00,0.00,0.00
54468.90,10896.00,0.00,0.00
54468.90,10896.00,0.00,0.00
54468.90,10896.00,0.00,0.00
54468.90,10896.00,0.00,0.00
54468.90,10896.00,0.00,0.00
54468.90,10896.00,0.00,0.00
54468.90,10896.00,0.00,0.00
54468.90,10896.00,0.00,0.00
54468.90,10896.00,0.00,0.00
54468.90,10896.00,0.00,0.00
54468.90,10896.00,0.00,0.00
54468.90,10896.00,0.00,0.00
54468.90,10896.00,0.00,0.00
54468.90,10896.00,0.00,0.00
54468.90,10896.00,0.00,0.00
54468.90,10896.00,0.00,0.00
54468.90,10896.00,0.00,0.00
54468.90,10896.00,0.00,0.00
54468.82,10896.00,-0.08,0.00
54468.66,10896.00,-0.16,0.00
54468.42,10896.00,-0.24,0.00
54468.10,10896.00,-0.32,0.00
54467.70,10896.00,-0.40,0.00
54467.22,10896.00,-0.48,0.00
54466.66,10896.00,-0.56,0.00
54466.02,10896.00,-0.64,0.00
54465.30,10896.00,-0.72,0.00
54464.50,10896.00,-0.80,0.00
54463.90,10896.00,-0.60,0.00
54463.50,10896.00,-0.40,0.00
54463.30,10896.00,-0.20,0.00
54463.18,10896.00,-0.12,0.00
54463.14,10896.00,-0.04,0.00
54463.18,10896.00,0.04,0.00
54463.30,10896.00,0.12,0.00
54463.50,10896.00,0.20,0.00
54463.79,10896.00,0.28,0.00
54464.14,10896.00,0.36,0.00
54464.59,10896.00,0.44,0.00
54465.11,10896.00,0.52,0.00
54465.71,10896.00,0.60,0.00
54466.39,10896.00,0.68,0.00
54467.15,10896.00,0.76,0.00
54467.99,10896.00,0.84,0.00
54468.91,10896.00,0.92,0.00
54469.91,10896.00,1.00,0.00
54470.99,10896.00,1.08,0.00
54472.15,10896.00,1.16,0.00
54473.39,10896.00,1.24,0.00
54474.71,10896.00,1.32,0.00
54476.11,10896.00,1.40,0.00
54477.59,10896.00,1.48,0.00
54478.87,10896.00,1.28,0.00
54479.95,10896.00,1.08,0.00
54480.82,10896.00,0.88,0.00
54481.50,10896.00,0.68,0.00
54481.98,10896.00,0.48,0.00
54482.27,10896.00,0.28,0.00
54482.34,10896.00,0.08,0.00
54482.34,10896.00,0.00,0.00
54482.34,10896.00,0.00,0.00
54482.34,10896.00,0.00,0.00
54482.34,10896.00,0.00,0.00
54482.34,10896.00,0.00,0.00
54482.34,10896.00,0.00,0.00
54482.34,10896.00,0.00,0.00
54482.34,10896.00,0.00,0.00
54482.34,10896.00,0.00,0.00
54482.34,10896.00,0.00,0.00
54482.34,10896.00,0.00,0.00
54482.34,10896.00,0.00,0.00
54482.34,10896.00,0.00,0.00
54482.34,10896.00,0.00,0.00
54482.34,10896.00,0.00,0.00
54482.34,10896.00,0.00,0.00
54482.34,10896.00,0.00,0.00
54482.34,10896.00,0.00,0.00
54482.34,10896.00,0.00,0.00
54482.34,10896.00,0.00,0.00
54482.34,10896.00,0.00,0.00
54482.34,10896.00,0.00,0.00
54482.34,10896.00,0.00,0.00
54482.34,10896.00,0.00,0.00
54482.34,10896.00,0.00,0.00
54482.34,10896.00,0.00,0.00
54482.34,10896.00,0.00,0.00
54482.34,10896.00,0.00,0.00
54482.34,10896.00,0.00,0.00
54482.34,10896.00,0.00,0.00
54482.34,10896.00,0.00,0.00
54482.34,10896.00,0.00,0.00
54482.34,10896.00,0.00,0.00
54482.34,10896.00,0.00,0.00
54482.34,10896.00,0.00,0.00
54482.34,10896.00,0.00,0.00
54482.34,10896.00,0.00,0.00
54482.34,10896.00,0.00,0.00
54482.34,10896.00,0.00,0.00
54482.34,10896.00,0.00,0.00
54482.34,10896.00,0.00,0.00
54482.34,10896.00,0.00,0.00
54482.34,10896.00,0.00,0.00
54482.34,10896.00,0.00,0.00
54482.34,10896.00,0.00,0.00
54482.34,10896.00,0.00,0.00
54482.34,10896.00,0.00,0.00
54482.34,10896.00,0.00,0.00
54482.34,10896.00,0.00,0.00
54482.34,10896.00,0.00,0.00
54482.34,10896.00,0.00,0.00
54482.34,10896.00,0.00,0.00
54482.34,10896.00,0.00,0.00
54482.34,10896.00,0.00,0.00
54482.34,10896.00,0.00,0.00
54482.34,10896.00,0.00,0.00
54482.34,10896.00,0.00,0.00
54482.34,10896.00,0.00,0.00
54482.34,10896.00,0.00,0.00
54482.34,10896.00,0.00,0.00
54482.34,10896.00,0.00,0.00
54482.34,10896.00,0.00,0.00
54482.34,10896.00,0.00,0.00
54482.34,10896.00,0.00,0.00
54482.34,10896.00,0.00,0.00
54482.34,10896.00,0.00,0.00
54482.34,10896.00,0.00,0.00
54482.34,10896.00,0.00,0.00
54482.34,10896.00,0.00,0.00
54482.34,10896.00,0.00,0.00
54482.34,10896.00,0.00,0.00
54482.34,10896.00,0.00,0.00
54482.34,10896.00,0.00,0.00
54482.30,10896.00,-0.08,0.00
54482.23,10896.00,-0.16,0.00
54482.11,10896.00,-0.24,0.00
54481.95,10896.00,-0.32,0.00
54481.75,10896.00,-0.40,0.00
54481.51,10896.00,-0.48,0.00
54481.23,10896.00,-0.56,0.00
54480.91,10896.00,-0.64,0.00
54480.55,10896.00,-0.72,0.00
54480.15,10896.00,-0.80,0.00
54479.85,10896.00,-0.60,0.00
54479.65,10896.00,-0.40,0.00
54479.55,10896.00,-0.20,0.00
54479.55,10896.00,0.00,0.00
54479.55,10896.00,0.00,0.00
54479.55,10896.00,0.00,0.00
54479.55,10896.00,0.00,0.00
54479.55,10896.00,0.00,0.00
54479.55,10896.00,0.00,0.00
54479.55,10896.00,0.00,0.00
54479.55,10896.00,0.00,0.00
54479.55,10896.00,0.00,0.00
54479.55,10896.00,0.00,0.00
54479.55,10896.00,0.00,0.00
54479.51,10896.00,-0.08,0.00
54479.43,10896.00,-0.16,0.00
54479.31,10896.00,-0.24,0.00
54479.15,10896.00,-0.32,0.00
54478.95,10896.00,-0.40,0.00
54478.71,10896.00,-0.48,0.00
54478.43,10896.00,-0.56,0.00
54478.11,10896.00,-0.64,0.00
54477.75,10896.00,-0.72,0.00
54477.35,10896.00,-0.80,0.00
54476.91,10896.00,-0.88,0.00
54476.43,10896.00,-0.96,0.00
54475.91,10896.00,-1.04,0.00
54475.35,10896.00,-1.12,0.00
54474.75,10896.00,-1.20,0.00
54474.11,10896.00,-1.28,0.00
54473.43,10896.00,-1.36,0.00
54472.71,10896.00,-1.44,0.00
54471.95,10896.00,-1.52,0.00
54471.15,10896.00,-1.60,0.00
54470.31,10896.00,-1.68,0.00
54469.43,10896.00,-1.76,0.00
54468.65,10896.00,-1.56,0.00
54468.01,10896.00,-1.28,0.00
54467.51,10896.00,-1.00,0.00
54467.15,10896.00,-0.72,0.00
54466.93,10896.00,-0.44,0.00
54466.85,10896.00,-0.16,0.00
54466.81,10896.00,-0.08,0.00
54466.81,10896.00,-0.00,0.00
54466.85,10896.00,0.08,0.00
54466.93,10896.00,0.16,0.00
54467.05,10896.00,0.24,0.00
54467.21,10896.00,0.32,0.00
54467.41,10896.00,0.40,0.00
54467.65,10896.00,0.48,0.00
54467.93,10896.00,0.56,0.00
54468.25,10896.00,0.64,0.00
54468.61,10896.00,0.72,0.00
54469.01,10896.00,0.80,0.00
54469.45,10896.00,0.88,0.00
54469.93,10896.00,0.96,0.00
54470.45,10896.00,1.04,0.00
54471.01,10896.00,1.12,0.00
54471.61,10896.00,1.20,0.00
54472.25,10896.00,1.28,0.00
54472.93,10896.00,1.36,0.00
54473.65,10896.00,1.44,0.00
54474.41,10896.00,1.52,0.00
54475.21,10896.00,1.60,0.00
54476.05,10896.00,1.68,0.00
54476.93,10896.00,1.76,0.00
54477.85,10896.00,1.84,0.00
54478.81,10896.00,1.92,0.00
54479.81,10896.00,2.00,0.00
54480.85,10896.00,2.08,0.00
54481.93,10896.00,2.16,0.00
54483.05,10896.00,2.24,0.00
54484.21,10896.00,2.32,0.00
54485.41,10896.00,2.40,0.00
54486.65,10896.00,2.48,0.00
54487.93,10896.00,2.56,0.00
54489.25,10896.00,2.64,0.00
54490.61,10896.00,2.72,0.00
54492.01,10896.00,2.80,0.00
54493.45,10896.00,2.88,0.00
54494.93,10896.00,2.96,0.00
54496.45,10896.00,3.04,0.00
54497.87,10896.00,2.84,0.00
54499.33,10896.00,2.92,0.00
54500.83,10896.00,3.00,0.00
54502.37,10896.00,3.08,0.00
54503.81,10896.00,2.88,0.00
54505.29,10896.00,2.96,0.00
54506.81,10896.00,3.04,0.00
54508.23,10896.00,2.84,0.00
54509.70,10896.00,2.92,0.00
54511.20,10896.00,3.00,0.00
54512.73,10896.00,3.08,0.00
54514.18,10896.00,2.88,0.00
54515.52,10896.00,2.68,0.00
54516.75,10896.00,2.48,0.00
54517.89,10896.00,2.28,0.00
54518.93,10896.00,2.08,0.00
54519.88,10896.00,1.88,0.00
54520.71,10896.00,1.68,0.00
54521.45,10896.00,1.48,0.00
54522.09,10896.00,1.28,0.00
54522.63,10896.00,1.08,0.00
54523.07,10896.00,0.88,0.00
54523.41,10896.00,0.68,0.00
54523.65,10896.00,0.48,0.00
54523.79,10896.00,0.28,0.00
54523.83,10896.00,0.08,0.00
54523.83,10896.00,0.00,0.00
54523.83,10896.00,0.00,0.00
54523.83,10896.00,0.00,0.00
54523.83,10896.00,0.00,0.00
54523.83,10896.00,0.00,0.00
54523.83,10896.00,0.00,0.00
54523.83,10896.00,0.00,0.00
54523.83,10896.00,0.00,0.00
54523.83,10896.00,0.00,0.00
54523.83,10896.00,0.00,0.00
54523.83,10896.00,0.00,0.00
54523.83,10896.00,0.00,0.00
54523.83,10896.00,0.00,0.00
54523.83,10896.00,0.00,0.00
54523.83,10896.00,0.00,0.00
54523.83,10896.00,0.00,0.00
54523.83,10896.00,0.00,0.00
54523.83,10896.00,0.00,0.00
54523.83,10896.00,0.00,0.00
54523.83,10896.00,0.00,0.00
54523.83,10896.00,0.00,0.00
54523.83,10896.00,0.00,0.00
54523.83,10896.00,0.00,0.00
54523.83,10896.00,0.00,0.00
54523.87,10896.00,0.08,0.00
54523.95,10896.00,0.16,0.00
54524.07,10896.00,0.24,0.00
54524.23,10896.00,0.32,0.00
54524.43,10896.00,0.40,0.00
54524.67,10896.00,0.48,0.00
54524.95,10896.00,0.56,0.00
54525.27,10896.00,0.64,0.00
54525.63,10896.00,0.72,0.00
54526.03,10896.00,0.80,0.00
54526.33,10896.00,0.60,0.00
54526.53,10896.00,0.40,0.00
54526.63,10896.00,0.20,0.00
54526.63,10896.00,0.00,0.00
54526.63,10896.00,0.00,0.00
54526.63,10896.00,0.00,0.00
54526.63,10896.00,0.00,0.00
54526.63,10896.00,0.00,0.00
54526.59,10896.00,-0.08,0.00
54526.51,10896.00,-0.16,0.00
54526.39,10896.00,-0.24,0.00
54526.23,10896.00,-0.32,0.00
54526.03,10896.00,-0.40,0.00
54525.79,10896.00,-0.48,0.00
54525.51,10896.00,-0.56,0.00
54525.19,10896.00,-0.64,0.00
54524.83,10896.00,-0.72,0.00
54524.43,10896.00,-0.80,0.00
54523.99,10896.00,-0.88,0.00
54523.51,10896.00,-0.96,0.00
54522.99,10896.00,-1.04,0.00
54522.43,10896.00,-1.12,0.00
54521.83,10896.00,-1.20,0.00
54521.19,10896.00,-1.28,0.00
54520.51,10896.00,-1.36,0.00
54519.79,10896.00,-1.44,0.00
54519.03,10896.00,-1.52,0.00
54518.23,10896.00,-1.60,0.00
54517.53,10896.00,-1.40,0.00
54516.93,10896.00,-1.20,0.00
54516.43,10896.00,-1.00,0.00
54516.07,10896.00,-0.72,0.00
54515.85,10896.00,-0.44,0.00
54515.77,10896.00,-0.16,0.00
54515.73,10896.00,-0.08,0.00
54515.73,10896.00,-0.00,0.00
54515.77,10896.00,0.08,0.00
54515.85,10896.00,0.16,0.00
54515.97,10896.00,0.24,0.00
54516.13,10896.00,0.32,0.00
54516.33,10896.00,0.40,0.00
54516.57,10896.00,0.48,0.00
54516.85,10896.00,0.56,0.00
54517.17,10896.00,0.64,0.00
54517.53,10896.00,0.72,0.00
54517.93,10896.00,0.80,0.00
54518.37,10896.00,0.88,0.00
54518.85,10896.00,0.96,0.00
54519.37,10896.00,1.04,0.00
54519.93,10896.00,1.12,0.00
54520.53,10896.00,1.20,0.00
54521.17,10896.00,1.28,0.00
54521.85,10896.00,1.36,0.00
54522.57,10896.00,1.44,0.00
54523.33,10896.00,1.52,0.00
54524.13,10896.00,1.60,0.00
54524.97,10896.00,1.68,0.00
54525.85,10896.00,1.76,0.00
54526.77,10896.00,1.84,0.00
54527.73,10896.00,1.92,0.00
54528.73,10896.00,2.00,0.00
54529.77,10896.00,2.08,0.00
54530.85,10896.00,2.16,0.00
54531.97,10896.00,2.24,0.00
54533.13,10896.00,2.32,0.00
54534.33,10896.00,2.40,0.00
54535.57,10896.00,2.48,0.00
54536.85,10896.00,2.56,0.00
54538.17,10896.00,2.64,0.00
54539.53,10896.00,2.72,0.00
54540.93,10896.00,2.80,0.00
54542.37,10896.00,2.88,0.00
54543.85,10896.00,2.96,0.00
54545.37,10896.00,3.04,0.00
54546.79,10896.00,2.84,0.00
54548.25,10896.00,2.92,0.00
54549.75,10896.00,3.00,0.00
54551.29,10896.00,3.08,0.00
54552.73,10896.00,2.88,0.00
54554.21,10896.00,2.96,0.00
54555.73,10896.00,3.04,0.00
54557.16,10896.00,2.84,0.00
54558.62,10896.00,2.92,0.00
54560.12,10896.00,3.00,0.00
54561.66,10896.00,3.08,0.00
54563.10,10896.00,2.88,0.00
54564.58,10896.00,2.96,0.00
54566.10,10896.00,3.04,0.00
54567.52,10896.00,2.84,0.00
54568.80,10904.00,2.56,0.00
54569.94,10904.00,2.28,0.00
54570.94,10904.00,2.00,0.00
54571.80,10904.00,1.72,0.00
54572.52,10904.00,1.44,0.00
54573.10,10904.00,1.16,0.00
54573.54,10904.00,0.88,0.00
54573.84,10904.00,0.60,0.00
54574.00,10904.00,0.32,0.00
54574.02,10904.00,0.04,0.00
54574.00,10904.00,-0.04,0.00
54573.94,10904.00,-0.12,0.00
54573.84,10904.00,-0.20,0.00
54573.70,10904.00,-0.28,0.00
54573.52,10904.00,-0.36,0.00
54573.30,10904.00,-0.44,0.00
54573.04,10904.00,-0.52,0.00
54572.74,10904.00,-0.60,0.00
54572.40,10904.00,-0.68,0.00
54572.02,10904.00,-0.76,0.00
54571.60,10904.00,-0.84,0.00
54571.14,10904.00,-0.92,0.00
54570.64,10904.00,-1.00,0.00
54570.10,10896.00,-1.08,0.00
54569.52,10896.00,-1.16,0.00
54568.90,10896.00,-1.24,0.00
54568.24,10896.00,-1.32,0.00
54567.54,10896.00,-1.40,0.00
54566.80,10896.00,-1.48,0.00
54566.02,10896.00,-1.56,0.00
54565.20,10896.00,-1.64,0.00
54564.34,10896.00,-1.72,0.00
54563.44,10896.00,-1.80,0.00
54562.50,10896.00,-1.88,0.00
54561.52,10896.00,-1.96,0.00
54560.50,10896.00,-2.04,0.00
54559.44,10896.00,-2.12,0.00
54558.34,10896.00,-2.20,0.00
54557.20,10896.00,-2.28,0.00
54556.02,10896.00,-2.36,0.00
54554.80,10896.00,-2.44,0.00
54553.54,10896.00,-2.52,0.00
54552.24,10896.00,-2.60,0.00
54550.90,10896.00,-2.68,0.00
54549.52,10896.00,-2.76,0.00
54548.10,10896.00,-2.84,0.00
54546.64,10896.00,-2.92,0.00
54545.14,10896.00,-3.00,0.00
54543.74,10896.00,-2.80,0.00
54542.30,10896.00,-2.88,0.00
54540.82,10896.00,-2.96,0.00
54539.44,10896.00,-2.76,0.00
54538.16,10896.00,-2.56,0.00
54536.98,10896.00,-2.36,0.00
54535.90,10896.00,-2.16,0.00
54534.92,10896.00,-1.96,0.00
54534.04,10896.00,-1.76,0.00
54533.26,10896.00,-1.56,0.00
54532.58,10896.00,-1.36,0.00
54532.00,10896.00,-1.16,0.00
54531.38,10896.00,-1.24,0.00
54530.72,10896.00,-1.32,0.00
54530.02,10896.00,-1.40,0.00
54529.28,10896.00,-1.48,0.00
54528.50,10896.00,-1.56,0.00
54527.68,10896.00,-1.64,0.00
54526.82,10896.00,-1.72,0.00
54525.92,10896.00,-1.80,0.00
54524.98,10896.00,-1.88,0.00
54524.00,10896.00,-1.96,0.00
54522.98,10896.00,-2.04,0.00
54522.06,10896.00,-1.84,0.00
54521.24,10896.00,-1.64,0.00
54520.52,10896.00,-1.44,0.00
54519.90,10896.00,-1.24,0.00
54519.38,10896.00,-1.04,0.00
54518.96,10896.00,-0.84,0.00
54518.64,10896.00,-0.64,0.00
54518.42,10896.00,-0.44,0.00
54518.30,10896.00,-0.24,0.00
54518.28,10896.00,-0.04,0.00
54518.28,10896.00,0.00,0.00
54518.28,10896.00,0.00,0.00
54518.28,10896.00,0.00,0.00
54518.28,10896.00,0.00,0.00
54518.28,10896.00,0.00,0.00
54518.28,10896.00,0.00,0.00
54518.28,10896.00,0.00,0.00
54518.28,10896.00,0.00,0.00
54518.28,10896.00,0.00,0.00
54518.28,10896.00,0.00,0.00
54518.28,10896.00,0.00,0.00
54518.28,10896.00,0.00,0.00
54518.28,10896.00,0.00,0.00
54518.28,10896.00,0.00,0.00
54518.28,10896.00,0.00,0.00
54518.28,10896.00,0.00,0.00
54518.28,10896.00,0.00,0.00
54518.28,10896.00,0.00,0.00
54518.28,10896.00,0.00,0.00
54518.28,10896.00,0.00,0.00
54518.28,10896.00,0.00,0.00
54518.28,10896.00,0.00,0.00
54518.28,10896.00,0.00,0.00
54518.28,10896.00,0.00,0.00
54518.28,10896.00,0.00,0.00
54518.28,10896.00,0.00,0.00
54518.28,10896.00,0.00,0.00
54518.28,10896.00,0.00,0.00
54518.28,10896.00,0.00,0.00
54518.28,10896.00,0.00,0.00
54518.28,10896.00,0.00,0.00
54518.28,10896.00,0.00,0.00
54518.28,10896.00,0.00,0.00
54518.28,10896.00,0.00,0.00
54518.28,10896.00,0.00,0.00
54518.28,10896.00,0.00,0.00
54518.28,10896.00,0.00,0.00
54518.28,10896.00,0.00,0.00
54518.28,10896.00,0.00,0.00
54518.28,10896.00,0.00,0.00
54518.28,10896.00,0.00,0.00
54518.28,10896.00,0.00,0.00
54518.28,10896.00,0.00,0.00
54518.28,10896.00,0.00,0.00
54518.28,10896.00,0.00,0.00
54518.28,10896.00,0.00,0.00
54518.28,10896.00,0.00,0.00
54518.28,10896.00,0.00,0.00
54518.28,10896.00,0.00,0.00
54518.28,10896.00,0.00,0.00
54518.28,10896.00,0.00,0.00
54518.28,10896.00,0.00,0.00
54518.28,10896.00,0.00,0.00
54518.28,10896.00,0.00,0.00
54518.28,10896.00,0.00,0.00
54518.28,10896.00,0.00,0.00
54518.28,10896.00,0.00,0.00
54518.28,10896.00,0.00,0.00
54518.28,10896.00,0.00,0.00
54518.28,10896.00,0.00,0.00
54518.28,10896.00,0.00,0.00
54518.28,10896.00,0.00,0.00
54518.28,10896.00,0.00,0.00
54518.32,10896.00,0.08,0.00
54518.39,10896.00,0.16,0.00
54518.52,10896.00,0.24,0.00
54518.68,10896.00,0.32,0.00
54518.88,10896.00,0.40,0.00
54519.11,10896.00,0.48,0.00
54519.39,10896.00,0.56,0.00
54519.71,10896.00,0.64,0.00
54520.07,10896.00,0.72,0.00
54520.47,10896.00,0.80,0.00
54520.91,10896.00,0.88,0.00
54521.25,10896.00,0.68,0.00
54521.49,10896.00,0.48,0.00
54521.63,10896.00,0.28,0.00
54521.67,10896.00,0.08,0.00
54521.67,10896.00,0.00,0.00
54521.67,10896.00,0.00,0.00
54521.67,10896.00,0.00,0.00
54521.67,10896.00,0.00,0.00
54521.67,10896.00,0.00,0.00
54521.67,10896.00,0.00,0.00
54521.67,10896.00,0.00,0.00
54521.67,10896.00,0.00,0.00
54521.67,10896.00,0.00,0.00
54521.67,10896.00,0.00,0.00
54521.67,10896.00,0.00,0.00
54521.67,10896.00,0.00,0.00
54521.67,10896.00,0.00,0.00
54521.67,10896.00,0.00,0.00
54521.67,10896.00,0.00,0.00
54521.67,10896.00,0.00,0.00
54521.71,10896.00,0.08,0.00
54521.79,10896.00,0.16,0.00
54521.91,10896.00,0.24,0.00
54522.07,10896.00,0.32,0.00
54522.27,10896.00,0.40,0.00
54522.51,10896.00,0.48,0.00
54522.79,10896.00,0.56,0.00
54522.97,10896.00,0.36,0.00
54523.05,10896.00,0.16,0.00
54523.05,10896.00,0.00,0.00
54523.05,10896.00,0.00,0.00
54523.05,10896.00,0.00,0.00
54523.05,10896.00,0.00,0.00
54523.05,10896.00,0.00,0.00
54523.05,10896.00,0.00,0.00
54523.05,10896.00,0.00,0.00
54523.05,10896.00,0.00,0.00
54523.05,10896.00,0.00,0.00
54523.05,10896.00,0.00,0.00
54523.05,10896.00,0.00,0.00
54523.05,10896.00,0.00,0.00
54523.05,10896.00,0.00,0.00
54523.05,10896.00,0.00,0.00
54523.05,10896.00,0.00,0.00
54523.05,10896.00,0.00,0.00
54523.05,10896.00,0.00,0.00
54523.05,10896.00,0.00,0.00
54523.05,10896.00,0.00,0.00
54523.05,10896.00,0.00,0.00
54523.05,10896.00,0.00,0.00
54523.05,10896.00,0.00,0.00
54523.05,10896.00,0.00,0.00
54523.05,10896.00,0.00,0.00
54523.05,10896.00,0.00,0.00
54523.05,10896.00,0.00,0.00
54523.05,10896.00,0.00,0.00
54523.05,10896.00,0.00,0.00
54523.05,10896.00,0.00,0.00
54523.05,10896.00,0.00,0.00
54523.05,10896.00,0.00,0.00
54523.05,10896.00,0.00,0.00
54523.05,10896.00,0.00,0.00
54523.05,10896.00,0.00,0.00
54523.05,10896.00,0.00,0.00
54523.05,10896.00,0.00,0.00
54523.05,10896.00,0.00,0.00
54523.05,10896.00,0.00,0.00
54523.05,10896.00,0.00,0.00
54523.05,10896.00,0.00,0.00
54523.05,10896.00,0.00,0.00
54523.05,10896.00,0.00,0.00
54523.05,10896.00,0.00,0.00
54523.05,10896.00,0.00,0.00
54523.05,10896.00,0.00,0.00
54523.05,10896.00,0.00,0.00
54523.05,10896.00,0.00,0.00
54523.05,10896.00,0.00,0.00
54523.05,10896.00,0.00,0.00
54523.05,10896.00,0.00,0.00
54523.05,10896.00,0.00,0.00
54523.05,10896.00,0.00,0.00
54523.05,10896.00,0.00,0.00
54523.05,10896.00,0.00,0.00
54523.05,10896.00,0.00,0.00
54523.05,10896.00,0.00,0.00
54523.05,10896.00,0.00,0.00
54523.05,10896.00,0.00,0.00
54523.05,10896.00,0.00,0.00
54523.05,10896.00,0.00,0.00
54523.05,10896.00,0.00,0.00
54523.05,10896.00,0.00,0.00
54523.05,10896.00,0.00,0.00
54523.05,10896.00,0.00,0.00
54523.05,10896.00,0.00,0.00
54523.05,10896.00,0.00,0.00
54523.05,10896.00,0.00,0.00
54523.05,10896.00,0.00,0.00
54523.05,10896.00,0.00,0.00
54523.05,10896.00,0.00,0.00
54523.05,10896.00,0.00,0.00
54523.05,10896.00,0.00,0.00
54523.05,10896.00,0.00,0.00
54523.05,10896.00,0.00,0.00
54523.01,10896.00,-0.08,0.00
54522.93,10896.00,-0.16,0.00
54522.81,10896.00,-0.24,0.00
54522.65,10896.00,-0.32,0.00
54522.45,10896.00,-0.40,0.00
54522.21,10896.00,-0.48,0.00
54521.93,10896.00,-0.56,0.00
54521.61,10896.00,-0.64,0.00
54521.25,10896.00,-0.72,0.00
54520.85,10896.00,-0.80,0.00
54520.41,10896.00,-0.88,0.00
54519.93,10896.00,-0.96,0.00
54519.41,10896.00,-1.04,0.00
54518.85,10896.00,-1.12,0.00
54518.25,10896.00,-1.20,0.00
54517.61,10896.00,-1.28,0.00
54516.93,10896.00,-1.36,0.00
54516.21,10896.00,-1.44,0.00
54515.45,10896.00,-1.52,0.00
54514.65,10896.00,-1.60,0.00
54513.81,10896.00,-1.68,0.00
54512.93,10896.00,-1.76,0.00
54512.01,10896.00,-1.84,0.00
54511.05,10896.00,-1.92,0.00
54510.05,10896.00,-2.00,0.00
54509.01,10896.00,-2.08,0.00
54507.93,10896.00,-2.16,0.00
54506.81,10896.00,-2.24,0.00
54505.65,10896.00,-2.32,0.00
54504.45,10896.00,-2.40,0.00
54503.21,10896.00,-2.48,0.00
54502.07,10896.00,-2.28,0.00
54501.03,10896.00,-2.08,0.00
54500.09,10896.00,-1.88,0.00
54499.25,10896.00,-1.68,0.00
54498.51,10896.00,-1.48,0.00
54497.73,10896.00,-1.56,0.00
54496.91,10896.00,-1.64,0.00
54496.05,10896.00,-1.72,0.00
54495.15,10896.00,-1.80,0.00
54494.21,10896.00,-1.88,0.00
54493.23,10896.00,-1.96,0.00
54492.21,10896.00,-2.04,0.00
54491.15,10896.00,-2.12,0.00
54490.05,10896.00,-2.20,0.00
54488.91,10896.00,-2.28,0.00
54487.87,10896.00,-2.08,0.00
54486.93,10896.00,-1.88,0.00
54486.09,10896.00,-1.68,0.00
54485.35,10896.00,-1.48,0.00
54484.71,10896.00,-1.28,0.00
54484.17,10896.00,-1.08,0.00
54483.73,10896.00,-0.88,0.00
54483.39,10896.00,-0.68,0.00
54483.15,10896.00,-0.48,0.00
54483.01,10896.00,-0.28,0.00
54482.97,10896.00,-0.08,0.00
54482.97,10896.00,0.00,0.00
54482.97,10896.00,0.00,0.00
54482.97,10896.00,0.00,0.00
54482.97,10896.00,0.00,0.00
54483.01,10896.00,0.08,0.00
54483.09,10896.00,0.16,0.00
54483.21,10896.00,0.24,0.00
54483.37,10896.00,0.32,0.00
54483.57,10896.00,0.40,0.00
54483.81,10896.00,0.48,0.00
54484.09,10896.00,0.56,0.00
54484.41,10896.00,0.64,0.00
54484.77,10896.00,0.72,0.00
54485.17,10896.00,0.80,0.00
54485.61,10896.00,0.88,0.00
54486.09,10896.00,0.96,0.00
54486.61,10896.00,1.04,0.00
54487.17,10896.00,1.12,0.00
54487.77,10896.00,1.20,0.00
54488.41,10896.00,1.28,0.00
54489.09,10896.00,1.36,0.00
54489.81,10896.00,1.44,0.00
54490.57,10896.00,1.52,0.00
54491.37,10896.00,1.60,0.00
54492.21,10896.00,1.68,0.00
54493.09,10896.00,1.76,0.00
54494.01,10896.00,1.84,0.00
54494.83,10896.00,1.64,0.00
54495.55,10896.00,1.44,0.00
54496.17,10896.00,1.24,0.00
54496.69,10896.00,1.04,0.00
54497.11,10896.00,0.84,0.00
54497.43,10896.00,0.64,0.00
54497.61,10896.00,0.36,0.00
54497.65,10896.00,0.08,0.00
54497.65,10896.00,0.00,0.00
54497.61,10896.00,-0.08,0.00
54497.54,10896.00,-0.16,0.00
54497.41,10896.00,-0.24,0.00
54497.25,10896.00,-0.32,0.00
54497.05,10896.00,-0.40,0.00
54496.95,10896.00,-0.20,0.00
54496.95,10896.00,0.00,0.00
54496.95,10896.00,0.00,0.00
54496.95,10896.00,0.00,0.00
54496.95,10896.00,0.00,0.00
54496.95,10896.00,0.00,0.00
54496.95,10896.00,0.00,0.00
54496.95,10896.00,0.00,0.00
54496.95,10896.00,0.00,0.00
54496.95,10896.00,0.00,0.00
54496.95,10896.00,0.00,0.00
54496.95,10896.00,0.00,0.00
54496.95,10896.00,0.00,0.00
54496.95,10896.00,0.00,0.00
54496.95,10896.00,0.00,0.00
54496.95,10896.00,0.00,0.00
54496.95,10896.00,0.00,0.00
54496.95,10896.00,0.00,0.00
54496.95,10896.00,0.00,0.00
54496.95,10896.00,0.00,0.00
54496.95,10896.00,0.00,0.00
54496.95,10896.00,0.00,0.00
54496.95,10896.00,0.00,0.00
54496.95,10896.00,0.00,0.00
54496.95,10896.00,0.00,0.00
54496.95,10896.00,0.00,0.00
54496.91,10896.00,-0.08,0.00
54496.84,10896.00,-0.16,0.00
54496.71,10896.00,-0.24,0.00
54496.55,10896.00,-0.32,0.00
54496.36,10896.00,-0.40,0.00
54496.12,10896.00,-0.48,0.00
54495.84,10896.00,-0.56,0.00
54495.52,10896.00,-0.64,0.00
54495.16,10896.00,-0.72,0.00
54494.76,10896.00,-0.80,0.00
54494.32,10896.00,-0.88,0.00
54493.84,10896.00,-0.96,0.00
54493.32,10896.00,-1.04,0.00
54492.76,10896.00,-1.12,0.00
54492.16,10896.00,-1.20,0.00
54491.52,10896.00,-1.28,0.00
54490.84,10896.00,-1.36,0.00
54490.12,10896.00,-1.44,0.00
54489.36,10896.00,-1.52,0.00
54488.55,10896.00,-1.60,0.00
54487.71,10896.00,-1.68,0.00
54486.84,10896.00,-1.76,0.00
54485.91,10896.00,-1.84,0.00
54484.95,10896.00,-1.92,0.00
54483.95,10896.00,-2.00,0.00
54482.91,10896.00,-2.08,0.00
54481.84,10896.00,-2.16,0.00
54480.71,10896.00,-2.24,0.00
54479.55,10896.00,-2.32,0.00
54478.36,10896.00,-2.40,0.00
54477.12,10896.00,-2.48,0.00
54475.84,10896.00,-2.56,0.00
54474.52,10896.00,-2.64,0.00
54473.16,10896.00,-2.72,0.00
54471.76,10896.00,-2.80,0.00
54470.32,10896.00,-2.88,0.00
54468.84,10896.00,-2.96,0.00
54467.32,10896.00,-3.04,0.00
54465.89,10896.00,-2.84,0.00
54464.43,10896.00,-2.92,0.00
54463.07,10896.00,-2.72,0.00
54461.81,10896.00,-2.52,0.00
54460.69,10896.00,-2.24,0.00
54459.71,10896.00,-1.96,0.00
54458.87,10896.00,-1.68,0.00
54458.17,10888.00,-1.40,0.00
54457.61,10888.00,-1.12,0.00
54457.19,10888.00,-0.84,0.00
54456.91,10888.00,-0.56,0.00
54456.77,10888.00,-0.28,0.00
54456.77,10888.00,0.00,0.00
54456.81,10888.00,0.08,0.00
54456.89,10888.00,0.16,0.00
54457.01,10888.00,0.24,0.00
54457.17,10888.00,0.32,0.00
54457.37,10888.00,0.40,0.00
54457.61,10888.00,0.48,0.00
54457.89,10896.00,0.56,0.00
54458.21,10896.00,0.64,0.00
54458.57,10896.00,0.72,0.00
54458.96,10896.00,0.80,0.00
54459.41,10896.00,0.88,0.00
54459.89,10896.00,0.96,0.00
54460.41,10896.00,1.04,0.00
54460.96,10896.00,1.12,0.00
54461.57,10896.00,1.20,0.00
54462.21,10896.00,1.28,0.00
54462.89,10896.00,1.36,0.00
54463.61,10896.00,1.44,0.00
54464.37,10896.00,1.52,0.00
54465.17,10896.00,1.60,0.00
54466.01,10896.00,1.68,0.00
54466.89,10896.00,1.76,0.00
54467.81,10896.00,1.84,0.00
54468.77,10896.00,1.92,0.00
54469.77,10896.00,2.00,0.00
54470.81,10896.00,2.08,0.00
54471.89,10896.00,2.16,0.00
54473.01,10896.00,2.24,0.00
54474.17,10896.00,2.32,0.00
54475.37,10896.00,2.40,0.00
54476.61,10896.00,2.48,0.00
54477.89,10896.00,2.56,0.00
54479.21,10896.00,2.64,0.00
54480.57,10896.00,2.72,0.00
54481.96,10896.00,2.80,0.00
54483.41,10896.00,2.88,0.00
54484.89,10896.00,2.96,0.00
54486.41,10896.00,3.04,0.00
54487.83,10896.00,2.84,0.00
54489.29,10896.00,2.92,0.00
54490.79,10896.00,3.00,0.00
54492.19,10896.00,2.80,0.00
54493.63,10896.00,2.88,0.00
54495.11,10896.00,2.96,0.00
54496.63,10896.00,3.04,0.00
54498.05,10896.00,2.84,0.00
54499.51,10896.00,2.92,0.00
54501.01,10896.00,3.00,0.00
54502.41,10896.00,2.80,0.00
54503.85,10896.00,2.88,0.00
54505.33,10896.00,2.96,0.00
54506.71,10896.00,2.76,0.00
54507.99,10896.00,2.56,0.00
54509.17,10896.00,2.36,0.00
54510.25,10896.00,2.16,0.00
54511.23,10896.00,1.96,0.00
54512.11,10896.00,1.76,0.00
54512.89,10896.00,1.56,0.00
54513.57,10896.00,1.36,0.00
54514.15,10896.00,1.16,0.00
54514.63,10896.00,0.96,0.00
54515.01,10896.00,0.76,0.00
54515.29,10896.00,0.56,0.00
54515.47,10896.00,0.36,0.00
54515.55,10896.00,0.16,0.00
54515.55,10896.00,0.00,0.00
54515.55,10896.00,0.00,0.00
54515.55,10896.00,0.00,0.00
54515.55,10896.00,0.00,0.00
54515.55,10896.00,0.00,0.00
54515.55,10896.00,0.00,0.00
54515.55,10896.00,0.00,0.00
54515.55,10896.00,0.00,0.00
54515.55,10896.00,0.00,0.00
54515.55,10896.00,0.00,0.00
54515.55,10896.00,0.00,0.00
54515.55,10896.00,0.00,0.00
54515.55,10896.00,0.00,0.00
54515.55,10896.00,0.00,0.00
54515.55,10896.00,0.00,0.00
54515.55,10896.00,0.00,0.00
54515.59,10896.00,0.08,0.00
54515.66,10896.00,0.16,0.00
54515.79,10896.00,0.24,0.00
54515.95,10896.00,0.32,0.00
54516.14,10896.00,0.40,0.00
54516.38,10896.00,0.48,0.00
54516.66,10896.00,0.56,0.00
54516.98,10896.00,0.64,0.00
54517.34,10896.00,0.72,0.00
54517.74,10896.00,0.80,0.00
54518.18,10896.00,0.88,0.00
54518.66,10896.00,0.96,0.00
54519.18,10896.00,1.04,0.00
54519.74,10896.00,1.12,0.00
54520.34,10896.00,1.20,0.00
54520.98,10896.00,1.28,0.00
54521.66,10896.00,1.36,0.00
54522.38,10896.00,1.44,0.00
54523.14,10896.00,1.52,0.00
54523.95,10896.00,1.60,0.00
54524.79,10896.00,1.68,0.00
54525.66,10896.00,1.76,0.00
54526.59,10896.00,1.84,0.00
54527.55,10896.00,1.92,0.00
54528.55,10896.00,2.00,0.00
54529.59,10896.00,2.08,0.00
54530.66,10896.00,2.16,0.00
54531.79,10896.00,2.24,0.00
54532.95,10896.00,2.32,0.00
54534.14,10896.00,2.40,0.00
54535.38,10896.00,2.48,0.00
54536.66,10896.00,2.56,0.00
54537.98,10896.00,2.64,0.00
54539.34,10896.00,2.72,0.00
54540.74,10896.00,2.80,0.00
54542.18,10896.00,2.88,0.00
54543.66,10896.00,2.96,0.00
54545.18,10896.00,3.04,0.00
54546.61,10896.00,2.84,0.00
54548.07,10896.00,2.92,0.00
54549.57,10896.00,3.00,0.00
54551.11,10896.00,3.08,0.00
54552.55,10896.00,2.88,0.00
54554.03,10896.00,2.96,0.00
54555.55,10896.00,3.04,0.00
54556.97,10896.00,2.84,0.00
54558.43,10896.00,2.92,0.00
54559.93,10896.00,3.00,0.00
54561.47,10896.00,3.08,0.00
54562.91,10896.00,2.88,0.00
54564.39,10896.00,2.96,0.00
54565.91,10896.00,3.04,0.00
54567.33,10896.00,2.84,0.00
54568.79,10904.00,2.92,0.00
54570.29,10904.00,3.00,0.00
54571.83,10904.00,3.08,0.00
54573.27,10904.00,2.88,0.00
54574.75,10904.00,2.96,0.00
54576.27,10904.00,3.04,0.00
54577.70,10904.00,2.84,0.00
54579.16,10904.00,2.92,0.00
54580.66,10904.00,3.00,0.00
54582.20,10904.00,3.08,0.00
54583.64,10904.00,2.88,0.00
54585.12,10912.00,2.96,0.00
54586.64,10912.00,3.04,0.00
54588.06,10912.00,2.84,0.00
54589.52,10912.00,2.92,0.00
54591.02,10912.00,3.00,0.00
54592.56,10912.00,3.08,0.00
54594.00,10912.00,2.88,0.00
54595.48,10912.00,2.96,0.00
54597.00,10912.00,3.04,0.00
54598.42,10912.00,2.84,0.00
54599.88,10912.00,2.92,0.00
54601.38,10912.00,3.00,0.00
54602.92,10912.92,3.08,0.00
54604.36,10914.36,2.88,0.00
54605.84,10915.84,2.96,0.00
54607.36,10917.36,3.04,0.00
54608.79,10918.79,2.84,0.00
54610.25,10920.25,2.92,0.00
54611.75,10921.75,3.00,0.00
54613.29,10923.29,3.08,0.00
54614.73,10924.73,2.88,0.00
54616.21,10926.21,2.96,0.00
54617.73,10927.73,3.04,0.00
54619.15,10929.15,2.84,0.00
54620.61,10930.61,2.92,0.00
54622.11,10932.11,3.00,0.00
54623.65,10933.65,3.08,0.00
54625.09,10935.09,2.88,0.00
54626.57,10936.57,2.96,0.00
54628.09,10938.09,3.04,0.00
54629.51,10939.51,2.84,0.00
54630.97,10940.97,2.92,0.00
54632.47,10941.07,3.00,0.20
54634.01,10941.27,3.08,0.40
54635.50,10941.57,2.98,0.60
54637.03,10941.97,3.06,0.80
54638.51,10942.47,2.96,1.00
54640.03,10943.07,3.04,1.20
54641.50,10943.77,2.94,1.40
54643.01,10944.57,3.02,1.60
54644.47,10945.47,2.92,1.80
54645.97,10946.47,3.00,2.00
54647.51,10947.57,3.08,2.20
54649.00,10948.77,2.98,2.40
54650.53,10950.07,3.06,2.60
54652.01,10951.47,2.96,2.80
54653.53,10952.97,3.04,3.00
54655.00,10954.57,2.94,3.20
54656.51,10956.27,3.02,3.40
54657.97,10958.07,2.92,3.60
54659.47,10960.00,3.00,1.93
54661.01,10960.00,3.08,0.00
54662.45,10960.00,2.88,0.00
54663.93,10960.00,2.96,0.00
54665.45,10960.00,3.04,0.00
54666.88,10960.00,2.84,0.00
54668.34,10960.00,2.92,0.00
54669.84,10960.00,3.00,0.00
54671.38,10960.00,3.08,0.00
54672.82,10960.00,2.88,0.00
54674.30,10960.00,2.96,0.00
54675.82,10960.00,3.04,0.00
54677.24,10960.00,2.84,0.00
54678.70,10960.00,2.92,0.00
54680.20,10960.00,3.00,0.00
54681.74,10968.00,3.08,0.00
54683.18,10968.00,2.88,0.00
54684.66,10968.00,2.96,0.00
54686.18,10968.00,3.04,0.00
54687.60,10968.00,2.84,0.00
54689.06,10968.00,2.92,0.00
54690.56,10968.00,3.00,0.00
54692.10,10968.00,3.08,0.00
54693.54,10968.00,2.88,0.00
54695.02,10968.00,2.96,0.00
54696.54,10976.00,3.04,0.00
54697.96,10976.00,2.84,0.00
54699.43,10976.00,2.92,0.00
54700.93,10976.00,3.00,0.00
54702.46,10976.00,3.08,0.00
54703.91,10976.00,2.88,0.00
54705.39,10976.00,2.96,0.00
54706.91,10976.00,3.04,0.00
54708.33,10976.00,2.84,0.00
54709.79,10976.00,2.92,0.00
54711.29,10976.00,3.00,0.00
54712.83,10976.00,3.08,0.00
54714.27,10976.00,2.88,0.00
54715.75,10976.00,2.96,0.00
54717.27,10976.00,3.04,0.00
54718.69,10976.00,2.84,0.00
54720.15,10976.00,2.92,0.00
54721.65,10976.00,3.00,0.00
54723.19,10976.00,3.08,0.00
54724.63,10968.00,2.88,0.00
54726.11,10968.00,2.96,0.00
54727.63,10968.00,3.04,0.00
54729.05,10968.00,2.84,0.00
54730.52,10968.00,2.92,0.00
54731.88,10968.00,2.72,0.00
54733.14,10968.00,2.52,0.00
54734.30,10968.00,2.32,0.00
54735.36,10968.00,2.12,0.00
54736.28,10968.00,1.84,0.00
54737.06,10968.00,1.56,0.00
54737.70,10968.00,1.28,0.00
54738.20,10968.00,1.00,0.00
54738.56,10968.00,0.72,0.00
54738.78,10968.00,0.44,0.00
54738.86,10968.00,0.16,0.00
54738.89,10968.00,0.08,0.00
54738.89,10968.00,-0.00,0.00
54738.86,10968.00,-0.08,0.00
54738.78,10968.00,-0.16,0.00
54738.66,10968.00,-0.24,0.00
54738.50,10968.00,-0.32,0.00
54738.30,10968.00,-0.40,0.00
54738.06,10968.00,-0.48,0.00
54737.78,10968.00,-0.56,0.00
54737.46,10968.00,-0.64,0.00
54737.10,10968.00,-0.72,0.00
54736.70,10968.00,-0.80,0.00
54736.26,10968.00,-0.88,0.00
54735.78,10968.00,-0.96,0.00
54735.26,10968.00,-1.04,0.00
54734.70,10968.00,-1.12,0.00
54734.10,10968.00,-1.20,0.00
54733.46,10968.00,-1.28,0.00
54732.78,10968.00,-1.36,0.00
54732.06,10968.00,-1.44,0.00
54731.30,10968.00,-1.52,0.00
54730.50,10968.00,-1.60,0.00
54729.66,10968.00,-1.68,0.00
54728.78,10968.00,-1.76,0.00
54727.86,10968.00,-1.84,0.00
54726.89,10976.00,-1.92,0.00
54725.89,10976.00,-2.00,0.00
54724.86,10976.00,-2.08,0.00
54723.78,10976.00,-2.16,0.00
54722.66,10976.00,-2.24,0.00
54721.50,10976.00,-2.32,0.00
54720.30,10976.00,-2.40,0.00
54719.06,10976.00,-2.48,0.00
54717.78,10976.00,-2.56,0.00
54716.46,10976.00,-2.64,0.00
54715.10,10976.00,-2.72,0.00
54713.70,10976.00,-2.80,0.00
54712.26,10976.00,-2.88,0.00
54710.78,10976.00,-2.96,0.00
54709.26,10976.00,-3.04,0.00
54707.84,10976.00,-2.84,0.00
54706.38,10976.00,-2.92,0.00
54704.88,10976.00,-3.00,0.00
54703.48,10976.00,-2.80,0.00
54702.04,10976.00,-2.88,0.00
54700.55,10976.00,-2.96,0.00
54699.04,10968.00,-3.04,0.00
54697.61,10968.00,-2.84,0.00
54696.15,10968.00,-2.92,0.00
54694.65,10968.00,-3.00,0.00
54693.25,10965.09,-2.80,-5.81
54691.81,10962.19,-2.88,-5.81
54690.33,10959.28,-2.96,-5.81
54688.81,10956.38,-3.04,-5.81
54687.34,10953.47,-2.94,-5.81
54685.83,10950.57,-3.02,-5.81
54684.37,10947.66,-2.92,-5.81
54682.87,10944.76,-3.00,-5.81
54681.42,10941.85,-2.90,-5.81
54679.93,10938.95,-2.98,-5.81
54678.40,10936.04,-3.06,-5.81
54676.92,10933.14,-2.96,-5.81
54675.40,10930.23,-3.04,-5.81
54673.93,10927.33,-2.94,-5.81
54672.42,10924.42,-3.02,-5.81
54670.96,10921.52,-2.92,-5.81
54669.46,10918.61,-3.00,-5.81
54668.01,10915.71,-2.90,-5.81
54666.52,10912.80,-2.98,-5.81
54664.99,10909.89,-3.06,-5.81
54663.51,10906.99,-2.96,-5.81
54661.99,10904.18,-3.04,-5.61
54660.52,10901.48,-2.94,-5.41
54659.01,10898.87,-3.02,-5.21
54657.55,10896.37,-2.92,-5.01
54656.05,10893.96,-3.00,-4.81
54654.60,10891.66,-2.90,-4.61
54653.11,10889.45,-2.98,-4.41
54651.58,10887.35,-3.06,-4.21
54650.10,10885.34,-2.96,-4.01
54648.58,10883.44,-3.04,-3.81
54647.11,10881.63,-2.94,-3.61
54645.60,10879.93,-3.02,-3.41
54644.14,10878.32,-2.92,-3.21
54642.64,10876.82,-3.00,-3.01
54641.19,10875.41,-2.90,-2.81
54639.70,10874.11,-2.98,-2.61
54638.17,10872.90,-3.06,-2.41
54636.69,10871.80,-2.96,-2.21
54635.17,10870.79,-3.04,-2.01
54633.70,10869.89,-2.94,-1.81
54632.19,10869.08,-3.02,-1.61
54630.73,10868.38,-2.92,-1.41
54629.23,10867.77,-3.00,-1.21
54627.78,10867.27,-2.90,-1.01
54626.29,10866.86,-2.98,-0.81
54624.76,10866.56,-3.06,-0.61
54623.28,10866.35,-2.96,-0.41
54621.76,10866.25,-3.04,-0.21
54620.29,10866.24,-2.94,-0.01
54618.78,10866.34,-3.02,0.19
54617.32,10866.53,-2.92,0.39
54615.82,10866.83,-3.00,0.59
54614.37,10867.22,-2.90,0.79
54612.88,10867.72,-2.98,0.99
54611.35,10868.31,-3.06,1.19
54609.87,10869.01,-2.96,1.39
54608.35,10869.80,-3.04,1.59
54606.88,10870.70,-2.94,1.79
54605.37,10871.69,-3.02,1.99
54603.91,10872.79,-2.92,2.19
54602.41,10873.98,-3.00,2.39
54600.96,10875.28,-2.90,2.59
54599.47,10876.67,-2.98,2.79
54597.94,10878.17,-3.06,2.99
54596.46,10879.76,-2.96,3.19
54594.94,10881.46,-3.04,3.39
54593.47,10883.25,-2.94,3.59
54591.96,10885.15,-3.02,3.79
54590.50,10887.14,-2.92,3.99
54589.00,10889.24,-3.00,4.19
54587.55,10891.43,-2.90,4.39
54586.06,10893.73,-2.98,4.59
54584.53,10896.12,-3.06,4.79
54583.05,10898.62,-2.96,4.99
54581.53,10901.12,-3.04,5.01
54580.06,10904.00,-2.94,2.88
54578.55,10904.00,-3.02,0.00
54577.14,10904.00,-2.82,0.00
54575.69,10904.00,-2.90,0.00
54574.20,10904.00,-2.98,0.00
54572.67,10904.00,-3.06,0.00
54571.24,10896.00,-2.86,0.00
54569.77,10896.00,-2.94,0.00
54568.26,10896.00,-3.02,0.00
54566.85,10896.00,-2.82,0.00
54565.40,10896.00,-2.90,0.00
54563.91,10896.00,-2.98,0.00
54562.38,10896.00,-3.06,0.00
54560.95,10896.00,-2.86,0.00
54559.48,10896.00,-2.94,0.00
54557.97,10896.00,-3.02,0.00
54556.56,10896.00,-2.82,0.00
54555.11,10896.00,-2.90,0.00
54553.62,10896.00,-2.98,0.00
54552.09,10896.00,-3.06,0.00
54550.66,10896.00,-2.86,0.00
54549.20,10896.00,-2.94,0.00
54547.68,10896.00,-3.02,0.00
54546.27,10896.00,-2.82,0.00
54544.82,10896.00,-2.90,0.00
54543.34,10896.00,-2.98,0.00
54541.80,10896.00,-3.06,0.00
54540.38,10896.00,-2.86,0.00
54538.91,10896.00,-2.94,0.00
54537.39,10896.00,-3.02,0.00
54535.98,10896.00,-2.82,0.00
54534.54,10896.00,-2.90,0.00
54533.05,10896.00,-2.98,0.00
54531.52,10896.00,-3.06,0.00
54530.09,10896.00,-2.86,0.00
54528.62,10896.00,-2.94,0.00
54527.11,10896.00,-3.02,0.00
54525.70,10896.00,-2.82,0.00
54524.25,10896.00,-2.90,0.00
54522.76,10896.00,-2.98,0.00
54521.23,10896.00,-3.06,0.00
54519.80,10896.00,-2.86,0.00
54518.33,10896.00,-2.94,0.00
54516.82,10896.00,-3.02,0.00
54515.41,10896.00,-2.82,0.00
54513.96,10893.09,-2.90,-5.81
54512.47,10890.19,-2.98,-5.81
54510.94,10887.28,-3.06,-5.81
54509.46,10884.38,-2.96,-5.81
54507.94,10881.47,-3.04,-5.81
54506.47,10878.57,-2.94,-5.81
54504.96,10875.66,-3.02,-5.81
54503.50,10872.76,-2.92,-5.81
54502.00,10869.85,-3.00,-5.81
54500.55,10866.95,-2.90,-5.81
54499.06,10864.04,-2.98,-5.81
54497.53,10861.14,-3.06,-5.81
54496.05,10858.23,-2.96,-5.81
54494.53,10855.33,-3.04,-5.81
54491.59,10849.72,-2.94,-5.61
54488.57,10844.51,-3.02,-5.21
54485.64,10839.70,-2.92,-4.81
54482.64,10835.29,-3.00,-4.41
54479.75,10831.28,-2.90,-4.01
54476.77,10827.67,-2.98,-3.61
54473.71,10824.46,-3.06,-3.21
54470.75,10821.65,-2.96,-2.81
54467.71,10819.24,-3.04,-2.41
54464.77,10817.23,-2.94,-2.01
54461.75,10815.62,-3.02,-1.61
54458.82,10814.41,-2.92,-1.21
54455.82,10813.60,-3.00,-0.81
54452.93,10813.19,-2.90,-0.41
54449.95,10813.18,-2.98,-0.01
54446.89,10813.57,-3.06,0.39
54443.93,10814.36,-2.96,0.79
54440.89,10815.55,-3.04,1.19
54437.95,10817.14,-2.94,1.59
54434.93,10819.13,-3.02,1.99
54432.00,10821.52,-2.92,2.39
54429.00,10824.31,-3.00,2.79
54426.11,10827.50,-2.90,3.19
54423.12,10831.09,-2.98,3.59
54420.07,10835.08,-3.06,3.99
54417.11,10839.47,-2.96,4.39
54414.07,10844.26,-3.04,4.79
54411.12,10849.45,-2.94,5.19
54408.11,10848.00,-3.02,0.00
54405.29,10848.00,-2.82,0.00
54402.39,10848.00,-2.90,0.00
54399.41,10848.00,-2.98,0.00
54396.62,10848.00,-2.78,0.00
54394.05,10848.00,-2.58,0.00
54391.67,10848.00,-2.38,0.00
54389.49,10848.00,-2.18,0.00
54387.51,10848.00,-1.98,0.00
54385.73,10848.00,-1.78,0.00
54384.15,10848.00,-1.58,0.00
54382.77,10848.00,-1.38,0.00
54381.59,10848.00,-1.18,0.00
54380.61,10848.00,-0.98,0.00
54379.83,10848.00,-0.78,0.00
54379.25,10848.00,-0.58,0.00
54378.87,10848.00,-0.38,0.00
54378.69,10848.00,-0.18,0.00
54378.69,10848.00,0.00,0.00
54378.69,10848.00,0.00,0.00
54378.69,10848.00,0.00,0.00
54378.69,10848.00,0.00,0.00
54378.69,10848.00,0.00,0.00
54378.69,10848.00,0.00,0.00
54378.69,10848.00,0.00,0.00
54378.69,10848.00,0.00,0.00
54378.69,10848.00,0.00,0.00
54378.69,10848.00,0.00,0.00
54378.69,10848.00,0.00,0.00
54378.69,10848.00,0.00,0.00
54378.61,10848.00,-0.08,0.00
54378.45,10848.00,-0.16,0.00
54378.21,10848.00,-0.24,0.00
54377.89,10848.00,-0.32,0.00
54377.50,10848.00,-0.40,0.00
54377.02,10848.00,-0.48,0.00
54376.46,10848.00,-0.56,0.00
54375.82,10848.00,-0.64,0.00
54375.10,10848.00,-0.72,0.00
54374.30,10848.00,-0.80,0.00
54373.42,10848.58,-0.88,0.00
54372.46,10849.54,-0.96,0.00
54371.42,10850.58,-1.04,0.00
54370.30,10851.70,-1.12,0.00
54369.10,10852.90,-1.20,0.00
54367.82,10854.18,-1.28,0.00
54366.46,10855.54,-1.36,0.00
54365.02,10856.98,-1.44,0.00
54364.39,10857.61,-1.24,0.00
54363.88,10858.12,-1.04,0.00
54363.45,10858.55,-0.84,0.00
54363.13,10858.87,-0.64,0.00
54362.91,10859.09,-0.44,0.00
54362.79,10859.21,-0.24,0.00
54362.77,10859.23,-0.04,0.00
54362.77,10859.23,0.00,0.00
54362.77,10859.23,0.00,0.00
54362.77,10859.23,0.00,0.00
54362.77,10859.23,0.00,0.00
54362.77,10859.23,0.00,0.00
54362.77,10859.23,0.00,0.00
54362.77,10859.23,0.00,0.00
54362.77,10859.23,0.00,0.00
54362.77,10859.23,0.00,0.00
54362.77,10859.23,0.00,0.00
54362.77,10859.23,0.00,0.00
54362.77,10859.23,0.00,0.00
54362.77,10859.23,0.00,0.00
54362.77,10859.23,0.00,0.00
54362.77,10859.23,0.00,0.00
54362.77,10859.23,0.00,0.00
54362.77,10859.23,0.00,0.00
54362.77,10859.23,0.00,0.00
54362.77,10859.23,0.00,0.00
54362.77,10859.23,0.00,0.00
54362.77,10859.23,0.00,0.00
54362.77,10859.23,0.00,0.00
54362.77,10859.23,0.00,0.00
54362.77,10859.23,0.00,0.00
54362.77,10859.23,0.00,0.00
54362.77,10859.23,0.00,0.00
54362.77,10859.23,0.00,0.00
54362.77,10859.23,0.00,0.00
54362.77,10859.23,0.00,0.00
54362.77,10859.23,0.00,0.00
54362.77,10859.23,0.00,0.00
54362.77,10859.23,0.00,0.00
54362.77,10859.23,0.00,0.00
54362.77,10859.23,0.00,0.00
54362.77,10859.23,0.00,0.00
54362.77,10859.23,0.00,0.00
54362.77,10859.23,0.00,0.00
54362.77,10859.23,0.00,0.00
54362.77,10859.23,0.00,0.00
54362.73,10859.27,-0.08,0.00
54362.66,10859.34,-0.16,0.00
54362.54,10859.46,-0.24,0.00
54362.38,10859.62,-0.32,0.00
54362.18,10859.82,-0.40,0.00
54361.94,10860.06,-0.48,0.00
54361.66,10860.16,-0.56,0.20
54361.34,10860.36,-0.64,0.40
54360.98,10860.66,-0.72,0.60
54360.58,10861.06,-0.80,0.80
54360.14,10861.56,-0.88,1.00
54359.66,10862.16,-0.96,1.20
54359.14,10862.86,-1.04,1.40
54358.58,10863.42,-1.12,0.00
54358.12,10863.52,-0.92,0.20
54357.71,10863.72,-0.82,0.40
54357.35,10864.00,-0.72,0.28
54357.04,10864.00,-0.62,0.00
54356.83,10864.00,-0.42,0.00
54356.72,10864.00,-0.22,0.00
54356.71,10864.00,-0.02,0.00
54356.71,10864.00,0.00,0.00
54356.71,10864.00,0.00,0.00
54356.71,10864.00,0.00,0.00
54356.71,10864.00,0.00,0.00
54356.71,10864.00,0.00,0.00
54356.71,10864.00,0.00,0.00
54356.71,10864.00,0.00,0.00
54356.71,10864.00,0.00,0.00
54356.71,10864.00,0.00,0.00
54356.71,10864.00,0.00,0.00
54356.71,10864.00,0.00,0.00
54356.71,10864.00,0.00,0.00
54356.71,10864.00,0.00,0.00
54356.71,10864.00,0.00,0.00
54356.71,10864.00,0.00,0.00
54356.71,10864.00,0.00,0.00
54356.71,10864.00,0.00,0.00
54356.71,10864.00,0.00,0.00
54356.71,10864.00,0.00,0.00
54356.71,10864.00,0.00,0.00
54356.71,10864.00,0.00,0.00
54356.71,10864.00,0.00,0.00
54356.67,10864.00,-0.08,0.00
54356.59,10864.00,-0.16,0.00
54356.47,10864.00,-0.24,0.00
54356.31,10864.00,-0.32,0.00
54356.11,10864.00,-0.40,0.00
54355.87,10864.00,-0.48,0.00
54355.59,10864.00,-0.56,0.00
54355.27,10864.00,-0.64,0.00
54354.91,10864.00,-0.72,0.00
54354.51,10864.00,-0.80,0.00
54354.07,10864.00,-0.88,0.00
54353.59,10864.00,-0.96,0.00
54353.07,10864.00,-1.04,0.00
54352.51,10864.00,-1.12,0.00
54351.91,10864.00,-1.20,0.00
54351.27,10864.00,-1.28,0.00
54350.59,10864.00,-1.36,0.00
54350.01,10864.00,-1.16,0.00
54349.53,10864.00,-0.96,0.00
54349.15,10864.00,-0.76,0.00
54348.87,10864.00,-0.56,0.00
54348.69,10864.00,-0.36,0.00
54348.61,10864.00,-0.16,0.00
54348.61,10864.00,0.00,0.00
54348.61,10864.00,0.00,0.00
54348.61,10864.00,0.00,0.00
54348.61,10864.00,0.00,0.00
54348.61,10864.00,0.00,0.00
54348.61,10864.00,0.00,0.00
54348.61,10864.00,0.00,0.00
54348.61,10864.00,0.00,0.00
54348.61,10864.00,0.00,0.00
54348.61,10864.00,0.00,0.00
54348.61,10864.00,0.00,0.00
54348.61,10864.00,0.00,0.00
54348.61,10864.00,0.00,0.00
54348.61,10864.00,0.00,0.00
54348.61,10864.00,0.00,0.00
54348.61,10864.00,0.00,0.00
54348.61,10864.00,0.00,0.00
54348.61,10864.00,0.00,0.00
54348.61,10864.00,0.00,0.00
54348.61,10864.00,0.00,0.00
54348.61,10864.00,0.00,0.00
54348.61,10864.00,0.00,0.00
54348.61,10864.00,0.00,0.00
54348.61,10864.00,0.00,0.00
54348.61,10864.00,0.00,0.00
54348.61,10864.00,0.00,0.00
54348.61,10864.00,0.00,0.00
54348.61,10864.00,0.00,0.00
54348.61,10864.00,0.00,0.00
54348.61,10864.00,0.00,0.00
54348.61,10864.00,0.00,0.00
54348.61,10864.00,0.00,0.00
54348.61,10864.00,0.00,0.00
54348.61,10864.00,0.00,0.00
54348.61,10864.00,0.00,0.00
54348.61,10864.00,0.00,0.00
54348.61,10864.00,0.00,0.00
54348.61,10864.00,0.00,0.00
54348.61,10864.00,0.00,0.00
54348.61,10864.00,0.00,0.00
54348.61,10864.00,0.00,0.00
54348.61,10864.00,0.00,0.00
54348.61,10864.00,0.00,0.00
54348.61,10864.00,0.00,0.00
54348.61,10864.00,0.00,0.00
54348.61,10864.00,0.00,0.00
54348.61,10864.00,0.00,0.00
54348.61,10864.00,0.00,0.00
54348.61,10864.00,0.00,0.00
54348.61,10864.00,0.00,0.00
54348.61,10864.00,0.00,0.00
54348.61,10864.00,0.00,0.00
54348.61,10864.00,0.00,0.00
54348.61,10864.00,0.00,0.00
54348.61,10864.00,0.00,0.00
54348.61,10864.00,0.00,0.00
54348.61,10864.00,0.00,0.00
54348.61,10864.00,0.00,0.00
54348.61,10864.00,0.00,0.00
54348.61,10864.00,0.00,0.00
54348.61,10864.00,0.00,0.00
54348.61,10864.00,0.00,0.00
54348.61,10864.00,0.00,0.00
54348.61,10864.00,0.00,0.00
54348.61,10864.00,0.00,0.00
54348.61,10864.00,0.00,0.00
54348.61,10864.00,0.00,0.00
54348.61,10864.00,0.00,0.00
54348.61,10864.00,0.00,0.00
54348.61,10864.00,0.00,0.00
54348.57,10864.00,-0.08,0.00
54348.50,10864.00,-0.16,0.00
54348.38,10864.00,-0.24,0.00
54348.21,10864.00,-0.32,0.00
54348.02,10864.00,-0.40,0.00
54347.78,10864.00,-0.48,0.00
54347.50,10864.00,-0.56,0.00
54347.18,10864.00,-0.64,0.00
54346.82,10864.00,-0.72,0.00
54346.42,10864.00,-0.80,0.00
54345.98,10864.00,-0.88,0.00
54345.50,10864.00,-0.96,0.00
54344.98,10864.00,-1.04,0.00
54344.42,10864.00,-1.12,0.00
54343.82,10864.00,-1.20,0.00
54343.18,10864.00,-1.28,0.00
54342.50,10864.00,-1.36,0.00
54341.78,10864.00,-1.44,0.00
54341.02,10864.00,-1.52,0.00
54340.21,10864.00,-1.60,0.00
54339.38,10864.00,-1.68,0.00
54338.50,10864.00,-1.76,0.00
54337.57,10864.00,-1.84,0.00
54336.61,10864.00,-1.92,0.00
54335.75,10864.00,-1.72,0.00
54334.99,10864.00,-1.52,0.00
54334.33,10864.00,-1.32,0.00
54333.77,10864.00,-1.12,0.00
54333.31,10864.00,-0.92,0.00
54332.95,10864.00,-0.72,0.00
54332.43,10864.00,-0.52,0.00
54332.11,10864.00,-0.32,0.00
54331.99,10864.00,-0.12,0.00
54331.99,10864.00,0.00,0.00
54331.99,10864.00,0.00,0.00
54331.99,10864.00,0.00,0.00
54331.99,10864.00,0.00,0.00
54331.99,10864.00,0.00,0.00
54331.99,10864.00,0.00,0.00
54331.99,10864.00,0.00,0.00
54331.99,10864.00,0.00,0.00
54331.99,10864.00,0.00,0.00
54331.99,10864.00,0.00,0.00
54332.07,10864.00,0.08,0.00
54332.23,10864.00,0.16,0.00
54332.47,10864.00,0.24,0.00
54332.79,10864.00,0.32,0.00
54333.19,10864.00,0.40,0.00
54333.67,10864.00,0.48,0.00
54334.23,10864.00,0.56,0.00
54334.87,10864.00,0.64,0.00
54335.59,10864.00,0.72,0.00
54336.39,10864.00,0.80,0.00
54337.27,10864.00,0.88,0.00
54338.23,10864.00,0.96,0.00
54339.27,10864.00,1.04,0.00
54340.39,10864.00,1.12,0.00
54341.59,10864.00,1.20,0.00
54342.87,10864.00,1.28,0.00
54344.23,10864.00,1.36,0.00
54345.67,10864.00,1.44,0.00
54347.19,10864.00,1.52,0.00
54348.79,10864.00,1.60,0.00
54350.47,10864.00,1.68,0.00
54352.23,10864.00,1.76,0.00
54354.07,10864.00,1.84,0.00
54355.99,10864.00,1.92,0.00
54357.71,10864.00,1.72,0.00
54359.23,10864.00,1.52,0.00
54360.55,10864.00,1.32,0.00
54361.67,10864.00,1.12,0.00
54362.59,10864.00,0.92,0.00
54363.31,10864.00,0.72,0.00
54363.83,10864.00,0.52,0.00
54364.15,10864.00,0.32,0.00
54364.27,10864.00,0.12,0.00
54364.27,10864.00,0.00,0.00
54364.27,10864.00,0.00,0.00
54364.27,10864.00,0.00,0.00
54364.27,10864.00,0.00,0.00
54364.27,10864.00,0.00,0.00
54364.27,10864.00,0.00,0.00
54364.27,10864.00,0.00,0.00
54364.27,10864.00,0.00,0.00
54364.27,10864.00,0.00,0.00
54364.27,10864.00,0.00,0.00
54364.27,10864.00,0.00,0.00
54364.27,10864.00,0.00,0.00
54364.27,10864.00,0.00,0.00
54364.27,10864.00,0.00,0.00
54364.27,10864.00,0.00,0.00
54364.27,10864.00,0.00,0.00
54364.27,10864.00,0.00,0.00
54364.27,10864.00,0.00,0.00
54364.27,10864.00,0.00,0.00
54364.27,10864.00,0.00,0.00
54364.27,10864.00,0.00,0.00
54364.27,10864.00,0.00,0.00
54364.27,10864.00,0.00,0.00
54364.27,10864.00,0.00,0.00
54364.27,10864.00,0.00,0.00
54364.35,10864.00,0.08,0.00
54364.51,10864.00,0.16,0.00
54364.75,10864.00,0.24,0.00
54365.07,10864.00,0.32,0.00
54365.47,10864.00,0.40,0.00
54365.95,10864.00,0.48,0.00
54366.51,10864.00,0.56,0.00
54367.15,10864.00,0.64,0.00
54367.87,10864.00,0.72,0.00
54368.67,10864.00,0.80,0.00
54369.55,10864.00,0.88,0.00
54370.51,10864.00,0.96,0.00
54371.55,10864.00,1.04,0.00
54372.67,10864.00,1.12,0.00
54373.87,10864.00,1.20,0.00
54375.15,10864.00,1.28,0.00
54376.51,10864.00,1.36,0.00
54377.95,10864.00,1.44,0.00
54379.47,10864.00,1.52,0.00
54381.07,10864.00,1.60,0.00
54382.75,10864.00,1.68,0.00
54384.51,10864.00,1.76,0.00
54386.35,10864.00,1.84,0.00
54388.27,10864.00,1.92,0.00
54390.27,10864.00,2.00,0.00
54392.35,10864.00,2.08,0.00
54394.51,10864.00,2.16,0.00
54396.75,10864.00,2.24,0.00
54399.07,10864.00,2.32,0.00
54401.47,10864.00,2.40,0.00
54403.95,10864.00,2.48,0.00
54406.51,10864.00,2.56,0.00
54409.15,10864.00,2.64,0.00
54411.87,10864.00,2.72,0.00
54414.67,10864.00,2.80,0.00
54417.55,10864.00,2.88,0.00
54420.51,10864.00,2.96,0.00
54423.55,10864.00,3.04,0.00
54426.39,10880.00,2.84,0.00
54427.85,10880.00,2.92,0.00
54429.35,10880.00,3.00,0.00
54430.89,10880.00,3.08,0.00
54432.33,10880.00,2.88,0.00
54433.81,10880.00,2.96,0.00
54435.33,10880.00,3.04,0.00
54436.75,10880.00,2.84,0.00
54438.21,10880.00,2.92,0.00
54439.71,10880.00,3.00,0.00
54441.25,10888.00,3.08,0.00
54442.69,10888.00,2.88,0.00
54444.17,10888.00,2.96,0.00
54445.69,10888.00,3.04,0.00
54447.11,10888.00,2.84,0.00
54448.57,10888.00,2.92,0.00
54450.07,10888.00,3.00,0.00
54451.61,10888.00,3.08,0.00
54453.05,10888.00,2.88,0.00
54454.54,10888.00,2.96,0.00
54456.05,10888.00,3.04,0.00
54457.48,10896.00,2.84,0.00
54458.94,10896.00,2.92,0.00
54460.44,10896.00,3.00,0.00
54461.98,10896.00,3.08,0.00
54463.42,10896.00,2.88,0.00
54464.90,10896.00,2.96,0.00
54466.42,10896.00,3.04,0.00
54467.84,10896.00,2.84,0.00
54469.30,10896.00,2.92,0.00
54470.80,10896.00,3.00,0.00
54472.34,10896.00,3.08,0.00
54473.78,10896.00,2.88,0.00
54475.26,10896.00,2.96,0.00
54476.78,10896.00,3.04,0.00
54478.20,10896.00,2.84,0.00
54479.66,10896.00,2.92,0.00
54481.16,10896.00,3.00,0.00
54482.70,10896.00,3.08,0.00
54484.14,10896.00,2.88,0.00
54485.62,10896.00,2.96,0.00
54487.14,10896.00,3.04,0.00
54488.57,10896.00,2.84,0.00
54490.03,10896.00,2.92,0.00
54491.53,10896.00,3.00,0.00
54493.07,10896.00,3.08,0.00
54494.51,10896.00,2.88,0.00
54495.99,10896.00,2.96,0.00
54497.51,10896.00,3.04,0.00
54498.93,10896.00,2.84,0.00
54500.39,10896.00,2.92,0.00
54501.89,10896.00,3.00,0.00
54503.43,10896.00,3.08,0.00
54504.87,10896.00,2.88,0.00
54506.35,10896.00,2.96,0.00
54507.87,10896.00,3.04,0.00
54509.29,10896.00,2.84,0.00
54510.75,10896.00,2.92,0.00
54512.25,10896.00,3.00,0.00
54513.79,10896.00,3.08,0.00
54515.23,10896.00,2.88,0.00
54516.71,10896.00,2.96,0.00
54518.23,10896.00,3.04,0.00
54519.66,10896.00,2.84,0.00
54521.12,10896.00,2.92,0.00
54522.62,10896.00,3.00,0.00
54524.16,10896.00,3.08,0.00
54525.60,10896.00,2.88,0.00
54527.08,10896.00,2.96,0.00
54528.60,10896.00,3.04,0.00
54530.02,10896.00,2.84,0.00
54531.48,10896.00,2.92,0.00
54532.98,10896.00,3.00,0.00
54534.52,10896.00,3.08,0.00
54535.96,10896.00,2.88,0.00
54537.44,10896.00,2.96,0.00
54538.96,10896.00,3.04,0.00
54540.38,10896.00,2.84,0.00
54541.84,10896.00,2.92,0.00
54543.34,10896.00,3.00,0.00
54544.88,10896.00,3.08,0.00
54546.32,10896.00,2.88,0.00
54547.80,10896.00,2.96,0.00
54549.32,10896.00,3.04,0.00
54550.75,10896.00,2.84,0.00
54552.21,10896.00,2.92,0.00
54553.71,10896.00,3.00,0.00
54555.25,10896.00,3.08,0.00
54556.69,10896.00,2.88,0.00
54558.17,10896.00,2.96,0.00
54559.69,10896.00,3.04,0.00
54561.11,10896.00,2.84,0.00
54562.57,10896.00,2.92,0.00
54564.07,10896.00,3.00,0.00
54565.61,10896.00,3.08,0.00
54567.05,10896.00,2.88,0.00
54568.53,10904.00,2.96,0.00
54570.05,10904.00,3.04,0.00
54571.47,10904.00,2.84,0.00
54572.93,10904.00,2.92,0.00
54574.43,10904.00,3.00,0.00
54575.97,10904.00,3.08,0.00
54577.41,10904.00,2.88,0.00
54578.89,10904.00,2.96,0.00
54580.41,10904.00,3.04,0.00
54581.84,10904.00,2.84,0.00
54583.30,10904.00,2.92,0.00
54584.80,10912.00,3.00,0.00
54586.34,10912.00,3.08,0.00
54587.78,10912.00,2.88,0.00
54589.26,10912.00,2.96,0.00
54590.78,10912.00,3.04,0.00
54592.20,10912.00,2.84,0.00
54593.66,10912.00,2.92,0.00
54595.16,10912.00,3.00,0.00
54596.70,10912.00,3.08,0.00
54598.14,10912.00,2.88,0.00
54599.62,10912.00,2.96,0.00
54601.14,10912.00,3.04,0.00
54602.56,10912.56,2.84,0.00
54604.02,10914.02,2.92,0.00
54605.52,10915.52,3.00,0.00
54607.06,10917.06,3.08,0.00
54608.50,10918.50,2.88,0.00
54609.98,10919.98,2.96,0.00
54611.50,10921.50,3.04,0.00
54612.93,10922.93,2.84,0.00
54614.39,10924.39,2.92,0.00
54615.89,10925.89,3.00,0.00
54617.43,10927.43,3.08,0.00
54618.87,10928.87,2.88,0.00
54620.35,10930.35,2.96,0.00
54621.87,10931.87,3.04,0.00
54623.29,10933.29,2.84,0.00
54624.75,10934.75,2.92,0.00
54626.25,10936.25,3.00,0.00
54627.79,10937.79,3.08,0.00
54629.23,10939.23,2.88,0.00
54630.71,10940.71,2.96,0.00
54632.23,10940.81,3.04,0.20
54633.70,10941.01,2.94,0.40
54635.21,10941.31,3.02,0.60
54636.67,10941.71,2.92,0.80
54638.17,10942.21,3.00,1.00
54639.71,10942.81,3.08,1.20
54641.20,10943.51,2.98,1.40
54642.73,10944.31,3.06,1.60
54644.21,10945.21,2.96,1.80
54645.73,10946.21,3.04,2.00
54647.20,10947.31,2.94,2.20
54648.71,10948.51,3.02,2.40
54650.17,10949.81,2.92,2.60
54651.67,10951.21,3.00,2.80
54653.21,10952.71,3.08,3.00
54654.70,10954.31,2.98,3.20
54656.23,10956.01,3.06,3.40
54657.71,10957.81,2.96,3.60
54659.23,10960.00,3.04,2.19
54660.70,10960.00,2.94,0.00
54662.21,10960.00,3.02,0.00
54663.62,10960.00,2.82,0.00
54665.07,10960.00,2.90,0.00
54666.56,10960.00,2.98,0.00
54668.09,10960.00,3.06,0.00
54669.52,10960.00,2.86,0.00
54670.99,10960.00,2.94,0.00
54672.50,10960.00,3.02,0.00
54673.91,10960.00,2.82,0.00
54675.36,10960.00,2.90,0.00
54676.85,10960.00,2.98,0.00
54678.38,10960.00,3.06,0.00
54679.81,10960.00,2.86,0.00
54681.28,10968.00,2.94,0.00
54682.79,10968.00,3.02,0.00
54684.20,10968.00,2.82,0.00
54685.51,10968.00,2.62,0.00
54686.72,10968.00,2.42,0.00
54687.83,10968.00,2.22,0.00
54688.80,10968.00,1.94,0.00
54689.62,10968.00,1.66,0.00
54690.32,10968.00,1.38,0.00
54690.87,10968.00,1.10,0.00
54691.28,10968.00,0.82,0.00
54691.55,10968.00,0.54,0.00
54691.68,10968.00,0.26,0.00
54691.66,10968.00,-0.02,0.00
54691.61,10968.00,-0.10,0.00
54691.52,10968.00,-0.18,0.00
54691.39,10968.00,-0.26,0.00
54691.22,10965.09,-0.34,-5.81
54691.01,10962.19,-0.42,-5.81
54690.76,10959.28,-0.50,-5.81
54690.47,10956.38,-0.58,-5.81
54690.14,10953.47,-0.66,-5.81
54689.77,10950.57,-0.74,-5.81
54689.36,10947.66,-0.82,-5.81
54688.91,10944.76,-0.90,-5.81
54688.43,10941.85,-0.98,-5.81
54687.89,10938.95,-1.06,-5.81
54687.32,10936.04,-1.14,-5.81
54686.71,10933.14,-1.22,-5.81
54686.07,10930.23,-1.30,-5.81
54685.38,10927.33,-1.38,-5.81
54684.64,10924.42,-1.46,-5.81
54683.88,10921.52,-1.54,-5.81
54683.07,10918.61,-1.62,-5.81
54682.21,10915.71,-1.70,-5.81
54681.32,10912.80,-1.78,-5.81
54680.39,10909.89,-1.86,-5.81
54679.43,10906.99,-1.94,-5.81
54678.41,10904.08,-2.02,-5.81
54677.36,10901.18,-2.10,-5.81
54676.27,10898.27,-2.18,-5.81
54675.14,10895.37,-2.26,-5.81
54673.97,10892.46,-2.34,-5.81
54672.76,10889.56,-2.42,-5.81
54671.51,10886.65,-2.50,-5.81
54670.22,10883.75,-2.58,-5.81
54668.89,10880.84,-2.66,-5.81
54667.52,10877.94,-2.74,-5.81
54666.11,10875.13,-2.82,-5.61
54664.66,10872.43,-2.90,-5.41
54663.18,10869.82,-2.98,-5.21
54660.12,10864.81,-3.06,-5.01
54657.16,10860.20,-2.96,-4.61
54654.12,10855.99,-3.04,-4.21
54651.18,10852.18,-2.94,-3.81
54648.16,10848.77,-3.02,-3.41
54645.23,10845.76,-2.92,-3.01
54642.23,10843.15,-3.00,-2.61
54639.34,10840.94,-2.90,-2.21
54636.36,10839.13,-2.98,-1.81
54633.30,10837.72,-3.06,-1.41
54630.34,10836.71,-2.96,-1.01
54627.30,10836.10,-3.04,-0.61
54624.36,10835.89,-2.94,-0.21
54621.34,10838.66,-3.02,0.19
54618.41,10841.59,-2.92,0.59
54615.41,10842.58,-3.00,0.99
54612.52,10843.97,-2.90,1.39
54609.54,10845.76,-2.98,1.79
54606.48,10847.95,-3.06,2.19
54603.52,10850.54,-2.96,2.59
54600.48,10853.53,-3.04,2.99
54597.54,10856.92,-2.94,3.39
54594.52,10860.71,-3.02,3.79
54591.59,10864.90,-2.92,4.19
54588.59,10869.49,-3.00,4.59
54585.70,10874.48,-2.90,4.99
54584.21,10877.17,-2.98,5.39
54582.68,10879.68,-3.06,5.01
54581.20,10882.18,-2.96,5.01
54579.68,10884.69,-3.04,5.01
54578.21,10887.19,-2.94,5.01
54576.70,10889.70,-3.02,5.01
54575.23,10892.20,-2.92,5.01
54573.73,10894.71,-3.00,5.01
54572.29,10897.21,-2.90,5.01
54570.80,10896.00,-2.98,0.00
54569.27,10896.00,-3.06,0.00
54567.84,10896.00,-2.86,0.00
54566.37,10896.00,-2.94,0.00
54564.86,10896.00,-3.02,0.00
54563.45,10896.00,-2.82,0.00
54562.00,10896.00,-2.90,0.00
54560.51,10896.00,-2.98,0.00
54558.98,10896.00,-3.06,0.00
54557.55,10896.00,-2.86,0.00
54556.08,10896.00,-2.94,0.00
54554.57,10896.00,-3.02,0.00
54553.16,10896.00,-2.82,0.00
54551.71,10896.00,-2.90,0.00
54550.22,10896.00,-2.98,0.00
54548.69,10896.00,-3.06,0.00
54547.26,10896.00,-2.86,0.00
54545.79,10896.00,-2.94,0.00
54544.28,10896.00,-3.02,0.00
54542.87,10896.00,-2.82,0.00
54541.42,10896.00,-2.90,0.00
54539.93,10896.00,-2.98,0.00
54538.40,10896.00,-3.06,0.00
54536.97,10896.00,-2.86,0.00
54535.50,10896.00,-2.94,0.00
54533.99,10896.00,-3.02,0.00
54532.58,10896.00,-2.82,0.00
54531.13,10896.00,-2.90,0.00
54529.64,10896.00,-2.98,0.00
54528.11,10896.00,-3.06,0.00
54526.68,10896.00,-2.86,0.00
54525.21,10896.00,-2.94,0.00
54523.70,10896.00,-3.02,0.00
54522.29,10896.00,-2.82,0.00
54520.84,10896.00,-2.90,0.00
54519.35,10896.00,-2.98,0.00
54517.96,10896.00,-2.78,0.00
54516.71,10896.00,-2.50,0.00
54515.60,10896.00,-2.22,0.00
54514.63,10896.00,-1.94,0.00
54513.80,10896.00,-1.66,0.00
54513.11,10896.00,-1.38,0.00
54512.56,10896.00,-1.10,0.00
54512.15,10896.00,-0.82,0.00
54511.88,10896.00,-0.54,0.00
54511.75,10896.00,-0.26,0.00
54511.77,10896.00,0.02,0.00
54511.82,10896.00,0.10,0.00
54511.91,10896.00,0.18,0.00
54512.04,10896.00,0.26,0.00
54512.21,10896.00,0.34,0.00
54512.42,10896.00,0.42,0.00
54512.67,10896.00,0.50,0.00
54512.78,10896.00,0.22,0.00
54512.75,10896.00,-0.06,0.00
54512.68,10896.00,-0.14,0.00
54512.57,10896.00,-0.22,0.00
54512.42,10896.00,-0.30,0.00
54512.23,10896.00,-0.38,0.00
54512.00,10896.00,-0.46,0.00
54511.73,10896.00,-0.54,0.00
54511.42,10896.00,-0.62,0.00
54511.07,10896.00,-0.70,0.00
54510.68,10896.00,-0.78,0.00
54510.25,10896.00,-0.86,0.00
54509.78,10896.00,-0.94,0.00
54509.27,10896.00,-1.02,0.00
54508.71,10896.00,-1.10,0.00
54508.12,10896.00,-1.18,0.00
54507.50,10896.00,-1.26,0.00
54506.82,10893.09,-1.34,-5.81
54506.11,10890.19,-1.42,-5.81
54505.36,10887.28,-1.50,-5.81
54504.57,10884.38,-1.58,-5.81
54503.75,10881.47,-1.66,-5.81
54502.88,10878.57,-1.74,-5.81
54501.96,10875.66,-1.82,-5.81
54501.02,10872.76,-1.90,-5.81
54499.04,10866.95,-1.98,-5.81
54496.98,10862.34,-2.06,-4.61
54494.84,10857.73,-2.14,-4.61
54492.62,10853.12,-2.22,-4.61
54490.32,10848.51,-2.30,-4.61
54487.94,10843.90,-2.38,-4.61
54485.48,10839.29,-2.46,-4.61
54482.94,10835.08,-2.54,-4.21
54480.32,10831.27,-2.62,-3.81
54477.62,10827.86,-2.70,-3.41
54474.84,10824.85,-2.78,-3.01
54471.98,10822.24,-2.86,-2.61
54469.04,10820.03,-2.94,-2.21
54466.02,10818.22,-3.02,-1.81
54463.09,10816.81,-2.92,-1.41
54460.09,10815.80,-3.00,-1.01
54457.20,10815.19,-2.90,-0.61
54454.21,10814.98,-2.98,-0.21
54451.16,10815.17,-3.06,0.19
54448.20,10815.76,-2.96,0.59
54445.16,10816.75,-3.04,0.99
54442.21,10818.14,-2.94,1.39
54439.20,10819.93,-3.02,1.79
54436.27,10822.12,-2.92,2.19
54433.27,10824.71,-3.00,2.59
54430.38,10827.70,-2.90,2.99
54427.39,10831.09,-2.98,3.39
54424.34,10834.88,-3.06,3.79
54421.38,10839.07,-2.96,4.19
54418.34,10843.66,-3.04,4.59
54415.39,10848.65,-2.94,4.99
54412.38,10854.04,-3.02,5.39
54409.45,10859.83,-2.92,5.79
54406.45,10864.00,-3.00,4.17
54403.55,10864.00,-2.90,0.00
54400.57,10864.00,-2.98,0.00
54397.52,10864.00,-3.06,0.00
54394.66,10864.00,-2.86,0.00
54391.71,10864.00,-2.94,0.00
54388.70,10864.00,-3.02,0.00
54385.88,10864.00,-2.82,0.00
54382.98,10864.00,-2.90,0.00
54380.00,10864.00,-2.98,0.00
54376.94,10864.00,-3.06,0.00
54374.08,10864.00,-2.86,0.00
54371.14,10864.00,-2.94,0.00
54368.12,10864.00,-3.02,0.00
54365.30,10864.00,-2.82,0.00
54362.40,10864.00,-2.90,0.00
54359.42,10864.00,-2.98,0.00
54356.36,10864.00,-3.06,0.00
54353.50,10864.00,-2.86,0.00
54350.56,10864.00,-2.94,0.00
54347.54,10864.00,-3.02,0.00
54344.72,10864.00,-2.82,0.00
54341.82,10864.00,-2.90,0.00
54338.84,10864.00,-2.98,0.00
54335.78,10864.00,-3.06,0.00
54332.92,10864.00,-2.86,0.00
54329.98,10864.00,-2.94,0.00
54326.96,10864.00,-3.02,0.00
54324.14,10864.00,-2.82,0.00
54321.24,10864.00,-2.90,0.00
54318.26,10864.00,-2.98,0.00
54315.20,10864.00,-3.06,0.00
54312.34,10864.00,-2.86,0.00
54309.40,10864.00,-2.94,0.00
54306.38,10864.00,-3.02,0.00
54303.56,10864.00,-2.82,0.00
54300.66,10864.00,-2.90,0.00
54297.68,10864.00,-2.98,0.00
54294.62,10864.00,-3.06,0.00
54291.77,10864.00,-2.86,0.00
54288.82,10864.00,-2.94,0.00
54285.80,10864.00,-3.02,0.00
54282.98,10864.00,-2.82,0.00
54280.09,10864.00,-2.90,0.00
54277.11,10864.00,-2.98,0.00
54274.05,10864.00,-3.06,0.00
54271.19,10864.00,-2.86,0.00
54268.25,10864.00,-2.94,0.00
54265.23,10864.00,-3.02,0.00
54262.41,10864.00,-2.82,0.00
54259.51,10864.00,-2.90,0.00
54256.53,10864.00,-2.98,0.00
54253.47,10864.00,-3.06,0.00
54250.61,10864.00,-2.86,0.00
54247.67,10864.00,-2.94,0.00
54244.65,10880.00,-3.02,0.00
54243.24,10880.00,-2.82,0.00
54241.79,10880.00,-2.90,0.00
54238.81,10880.00,-2.98,0.00
54235.75,10880.00,-3.06,0.00
54234.32,10880.00,-2.86,0.00
54231.38,10880.00,-2.94,0.00
54228.36,10896.00,-3.02,0.00
54226.95,10896.00,-2.82,0.00
54225.50,10896.00,-2.90,0.00
54224.01,10896.00,-2.98,0.00
54222.48,10896.00,-3.06,0.00
54221.05,10896.00,-2.86,0.00
54219.58,10896.00,-2.94,0.00
54218.07,10896.00,-3.02,0.00
54216.66,10896.00,-2.82,0.00
54215.21,10896.00,-2.90,0.00
54213.72,10896.00,-2.98,0.00
54212.19,10896.00,-3.06,0.00
54210.76,10896.00,-2.86,0.00
54209.29,10896.00,-2.94,0.00
54207.78,10896.00,-3.02,0.00
54206.37,10896.00,-2.82,0.00
54204.92,10896.00,-2.90,0.00
54203.43,10896.00,-2.98,0.00
54201.90,10896.00,-3.06,0.00
54200.47,10896.00,-2.86,0.00
54199.00,10896.00,-2.94,0.00
54197.49,10896.00,-3.02,0.00
54196.08,10896.00,-2.82,0.00
54194.63,10896.00,-2.90,0.00
54193.14,10896.00,-2.98,0.00
54191.61,10896.00,-3.06,0.00
54190.18,10896.00,-2.86,0.00
54188.71,10896.00,-2.94,0.00
54187.20,10896.00,-3.02,0.00
54185.79,10896.00,-2.82,0.00
54184.34,10896.00,-2.90,0.00
54182.86,10896.10,-2.98,0.20
54181.32,10893.19,-3.06,-5.81
54179.84,10890.29,-2.96,-5.81
54178.32,10887.38,-3.04,-5.81
54175.38,10881.57,-2.94,-5.81
54172.36,10876.96,-3.02,-4.61
54169.44,10872.35,-2.92,-4.61
54166.44,10867.74,-3.00,-4.61
54163.54,10863.13,-2.90,-4.61
54160.56,10858.52,-2.98,-4.61
54157.50,10853.91,-3.06,-4.61
54154.54,10849.70,-2.96,-4.21
54151.50,10845.89,-3.04,-3.81
54148.56,10842.48,-2.94,-3.41
54145.54,10839.47,-3.02,-3.01
54142.62,10836.86,-2.92,-2.61
54139.62,10834.65,-3.00,-2.21
54136.72,10832.84,-2.90,-1.81
54133.74,10831.43,-2.98,-1.41
54130.68,10830.42,-3.06,-1.01
54127.72,10829.81,-2.96,-0.61
54124.68,10829.60,-3.04,-0.21
54121.74,10829.79,-2.94,0.19
54118.72,10830.38,-3.02,0.59
54115.80,10831.37,-2.92,0.99
54112.80,10832.76,-3.00,1.39
54109.90,10834.55,-2.90,1.79
54106.92,10836.74,-2.98,2.19
54103.86,10839.33,-3.06,2.59
54100.90,10842.32,-2.96,2.99
54097.86,10845.71,-3.04,3.39
54094.92,10849.50,-2.94,3.79
54091.90,10853.69,-3.02,4.19
54088.98,10858.28,-2.92,4.59
54085.98,10863.27,-3.00,4.99
54083.08,10868.66,-2.90,5.39
54080.10,10874.45,-2.98,5.79
54077.04,10880.64,-3.06,6.19
54074.08,10887.23,-2.96,6.59
54071.04,10894.22,-3.04,6.99
54069.57,10897.92,-2.94,7.39
54068.06,10900.42,-3.02,5.01
54066.60,10902.93,-2.92,5.01
54065.10,10905.43,-3.00,5.01
54063.65,10907.94,-2.90,5.01
54062.16,10910.44,-2.98,5.01
54060.63,10912.95,-3.06,5.01
54059.15,10915.45,-2.96,5.01
54057.63,10917.96,-3.04,5.01
54056.16,10920.46,-2.94,5.01
54054.65,10922.97,-3.02,5.01
54053.19,10925.47,-2.92,5.01
54051.69,10927.98,-3.00,5.01
54050.24,10930.48,-2.90,5.01
54048.75,10932.99,-2.98,5.01
54047.22,10935.49,-3.06,5.01
54045.74,10938.00,-2.96,5.01
54044.22,10940.50,-3.04,5.01
54042.75,10944.00,-2.94,3.50
54041.24,10944.00,-3.02,0.00
54039.83,10944.00,-2.82,0.00
54038.38,10944.00,-2.90,0.00
54036.89,10944.00,-2.98,0.00
54035.36,10944.00,-3.06,0.00
54033.93,10944.00,-2.86,0.00
54032.46,10944.00,-2.94,0.00
54030.95,10944.00,-3.02,0.00
54029.54,10944.00,-2.82,0.00
54028.09,10944.00,-2.90,0.00
54026.61,10944.00,-2.98,0.00
54025.07,10944.00,-3.06,0.00
54023.64,10944.00,-2.86,0.00
54022.18,10944.00,-2.94,0.00
54020.66,10944.00,-3.02,0.00
54019.25,10944.00,-2.82,0.00
54017.80,10944.00,-2.90,0.00
54016.32,10944.00,-2.98,0.00
54014.79,10944.00,-3.06,0.00
54013.36,10944.00,-2.86,0.00
54011.89,10944.00,-2.94,0.00
54010.38,10941.09,-3.02,-5.81
54008.91,10938.19,-2.92,-5.81
54007.41,10935.28,-3.00,-5.81
54005.96,10932.38,-2.90,-5.81
54004.48,10929.47,-2.98,-5.81
54002.95,10926.57,-3.06,-5.81
54001.46,10923.66,-2.96,-5.81
53999.95,10920.76,-3.04,-5.81
53998.48,10917.85,-2.94,-5.81
53996.96,10914.95,-3.02,-5.81
53995.50,10912.04,-2.92,-5.81
53994.00,10909.14,-3.00,-5.81
53992.55,10906.23,-2.90,-5.81
53991.07,10903.33,-2.98,-5.81
53989.54,10900.42,-3.06,-5.81
53988.05,10897.52,-2.96,-5.81
53986.54,10894.61,-3.04,-5.81
53985.07,10891.71,-2.94,-5.81
53983.55,10888.80,-3.02,-5.81
53982.09,10885.89,-2.92,-5.81
53979.09,10880.08,-3.00,-5.81
53976.20,10875.47,-2.90,-4.61
53973.21,10870.86,-2.98,-4.61
53970.16,10866.25,-3.06,-4.61
53967.20,10861.64,-2.96,-4.61
53964.16,10857.03,-3.04,-4.61
53961.21,10852.42,-2.94,-4.61
53958.20,10848.21,-3.02,-4.21
53955.27,10844.40,-2.92,-3.81
53952.27,10840.99,-3.00,-3.41
53949.38,10837.98,-2.90,-3.01
53946.39,10835.37,-2.98,-2.61
53943.34,10833.16,-3.06,-2.21
53940.38,10831.35,-2.96,-1.81
53937.34,10829.94,-3.04,-1.41
53934.39,10828.93,-2.94,-1.01
53931.38,10828.32,-3.02,-0.61
53928.45,10828.11,-2.92,-0.21
53925.45,10828.30,-3.00,0.19
53922.55,10828.89,-2.90,0.59
53919.57,10829.88,-2.98,0.99
53916.52,10831.27,-3.06,1.39
53913.55,10833.06,-2.96,1.79
53910.52,10835.25,-3.04,2.19
53907.57,10837.84,-2.94,2.59
53904.55,10840.83,-3.02,2.99
53901.63,10844.22,-2.92,3.39
53898.63,10848.01,-3.00,3.79
53898.00,10852.20,-0.63,4.19
53897.47,10848.00,-0.53,0.00
53897.14,10848.00,-0.33,0.00
53897.00,10848.00,-0.13,0.00
53897.00,10848.00,0.00,0.00
53897.00,10848.00,0.00,0.00
53897.00,10848.00,0.00,0.00
53897.00,10848.00,0.00,0.00
53897.00,10848.00,0.00,0.00
53897.08,10848.00,0.08,0.00
53897.24,10848.00,0.16,0.00
53897.48,10848.00,0.24,0.00
53897.80,10848.00,0.32,0.00
53898.20,10848.40,0.40,0.40
53898.68,10849.20,0.48,0.80
53899.24,10850.40,0.56,1.20
53899.88,10852.00,0.64,1.60
53900.60,10854.00,0.72,2.00
53901.40,10856.40,0.80,2.40
53902.28,10859.20,0.88,2.80
53903.24,10862.40,0.96,3.20
53904.28,10866.00,1.04,3.60
53905.40,10870.00,1.12,4.00
53906.60,10874.40,1.20,4.40
53907.88,10879.20,1.28,4.80
53909.24,10884.40,1.36,5.20
53910.68,10888.00,1.44,3.60
53912.20,10888.00,1.52,0.00
53913.80,10888.00,1.60,0.00
53915.48,10888.40,1.68,0.40
53917.24,10889.20,1.76,0.80
53918.16,10889.80,1.84,1.20
53919.12,10890.50,1.92,1.40
53920.12,10891.30,2.00,1.60
53921.16,10892.20,2.08,1.80
53922.24,10893.20,2.16,2.00
53923.36,10894.30,2.24,2.20
53924.52,10895.50,2.32,2.40
53925.72,10896.80,2.40,2.60
53926.96,10898.20,2.48,2.80
53928.24,10899.70,2.56,3.00
53929.56,10901.30,2.64,3.20
53930.92,10903.00,2.72,3.40
53932.32,10904.80,2.80,3.60
53933.76,10906.70,2.88,3.80
53935.24,10908.70,2.96,4.00
53936.76,10910.80,3.04,4.20
53938.23,10913.00,2.94,4.40
53939.74,10910.09,3.02,-5.81
53941.20,10907.19,2.92,-5.81
53942.70,10904.28,3.00,-5.81
53944.24,10901.38,3.08,-5.81
53945.73,10898.47,2.98,-5.81
53947.26,10895.57,3.06,-5.81
53948.74,10892.66,2.96,-5.81
53950.26,10889.76,3.04,-5.81
53951.73,10886.85,2.94,-5.81
53954.75,10881.04,3.02,-5.81
53957.67,10876.43,2.92,-4.61
53960.67,10871.82,3.00,-4.61
53963.75,10867.21,3.08,-4.61
53966.73,10862.60,2.98,-4.61
53969.79,10857.99,3.06,-4.61
53972.75,10853.38,2.96,-4.61
53975.79,10849.17,3.04,-4.21
53978.73,10845.36,2.94,-3.81
53981.75,10841.95,3.02,-3.41
53984.67,10838.94,2.92,-3.01
53987.67,10836.33,3.00,-2.61
53990.75,10834.12,3.08,-2.21
53993.73,10832.31,2.98,-1.81
53996.79,10830.90,3.06,-1.41
53999.75,10829.89,2.96,-1.01
54002.61,10829.28,2.86,-0.61
54005.19,10829.07,2.58,-0.21
54007.49,10829.26,2.30,0.19
54009.51,10829.85,2.02,0.59
54011.25,10830.84,1.74,0.99
54012.71,10832.23,1.46,1.39
54013.89,10834.02,1.18,1.79
54014.79,10836.21,0.90,2.19
54015.41,10838.80,0.62,2.59
54015.75,10841.79,0.34,2.99
54015.80,10845.18,0.06,3.39
54015.79,10848.97,-0.02,3.79
54015.68,10853.16,-0.10,4.19
54015.50,10857.75,-0.18,4.59
54015.24,10862.74,-0.26,4.99
54014.90,10868.13,-0.34,5.39
54014.48,10873.92,-0.42,5.79
54013.98,10880.11,-0.50,6.19
54013.40,10886.70,-0.58,6.59
54012.74,10893.69,-0.66,6.99
54012.37,10897.39,-0.74,7.39
54011.96,10899.89,-0.82,5.01
54011.51,10902.40,-0.90,5.01
54011.11,10904.90,-0.80,5.01
54010.85,10907.41,-0.52,5.01
54010.73,10909.91,-0.24,5.01
54010.75,10912.42,0.04,5.01
54010.81,10914.92,0.12,5.01
54010.91,10917.43,0.20,5.01
54011.05,10919.93,0.28,5.01
54011.23,10922.44,0.36,5.01
54011.45,10924.94,0.44,5.01
54011.71,10927.45,0.52,5.01
54012.01,10929.95,0.60,5.01
54012.35,10932.46,0.68,5.01
54012.64,10934.96,0.58,5.01
54012.88,10937.47,0.48,5.01
54013.07,10939.97,0.38,5.01
54013.21,10944.00,0.28,4.03
54013.30,10944.00,0.18,0.00
54013.30,10944.00,0.00,0.00
54013.30,10944.00,0.00,0.00
54013.30,10944.00,0.00,0.00
54013.30,10944.00,0.00,0.00
54013.30,10944.00,0.00,0.00
54013.30,10944.00,0.00,0.00
54013.30,10944.00,0.00,0.00
54013.30,10944.00,0.00,0.00
54013.30,10944.00,0.00,0.00
54013.30,10944.00,0.00,0.00
54013.30,10944.00,0.00,0.00
54013.30,10944.00,0.00,0.00
54013.30,10944.00,0.00,0.00
54013.30,10944.00,0.00,0.00
54013.30,10941.09,0.00,-5.81
54013.30,10938.19,0.00,-5.81
54013.30,10935.28,0.00,-5.81
54013.30,10932.38,0.00,-5.81
54013.30,10929.47,0.00,-5.81
54013.30,10926.57,0.00,-5.81
54013.30,10923.66,0.00,-5.81
54013.30,10920.76,0.00,-5.81
54013.30,10917.85,0.00,-5.81
54013.30,10914.95,0.00,-5.81
54013.30,10912.04,0.00,-5.81
54013.30,10909.14,0.00,-5.81
54013.30,10906.23,0.00,-5.81
54013.30,10903.33,0.00,-5.81
54013.30,10900.42,0.00,-5.81
54013.30,10897.52,0.00,-5.81
54013.30,10894.61,0.00,-5.81
54013.30,10891.71,0.00,-5.81
54013.30,10888.80,0.00,-5.81
54013.30,10885.89,0.00,-5.81
54013.30,10880.08,0.00,-5.81
54013.30,10875.47,0.00,-4.61
54013.30,10870.86,0.00,-4.61
54013.30,10866.25,0.00,-4.61
54013.30,10861.64,0.00,-4.61
54013.30,10857.03,0.00,-4.61
54013.22,10852.42,-0.08,-4.61
54013.06,10848.21,-0.16,-4.21
54012.82,10844.40,-0.24,-3.81
54012.50,10840.99,-0.32,-3.41
54012.11,10837.98,-0.40,-3.01
54011.62,10835.37,-0.48,-2.61
54011.07,10833.16,-0.56,-2.21
54010.43,10831.35,-0.64,-1.81
54009.71,10829.94,-0.72,-1.41
54008.91,10828.93,-0.80,-1.01
54008.03,10828.32,-0.88,-0.61
54007.07,10828.11,-0.96,-0.21
54006.03,10828.30,-1.04,0.19
54004.91,10828.89,-1.12,0.59
54003.71,10829.88,-1.20,0.99
54002.43,10825.27,-1.28,-4.61
54001.07,10820.66,-1.36,-4.61
53999.62,10816.05,-1.44,-4.61
53998.11,10811.44,-1.52,-4.61
53996.50,10806.83,-1.60,-4.61
53994.82,10802.22,-1.68,-4.61
53993.06,10797.61,-1.76,-4.61
53991.22,10793.00,-1.84,-4.61
53989.30,10788.39,-1.92,-4.61
53987.30,10783.78,-2.00,-4.61
53985.22,10779.17,-2.08,-4.61
53983.06,10774.56,-2.16,-4.61
53980.82,10770.35,-2.24,-4.21
53978.50,10766.54,-2.32,-3.81
53976.11,10763.13,-2.40,-3.41
53973.62,10760.12,-2.48,-3.01
53971.07,10757.51,-2.56,-2.61
53968.43,10755.30,-2.64,-2.21
53965.71,10753.49,-2.72,-1.81
53962.91,10752.08,-2.80,-1.41
53962.00,10751.07,-0.91,-1.01
53962.00,10750.46,0.00,-0.61
53962.00,10750.25,0.00,-0.21
53962.00,10750.44,0.00,0.19
53962.00,10751.03,0.00,0.59
53962.00,10752.02,0.00,0.99
53962.00,10753.41,0.00,1.39
53962.00,10755.20,0.00,1.79
53962.00,10757.39,0.00,2.19
53962.00,10759.98,0.00,2.59
53962.00,10762.97,0.00,2.99
53962.00,10766.36,0.00,3.39
53962.00,10770.15,0.00,3.79
53962.00,10774.34,0.00,4.19
53962.00,10778.93,0.00,4.59
53962.00,10783.92,0.00,4.99
53962.00,10789.31,0.00,5.39
53961.92,10795.10,-0.08,5.79
53961.76,10801.29,-0.16,6.19
53961.52,10807.88,-0.24,6.59
53961.20,10814.87,-0.32,6.99
53960.80,10822.26,-0.40,7.39
53960.32,10830.05,-0.48,7.79
53959.77,10838.24,-0.56,8.19
53959.12,10846.83,-0.64,8.59
53958.59,10855.82,-0.54,8.99
53958.14,10865.21,-0.44,9.39
53957.98,10875.00,-0.16,9.79
53957.91,10885.01,-0.08,10.01
53957.91,10895.02,0.00,10.01
53957.95,10900.03,0.08,10.01
53958.02,10902.53,0.16,5.01
53958.14,10905.04,0.24,5.01
53958.30,10907.54,0.32,5.01
53958.50,10910.04,0.40,5.01
53958.74,10912.55,0.48,5.01
53959.02,10915.05,0.56,5.01
53959.34,10917.56,0.64,5.01
53959.70,10920.06,0.72,5.01
53960.10,10922.57,0.80,5.01
53960.54,10925.07,0.88,5.01
53961.02,10927.58,0.96,5.01
53961.54,10930.08,1.04,5.01
53962.10,10932.59,1.12,5.01
53962.70,10935.09,1.20,5.01
53963.34,10937.60,1.28,5.01
53964.02,10940.10,1.36,5.01
53964.74,10942.61,1.44,5.01
53965.50,10945.11,1.52,5.01
53966.30,10947.62,1.60,5.01
53967.14,10950.12,1.68,5.01
53968.02,10952.63,1.76,5.01
53968.95,10955.13,1.84,5.01
53969.91,10960.00,1.92,4.87
53970.91,10960.00,2.00,0.00
53971.95,10960.00,2.08,0.00
53973.02,10952.00,2.16,0.00
53974.14,10952.00,2.24,0.00
53975.30,10952.00,2.32,0.00
53976.50,10952.00,2.40,0.00
53977.74,10952.00,2.48,0.00
53979.02,10952.00,2.56,0.00
53980.34,10952.00,2.64,0.00
53981.70,10952.00,2.72,0.00
53982.96,10952.00,2.52,0.00
53984.12,10952.00,2.32,0.00
53985.18,10952.00,2.12,0.00
53986.14,10952.00,1.92,0.00
53987.00,10952.00,1.72,0.00
53987.77,10952.00,1.52,0.00
53988.43,10952.00,1.32,0.00
53988.98,10952.00,1.12,0.00
53989.45,10952.00,0.92,0.00
53989.80,10944.00,0.72,0.00
53990.07,10944.00,0.52,0.00
53990.23,10944.00,0.32,0.00
53990.29,10944.00,0.12,0.00
53990.29,10944.00,0.00,0.00
53990.29,10944.00,0.00,0.00
53990.29,10944.00,0.00,0.00
53990.29,10944.00,0.00,0.00
53990.29,10944.00,0.00,0.00
53990.29,10944.00,0.00,0.00
53990.29,10944.00,0.00,0.00
53990.29,10944.00,0.00,0.00
53990.29,10944.00,0.00,0.00
53990.29,10944.00,0.00,0.00
53990.29,10944.00,0.00,0.00
53990.29,10944.00,0.00,0.00
53990.29,10944.00,0.00,0.00
53990.29,10944.00,0.00,0.00
53990.29,10944.00,0.00,0.00
53990.29,10944.00,0.00,0.00
53990.29,10944.00,0.00,0.00
53990.29,10944.00,0.00,0.00
53990.29,10944.00,0.00,0.00
53990.29,10944.00,0.00,0.00
53990.29,10944.00,0.00,0.00
53990.29,10944.00,0.00,0.00
53990.29,10944.00,0.00,0.00
53990.29,10944.00,0.00,0.00
53990.29,10944.00,0.00,0.00
53990.29,10944.00,0.00,0.00
53990.29,10944.00,0.00,0.00
53990.29,10944.00,0.00,0.00
53990.29,10944.00,0.00,0.00
53990.29,10944.00,0.00,0.00
53990.29,10944.00,0.00,0.00
53990.29,10944.00,0.00,0.00
53990.29,10944.00,0.00,0.00
53990.29,10944.00,0.00,0.00
53990.29,10941.09,0.00,-5.81
53990.29,10938.19,0.00,-5.81
53990.29,10935.28,0.00,-5.81
53990.29,10932.38,0.00,-5.81
53990.29,10929.47,0.00,-5.81
53990.29,10926.57,0.00,-5.81
53990.29,10923.66,0.00,-5.81
53990.29,10920.76,0.00,-5.81
53990.29,10917.85,0.00,-5.81
53990.29,10914.95,0.00,-5.81
53990.29,10912.04,0.00,-5.81
53990.29,10909.14,0.00,-5.81
53990.29,10906.23,0.00,-5.81
53990.29,10903.33,0.00,-5.81
53990.29,10900.42,0.00,-5.81
53990.29,10897.52,0.00,-5.81
53990.29,10894.61,0.00,-5.81
53990.29,10891.71,0.00,-5.81
53990.29,10888.80,0.00,-5.81
53990.29,10885.89,0.00,-5.81
53990.29,10880.08,0.00,-5.81
53990.29,10875.47,0.00,-4.61
53990.29,10870.86,0.00,-4.61
53990.29,10866.25,0.00,-4.61
53990.29,10861.64,0.00,-4.61
53990.29,10857.03,0.00,-4.61
53990.29,10852.42,0.00,-4.61
53990.29,10848.21,0.00,-4.21
53990.29,10844.40,0.00,-3.81
53990.29,10840.99,0.00,-3.41
53990.29,10837.98,0.00,-3.01
53990.29,10835.37,0.00,-2.61
53990.29,10833.16,0.00,-2.21
53990.29,10831.35,0.00,-1.81
53990.29,10829.94,0.00,-1.41
53990.29,10828.93,0.00,-1.01
53990.29,10828.32,0.00,-0.61
53990.29,10828.11,0.00,-0.21
53990.29,10828.30,0.00,0.19
53990.29,10828.89,0.00,0.59
53990.29,10829.88,0.00,0.99
53990.29,10831.27,0.00,1.39
53990.29,10833.06,0.00,1.79
53990.29,10835.25,0.00,2.19
53990.29,10837.84,0.00,2.59
53990.29,10840.83,0.00,2.99
53990.29,10844.22,0.00,3.39
53990.29,10848.01,0.00,3.79
53990.29,10852.20,0.00,4.19
53990.29,10856.79,0.00,4.59
53990.29,10861.78,0.00,4.99
53990.29,10867.17,0.00,5.39
53990.29,10872.96,0.00,5.79
53990.29,10879.15,0.00,6.19
53990.29,10885.74,0.00,6.59
53990.29,10892.73,0.00,6.99
53990.29,10896.43,0.00,7.39
53990.29,10898.93,0.00,5.01
53990.29,10901.44,0.00,5.01
53990.29,10903.94,0.00,5.01
53990.29,10906.45,0.00,5.01
53990.29,10908.95,0.00,5.01
53990.29,10911.46,0.00,5.01
53990.29,10913.96,0.00,5.01
53990.29,10916.47,0.00,5.01
53990.29,10918.97,0.00,5.01
53990.29,10921.48,0.00,5.01
53990.29,10923.98,0.00,5.01
53990.29,10926.49,0.00,5.01
53990.29,10928.99,0.00,5.01
53990.29,10931.50,0.00,5.01
53990.29,10934.00,0.00,5.01
53990.29,10936.51,0.00,5.01
53990.29,10939.01,0.00,5.01
53990.29,10944.00,0.00,4.99
53990.29,10944.00,0.00,0.00
53990.29,10944.00,0.00,0.00
53990.29,10944.00,0.00,0.00
53990.29,10944.00,0.00,0.00
53990.29,10944.00,0.00,0.00
53990.29,10944.00,0.00,0.00
53990.29,10944.00,0.00,0.00
53990.29,10944.00,0.00,0.00
53990.29,10944.00,0.00,0.00
53990.29,10944.00,0.00,0.00
53990.29,10944.00,0.00,0.00
53990.29,10944.00,0.00,0.00
53990.29,10944.00,0.00,0.00
53990.29,10944.00,0.00,0.00
53990.29,10944.00,0.00,0.00
53990.29,10944.00,0.00,0.00
53990.29,10944.00,0.00,0.00
53990.29,10944.00,0.00,0.00
53990.29,10944.00,0.00,0.00
53990.29,10944.00,0.00,0.00
53990.29,10944.00,0.00,0.00
53990.29,10944.00,0.00,0.00
53990.29,10944.00,0.00,0.00
53990.29,10944.00,0.00,0.00
53990.29,10944.00,0.00,0.00
53990.29,10944.00,0.00,0.00
53990.29,10944.00,0.00,0.00
53990.29,10944.00,0.00,0.00
53990.29,10944.00,0.00,0.00
53990.29,10944.00,0.00,0.00
53990.29,10944.00,0.00,0.00
53990.29,10944.00,0.00,0.00
53990.29,10944.00,0.00,0.00
53990.29,10944.00,0.00,0.00
53990.29,10944.00,0.00,0.00
53990.29,10944.00,0.00,0.00
53990.29,10944.00,0.00,0.00
53990.29,10944.00,0.00,0.00
53990.29,10944.00,0.00,0.00
53990.29,10944.00,0.00,0.00
53990.29,10944.00,0.00,0.00
53990.29,10944.00,0.00,0.00
53990.29,10944.00,0.00,0.00
53990.29,10944.00,0.00,0.00
53990.29,10944.00,0.00,0.00
53990.29,10944.00,0.00,0.00
53990.29,10944.00,0.00,0.00
53990.29,10944.00,0.00,0.00
53990.29,10944.00,0.00,0.00
53990.29,10944.00,0.00,0.00
53990.29,10944.00,0.00,0.00
53990.29,10944.00,0.00,0.00
53990.29,10944.00,0.00,0.00
53990.29,10944.00,0.00,0.00
53990.29,10944.00,0.00,0.00
53990.29,10944.00,0.00,0.00
53990.29,10944.00,0.00,0.00
53990.29,10944.00,0.00,0.00
53990.29,10944.00,0.00,0.00
53990.29,10944.00,0.00,0.00
53990.29,10944.00,0.00,0.00
53990.25,10944.00,-0.08,0.00
53990.17,10944.00,-0.16,0.00
53990.05,10952.00,-0.24,0.00
53989.89,10952.00,-0.32,0.00
53989.69,10952.00,-0.40,0.00
53989.45,10952.00,-0.48,0.00
53989.17,10952.00,-0.56,0.00
53988.85,10952.00,-0.64,0.00
53988.49,10952.00,-0.72,0.00
53988.09,10952.00,-0.80,0.00
53987.65,10952.00,-0.88,0.00
53987.17,10952.00,-0.96,0.00
53986.65,10952.00,-1.04,0.00
53986.09,10952.00,-1.12,0.00
53985.49,10952.00,-1.20,0.00
53984.85,10952.00,-1.28,0.00
53984.17,10952.00,-1.36,0.00
53983.45,10952.00,-1.44,0.00
53982.69,10949.09,-1.52,-5.81
53981.89,10946.19,-1.60,-5.81
53981.05,10943.28,-1.68,-5.81
53980.17,10940.38,-1.76,-5.81
53979.25,10937.47,-1.84,-5.81
53978.29,10934.57,-1.92,-5.81
53977.29,10931.66,-2.00,-5.81
53976.25,10928.76,-2.08,-5.81
53975.17,10925.85,-2.16,-5.81
53974.05,10922.95,-2.24,-5.81
53972.89,10920.04,-2.32,-5.81
53971.69,10917.14,-2.40,-5.81
53970.45,10914.23,-2.48,-5.81
53969.17,10911.33,-2.56,-5.81
53967.85,10908.42,-2.64,-5.81
53966.49,10905.52,-2.72,-5.81
53965.09,10902.61,-2.80,-5.81
53963.65,10899.71,-2.88,-5.81
53962.17,10896.80,-2.96,-5.81
53960.65,10893.89,-3.04,-5.81
53959.18,10890.99,-2.94,-5.81
53957.67,10888.08,-3.02,-5.81
53954.75,10882.27,-2.92,-5.81
53951.75,10877.66,-3.00,-4.61
53948.67,10873.05,-3.08,-4.61
53945.69,10868.84,-2.98,-4.21
53942.63,10865.03,-3.06,-3.81
53939.67,10861.62,-2.96,-3.41
53936.63,10858.61,-3.04,-3.01
53933.69,10856.00,-2.94,-2.61
53930.67,10853.79,-3.02,-2.21
53927.75,10851.98,-2.92,-1.81
53924.75,10850.57,-3.00,-1.41
53921.67,10849.56,-3.08,-1.01
53918.69,10848.95,-2.98,-0.61
53915.63,10848.74,-3.06,-0.21
53912.67,10848.93,-2.96,0.19
53909.63,10849.52,-3.04,0.59
53906.69,10850.51,-2.94,0.99
53903.67,10851.90,-3.02,1.39
53900.75,10853.69,-2.92,1.79
53897.75,10848.00,-3.00,0.00
53894.67,10848.00,-3.08,0.00
53891.79,10848.00,-2.88,0.00
53888.83,10848.00,-2.96,0.00
53885.79,10848.00,-3.04,0.00
53882.95,10848.00,-2.84,0.00
53882.00,10848.00,-0.95,0.00
53882.00,10848.00,0.00,0.00
53882.00,10848.00,0.00,0.00
53882.00,10848.00,0.00,0.00
53882.00,10848.00,0.00,0.00
53882.00,10848.00,0.00,0.00
53882.00,10848.00,0.00,0.00
53882.00,10848.00,0.00,0.00
53882.00,10848.00,0.00,0.00
53882.00,10848.00,0.00,0.00
53882.00,10848.00,0.00,0.00
53882.00,10848.00,0.00,0.00
53882.00,10848.00,0.00,0.00
53882.00,10848.00,0.00,0.00
53882.00,10848.00,0.00,0.00
53882.00,10848.00,0.00,0.00
53882.00,10848.00,0.00,0.00
53882.00,10848.00,0.00,0.00
53882.00,10848.00,0.00,0.00
53882.00,10848.00,0.00,0.00
53882.00,10848.00,0.00,0.00
53882.00,10848.00,0.00,0.00
53882.00,10848.00,0.00,0.00
53882.00,10848.00,0.00,0.00
53882.00,10848.00,0.00,0.00
53882.00,10848.00,0.00,0.00
53882.00,10848.00,0.00,0.00
53882.00,10848.00,0.00,0.00
53882.00,10848.00,0.00,0.00
53882.00,10848.00,0.00,0.00
53882.00,10848.00,0.00,0.00
53882.00,10848.00,0.00,0.00
53882.00,10848.00,0.00,0.00
53882.00,10848.00,0.00,0.00
53882.00,10848.00,0.00,0.00
53882.00,10848.00,0.00,0.00
53882.00,10848.00,0.00,0.00
53882.00,10848.00,0.00,0.00
53882.00,10848.00,0.00,0.00
53882.00,10848.00,0.00,0.00
53882.00,10848.00,0.00,0.00
53882.00,10848.00,0.00,0.00
53882.00,10848.00,0.00,0.00
53882.00,10848.00,0.00,0.00
53882.00,10848.00,0.00,0.00
53882.00,10848.00,0.00,0.00
53882.00,10848.00,0.00,0.00
53882.00,10848.00,0.00,0.00
53882.00,10848.00,0.00,0.00
53882.00,10848.00,0.00,0.00
53882.00,10848.00,0.00,0.00
53882.00,10848.00,0.00,0.00
53882.00,10848.00,0.00,0.00
53882.00,10848.00,0.00,0.00
53882.00,10848.00,0.00,0.00
53882.00,10848.00,0.00,0.00
53882.00,10848.00,0.00,0.00
53882.00,10848.00,0.00,0.00
53882.00,10848.00,0.00,0.00
53882.00,10848.00,0.00,0.00
53882.00,10848.00,0.00,0.00
53882.00,10848.00,0.00,0.00
53882.00,10848.00,0.00,0.00
53882.00,10848.00,0.00,0.00
53882.00,10848.00,0.00,0.00
53882.00,10848.00,0.00,0.00
53882.00,10848.00,0.00,0.00
53882.00,10848.00,0.00,0.00
53882.00,10848.00,0.00,0.00
53882.00,10848.00,0.00,0.00
53882.00,10848.00,0.00,0.00
53882.00,10848.00,0.00,0.00
53882.00,10848.00,0.00,0.00
53882.00,10848.00,0.00,0.00
53882.00,10848.00,0.00,0.00
53882.00,10848.00,0.00,0.00
53882.00,10848.00,0.00,0.00
53882.00,10848.00,0.00,0.00
53882.00,10848.00,0.00,0.00
53882.00,10848.00,0.00,0.00
53882.00,10848.00,0.00,0.00
53882.08,10848.00,0.08,0.00
53882.24,10848.00,0.16,0.00
53882.48,10848.00,0.24,0.00
53882.80,10848.00,0.32,0.00
53883.20,10848.00,0.40,0.00
53883.68,10848.00,0.48,0.00
53884.23,10848.00,0.56,0.00
53884.88,10848.00,0.64,0.00
53885.59,10848.00,0.72,0.00
53886.39,10848.00,0.80,0.00
53887.27,10848.00,0.88,0.00
53888.23,10848.00,0.96,0.00
53889.27,10848.00,1.04,0.00
53890.39,10848.00,1.12,0.00
53891.32,10848.00,0.92,0.00
53892.04,10848.00,0.72,0.00
53892.55,10848.00,0.52,0.00
53892.88,10848.00,0.32,0.00
53893.00,10848.00,0.12,0.00
53893.00,10848.00,0.00,0.00
53893.00,10848.00,0.00,0.00
53893.00,10848.00,0.00,0.00
53893.00,10848.00,0.00,0.00
53893.00,10848.00,0.00,0.00
53893.00,10848.00,0.00,0.00
53893.00,10848.00,0.00,0.00
53893.00,10848.00,0.00,0.00
53893.00,10848.00,0.00,0.00
53893.00,10848.00,0.00,0.00
53893.07,10848.00,0.08,0.00
53893.23,10848.00,0.16,0.00
53893.47,10848.00,0.24,0.00
53893.79,10848.00,0.32,0.00
53894.19,10847.81,0.40,0.00
53894.67,10847.33,0.48,0.00
53895.23,10846.77,0.56,0.00
53895.87,10846.13,0.64,0.00
53896.59,10845.41,0.72,0.00
53897.39,10844.61,0.80,0.00
53898.27,10843.73,0.88,0.00
53899.23,10842.77,0.96,0.00
53900.27,10841.73,1.04,0.00
53901.39,10840.61,1.12,0.00
53902.59,10839.41,1.20,0.00
53903.87,10838.13,1.28,0.00
53905.23,10836.77,1.36,0.00
53906.67,10835.33,1.44,0.00
53908.19,10833.81,1.52,0.00
53909.79,10832.21,1.60,0.00
53911.47,10832.00,1.68,0.00
53913.23,10832.00,1.76,0.00
53915.07,10832.00,1.84,0.00
53917.00,10832.00,1.92,0.00
53919.00,10832.00,2.00,0.00
53921.07,10832.00,2.08,0.00
53922.95,10832.00,1.88,0.00
53924.63,10832.00,1.68,0.00
53926.11,10832.00,1.48,0.00
53927.39,10832.00,1.28,0.00
53928.47,10832.00,1.08,0.00
53929.35,10832.00,0.88,0.00
53930.03,10832.00,0.68,0.00
53930.51,10832.00,0.48,0.00
53930.79,10832.00,0.28,0.00
53930.87,10832.00,0.08,0.00
53930.87,10832.00,0.00,0.00
53930.87,10832.00,0.00,0.00
53930.87,10832.00,0.00,0.00
53930.95,10832.00,0.08,0.00
53931.11,10832.00,0.16,0.00
53931.35,10832.00,0.24,0.00
53931.67,10832.00,0.32,0.00
53932.07,10832.00,0.40,0.00
53932.55,10832.00,0.48,0.00
53933.11,10832.00,0.56,0.00
53933.75,10832.00,0.64,0.00
53934.46,10832.00,0.72,0.00
53935.27,10832.00,0.80,0.00
53936.14,10832.00,0.88,0.00
53937.11,10832.00,0.96,0.00
53938.14,10832.00,1.04,0.00
53939.27,10832.00,1.12,0.00
53940.46,10832.00,1.20,0.00
53941.46,10832.00,1.00,0.00
53942.27,10832.00,0.80,0.00
53942.87,10832.00,0.60,0.00
53943.27,10832.00,0.40,0.00
53943.46,10832.00,0.20,0.00
53943.46,10832.00,0.00,0.00
53943.46,10832.00,0.00,0.00
53943.54,10832.00,0.08,0.00
53943.70,10832.00,0.16,0.00
53943.94,10832.00,0.24,0.00
53944.26,10832.00,0.32,0.00
53944.66,10832.00,0.40,0.00
53945.14,10832.00,0.48,0.00
53945.70,10832.00,0.56,0.00
53946.34,10832.00,0.64,0.00
53947.06,10832.00,0.72,0.00
53947.86,10832.00,0.80,0.00
53948.74,10832.00,0.88,0.00
53949.70,10832.00,0.96,0.00
53950.74,10832.00,1.04,0.00
53951.86,10832.00,1.12,0.00
53952.78,10832.00,0.92,0.00
53953.50,10832.00,0.72,0.00
53954.02,10832.00,0.52,0.00
53954.34,10832.00,0.32,0.00
53954.46,10832.00,0.12,0.00
53954.46,10832.00,0.00,0.00
53954.46,10832.00,0.00,0.00
53954.46,10832.00,0.00,0.00
53954.46,10832.00,0.00,0.00
53954.46,10832.00,0.00,0.00
53954.46,10832.00,0.00,0.00
53954.46,10832.00,0.00,0.00
53954.46,10832.00,0.00,0.00
53954.46,10832.00,0.00,0.00
53954.46,10832.00,0.00,0.00
53954.46,10832.00,0.00,0.00
53954.46,10832.00,0.00,0.00
53954.54,10832.00,0.08,0.00
53954.70,10832.00,0.16,0.00
53954.94,10832.00,0.24,0.00
53955.26,10832.00,0.32,0.00
53955.66,10832.00,0.40,0.00
53956.14,10832.00,0.48,0.00
53956.70,10832.00,0.56,0.00
53957.34,10832.00,0.64,0.00
53958.05,10832.00,0.72,0.00
53958.86,10832.00,0.80,0.00
53959.73,10832.00,0.88,0.00
53960.70,10832.00,0.96,0.00
53961.73,10832.00,1.04,0.00
53962.86,10832.00,1.12,0.00
53964.05,10832.00,1.20,0.00
53965.34,10832.00,1.28,0.00
53966.70,10832.00,1.36,0.00
53968.14,10832.00,1.44,0.00
53969.66,10832.00,1.52,0.00
53971.26,10832.00,1.60,0.00
53972.94,10832.00,1.68,0.00
53974.70,10831.30,1.76,0.00
53976.54,10829.46,1.84,0.00
53978.46,10827.54,1.92,0.00
53980.46,10825.54,2.00,0.00
53982.54,10823.46,2.08,0.00
53984.70,10821.30,2.16,0.00
53986.94,10819.06,2.24,0.00
53989.26,10816.74,2.32,0.00
53991.66,10816.00,2.40,0.00
53993.78,10816.00,2.12,0.00
53995.62,10816.00,1.84,0.00
53997.18,10816.00,1.56,0.00
53998.46,10816.00,1.28,0.00
53999.46,10816.00,1.00,0.00
54000.18,10816.00,0.72,0.00
54000.62,10816.00,0.44,0.00
54000.78,10811.39,0.16,-4.61
54000.86,10806.78,0.08,-4.61
54000.86,10802.17,-0.00,-4.61
54000.78,10797.56,-0.08,-4.61
54000.62,10792.95,-0.16,-4.61
54000.38,10788.34,-0.24,-4.61
54000.06,10783.73,-0.32,-4.61
53999.66,10779.12,-0.40,-4.61
53999.18,10774.51,-0.48,-4.61
53998.62,10769.90,-0.56,-4.61
53997.98,10765.29,-0.64,-4.61
53997.26,10760.68,-0.72,-4.61
53996.46,10756.07,-0.80,-4.61
53995.58,10751.46,-0.88,-4.61
53994.62,10746.84,-0.96,-4.61
53993.58,10742.23,-1.04,-4.61
53992.46,10738.02,-1.12,-4.21
53991.26,10734.21,-1.20,-3.81
53989.98,10730.80,-1.28,-3.41
53988.62,10727.79,-1.36,-3.01
53987.18,10725.18,-1.44,-2.61
53985.66,10722.97,-1.52,-2.21
53984.06,10721.17,-1.60,-1.81
53982.38,10719.75,-1.68,-1.41
53980.62,10718.75,-1.76,-1.01
53978.78,10718.13,-1.84,-0.61
53976.86,10717.92,-1.92,-0.21
53974.86,10718.12,-2.00,0.19
53972.78,10718.71,-2.08,0.59
53970.62,10719.70,-2.16,0.99
53968.38,10721.08,-2.24,1.39
53966.06,10722.88,-2.32,1.79
53963.66,10725.07,-2.40,2.19
53962.00,10720.46,-1.66,-4.61
53962.00,10715.84,0.00,-4.61
53962.00,10711.23,0.00,-4.61
53962.00,10706.62,0.00,-4.61
53961.92,10702.01,-0.08,-4.61
53961.76,10698.01,-0.16,-4.00
53961.52,10698.01,-0.24,0.00
53961.20,10698.41,-0.32,0.40
53960.80,10699.21,-0.40,0.80
53960.32,10700.41,-0.48,1.20
53959.77,10702.01,-0.56,1.60
53959.12,10704.00,-0.64,1.99
53958.41,10704.00,-0.72,0.00
53957.61,10704.00,-0.80,0.00
53956.73,10704.00,-0.88,0.00
53955.77,10704.00,-0.96,0.00
53954.73,10704.00,-1.04,0.00
53953.61,10704.00,-1.12,0.00
53952.41,10704.00,-1.20,0.00
53951.12,10704.00,-1.28,0.00
53949.77,10704.00,-1.36,0.00
53948.32,10704.00,-1.44,0.00
53946.80,10704.00,-1.52,0.00
53945.20,10688.00,-1.60,0.00
53943.52,10688.00,-1.68,0.00
53941.76,10688.00,-1.76,0.00
53939.92,10688.00,-1.84,0.00
53938.00,10688.00,-1.92,0.00
53936.00,10688.00,-2.00,0.00
53933.92,10688.00,-2.08,0.00
53931.76,10688.00,-2.16,0.00
53930.00,10683.39,-1.76,-4.61
53930.00,10678.78,0.00,-4.61
53930.00,10674.17,0.00,-4.61
53930.00,10669.56,0.00,-4.61
53930.00,10664.95,0.00,-4.61
53930.00,10660.34,0.00,-4.61
53930.00,10655.73,0.00,-4.61
53930.00,10651.12,0.00,-4.61
53930.00,10646.51,0.00,-4.61
53930.00,10641.90,0.00,-4.61
53929.92,10637.29,-0.08,-4.61
53929.76,10632.68,-0.16,-4.61
53929.52,10628.07,-0.24,-4.61
53929.20,10623.46,-0.32,-4.61
53928.80,10618.84,-0.40,-4.61
53928.32,10614.23,-0.48,-4.61
53927.77,10610.02,-0.56,-4.21
53927.12,10606.21,-0.64,-3.81
53926.41,10602.80,-0.72,-3.41
53925.61,10599.79,-0.80,-3.01
53924.73,10597.18,-0.88,-2.61
53923.77,10594.97,-0.96,-2.21
53922.73,10593.17,-1.04,-1.81
53921.61,10591.75,-1.12,-1.41
53920.41,10590.75,-1.20,-1.01
53919.12,10590.13,-1.28,-0.61
53917.77,10589.92,-1.36,-0.21
53916.32,10590.12,-1.44,0.19
53914.80,10590.71,-1.52,0.59
53913.20,10591.70,-1.60,0.99
53911.52,10592.00,-1.68,0.30
53909.76,10592.00,-1.76,0.00
53907.92,10592.00,-1.84,0.00
53906.00,10592.00,-1.92,0.00
53904.00,10592.00,-2.00,0.00
53901.92,10592.00,-2.08,0.00
53899.76,10592.00,-2.16,0.00
53897.52,10576.00,-2.24,0.00
53895.20,10576.00,-2.32,0.00
53892.80,10576.00,-2.40,0.00
53890.32,10576.00,-2.48,0.00
53887.77,10576.00,-2.56,0.00
53885.12,10576.00,-2.64,0.00
53882.41,10576.00,-2.72,0.00
53882.00,10576.00,-0.41,0.00
53882.00,10576.00,0.00,0.00
53882.00,10576.00,0.00,0.00
53882.00,10576.00,0.00,0.00
53882.00,10576.00,0.00,0.00
53882.00,10571.39,0.00,-4.61
53882.00,10566.78,0.00,-4.61
53882.00,10562.17,0.00,-4.61
53882.00,10557.56,0.00,-4.61
53882.00,10552.95,0.00,-4.61
53882.00,10548.34,0.00,-4.61
53881.92,10543.73,-0.08,-4.61
53881.76,10539.12,-0.16,-4.61
53881.52,10534.51,-0.24,-4.61
53881.20,10529.90,-0.32,-4.61
53880.80,10525.29,-0.40,-4.61
53880.32,10522.01,-0.48,-3.28
53879.77,10522.01,-0.56,0.00
53879.12,10522.41,-0.64,0.40
53878.41,10523.21,-0.72,0.80
53877.61,10524.41,-0.80,1.20
53876.73,10526.01,-0.88,1.60
53875.77,10528.01,-0.96,2.00
53874.73,10530.41,-1.04,2.40
53873.61,10533.21,-1.12,2.80
53872.41,10536.41,-1.20,3.20
53871.12,10540.01,-1.28,3.60
53869.77,10544.00,-1.36,3.99
53868.32,10544.00,-1.44,0.00
53866.80,10544.00,-1.52,0.00
53865.20,10528.00,-1.60,0.00
53863.52,10528.00,-1.68,0.00
53861.76,10528.00,-1.76,0.00
53859.92,10528.00,-1.84,0.00
53858.00,10528.00,-1.92,0.00
53856.00,10528.00,-2.00,0.00
53853.92,10528.00,-2.08,0.00
53851.76,10528.00,-2.16,0.00
53850.00,10528.00,-1.76,0.00
53850.00,10528.00,0.00,0.00
53850.00,10528.00,0.00,0.00
53850.00,10528.00,0.00,0.00
53850.00,10528.00,0.00,0.00
53850.00,10528.00,0.00,0.00
53850.00,10528.00,0.00,0.00
53850.00,10528.00,0.00,0.00
53850.00,10528.00,0.00,0.00
53850.00,10528.00,0.00,0.00
53850.00,10528.00,0.00,0.00
53850.00,10528.00,0.00,0.00
53850.00,10528.00,0.00,0.00
53850.00,10528.00,0.00,0.00
53850.00,10528.00,0.00,0.00
53850.00,10528.00,0.00,0.00
53850.00,10528.00,0.00,0.00
53850.00,10528.00,0.00,0.00
53850.00,10528.00,0.00,0.00
53850.00,10528.00,0.00,0.00
53850.00,10528.00,0.00,0.00
53850.00,10523.39,0.00,-4.61
53850.00,10518.78,0.00,-4.61
53850.00,10514.17,0.00,-4.61
53850.00,10509.56,0.00,-4.61
53850.00,10504.95,0.00,-4.61
53850.00,10500.34,0.00,-4.61
53849.92,10495.73,-0.08,-4.61
53849.76,10491.12,-0.16,-4.61
53849.52,10486.51,-0.24,-4.61
53849.20,10481.90,-0.32,-4.61
53848.80,10477.29,-0.40,-4.61
53848.32,10472.68,-0.48,-4.61
53847.77,10468.07,-0.56,-4.61
53847.12,10463.46,-0.64,-4.61
53846.41,10458.84,-0.72,-4.61
53845.61,10454.23,-0.80,-4.61
53844.73,10450.02,-0.88,-4.21
53843.77,10446.21,-0.96,-3.81
53842.73,10442.80,-1.04,-3.41
53841.61,10439.79,-1.12,-3.01
53840.41,10437.18,-1.20,-2.61
53839.12,10434.97,-1.28,-2.21
53837.77,10433.17,-1.36,-1.81
53836.32,10431.75,-1.44,-1.41
53834.80,10430.75,-1.52,-1.01
53833.20,10430.13,-1.60,-0.61
53831.52,10429.92,-1.68,-0.21
53829.76,10430.12,-1.76,0.19
53827.92,10430.71,-1.84,0.59
53826.00,10431.70,-1.92,0.99
53824.00,10433.08,-2.00,1.39
53821.92,10434.88,-2.08,1.79
53819.76,10437.07,-2.16,2.19
53817.52,10439.66,-2.24,2.59
53815.20,10442.65,-2.32,2.99
53812.80,10446.04,-2.40,3.39
53810.32,10449.83,-2.48,3.79
53807.77,10454.02,-2.56,4.19
53805.12,10458.61,-2.64,4.59
53802.41,10463.60,-2.72,4.99
53799.61,10464.00,-2.80,0.40
53796.73,10464.00,-2.88,0.00
53793.77,10464.00,-2.96,0.00
53790.73,10464.00,-3.04,0.00
53787.89,10464.00,-2.84,0.00
53785.25,10463.25,-2.64,0.00
53782.80,10460.80,-2.44,0.00
53780.57,10458.57,-2.24,0.00
53778.53,10456.53,-2.04,0.00
53776.69,10454.69,-1.84,0.00
53775.05,10453.05,-1.64,0.00
53773.61,10451.61,-1.44,0.00
53772.37,10450.37,-1.24,0.00
53771.33,10449.33,-1.04,0.00
53770.49,10448.49,-0.84,0.00
53769.85,10443.88,-0.64,-4.61
53769.31,10439.27,-0.54,-4.61
53768.87,10434.66,-0.44,-4.61
53768.53,10430.05,-0.34,-4.61
53768.29,10425.44,-0.24,-4.61
53768.15,10420.83,-0.14,-4.61
53768.11,10416.22,-0.04,-4.61
53768.15,10411.61,0.04,-4.61
53768.27,10407.00,0.12,-4.61
53768.47,10402.38,0.20,-4.61
53768.75,10397.77,0.28,-4.61
53769.11,10393.16,0.36,-4.61
53769.55,10388.55,0.44,-4.61
53770.07,10383.94,0.52,-4.61
53770.67,10379.33,0.60,-4.61
53771.35,10375.12,0.68,-4.21
53772.11,10371.31,0.76,-3.81
53772.95,10367.90,0.84,-3.41
53773.88,10364.89,0.92,-3.01
53774.88,10362.28,1.00,-2.61
53775.95,10360.07,1.08,-2.21
53777.11,10358.26,1.16,-1.81
53778.35,10356.85,1.24,-1.41
53779.67,10352.24,1.32,-4.61
53781.07,10347.63,1.40,-4.61
53782.00,10343.02,0.93,-4.61
53782.00,10338.41,0.00,-4.61
53782.00,10333.80,0.00,-4.61
53782.00,10329.19,0.00,-4.61
53782.00,10324.58,0.00,-4.61
53782.00,10319.97,0.00,-4.61
53782.00,10315.36,0.00,-4.61
53782.00,10310.75,0.00,-4.61
53782.00,10306.14,0.00,-4.61
53782.00,10301.53,0.00,-4.61
53782.00,10297.32,0.00,-4.21
53782.00,10293.51,0.00,-3.81
53782.00,10290.10,0.00,-3.41
53782.08,10287.09,0.08,-3.01
53782.24,10284.48,0.16,-2.61
53782.48,10282.27,0.24,-2.21
53782.80,10280.46,0.32,-1.81
53783.20,10279.05,0.40,-1.41
53783.68,10278.04,0.48,-1.01
53784.23,10277.43,0.56,-0.61
53784.88,10277.22,0.64,-0.21
53785.59,10277.41,0.72,0.19
53786.39,10278.00,0.80,0.59
53787.27,10278.99,0.88,0.99
53788.23,10280.38,0.96,1.39
53789.27,10282.17,1.04,1.79
53790.39,10284.36,1.12,2.19
53791.59,10286.95,1.20,2.59
53792.88,10288.00,1.28,1.05
53794.23,10288.00,1.36,0.00
53795.68,10288.00,1.44,0.00
53797.20,10288.00,1.52,0.00
53798.80,10288.00,1.60,0.00
53800.48,10288.00,1.68,0.00
53802.24,10288.00,1.76,0.00
53804.08,10288.00,1.84,0.00
53806.00,10288.00,1.92,0.00
53808.00,10288.00,2.00,0.00
53810.08,10288.00,2.08,0.00
53812.24,10288.00,2.16,0.00
53814.48,10288.00,2.24,0.00
53816.80,10288.00,2.32,0.00
53819.20,10288.00,2.40,0.00
53821.68,10288.00,2.48,0.00
53824.23,10288.00,2.56,0.00
53826.88,10288.00,2.64,0.00
53829.59,10288.00,2.72,0.00
53832.39,10288.00,2.80,0.00
53835.27,10288.00,2.88,0.00
53838.23,10288.00,2.96,0.00
53841.27,10288.00,3.04,0.00
53844.11,10288.00,2.84,0.00
53847.04,10288.00,2.92,0.00
53850.04,10288.00,3.00,0.00
53853.11,10288.00,3.08,0.00
53855.99,10288.00,2.88,0.00
53858.95,10288.00,2.96,0.00
53861.99,10288.00,3.04,0.00
53864.83,10285.17,2.84,0.00
53867.75,10282.25,2.92,0.00
53870.75,10279.25,3.00,0.00
53873.83,10276.17,3.08,0.00
53876.71,10273.29,2.88,0.00
53879.67,10272.00,2.96,0.00
53882.71,10272.00,3.04,0.00
53885.55,10272.00,2.84,0.00
53888.47,10272.00,2.92,0.00
53891.47,10272.00,3.00,0.00
53894.55,10272.00,3.08,0.00
53897.43,10272.00,2.88,0.00
53900.39,10272.00,2.96,0.00
53903.43,10272.00,3.04,0.00
53906.27,10272.00,2.84,0.00
53909.19,10272.00,2.92,0.00
53912.19,10272.00,3.00,0.00
53915.27,10272.00,3.08,0.00
53918.15,10272.00,2.88,0.00
53921.11,10272.00,2.96,0.00
53924.15,10272.00,3.04,0.00
53926.99,10271.01,2.84,0.00
53929.91,10268.09,2.92,0.00
53932.91,10265.09,3.00,0.00
53935.99,10262.01,3.08,0.00
53938.87,10259.13,2.88,0.00
53941.83,10256.17,2.96,0.00
53944.87,10256.00,3.04,0.00
53947.71,10256.00,2.84,0.00
53950.63,10256.00,2.92,0.00
53953.63,10256.00,3.00,0.00
53956.71,10256.00,3.08,0.00
53959.59,10254.41,2.88,0.00
53962.55,10251.45,2.96,0.00
53965.59,10248.41,3.04,0.00
53968.43,10245.57,2.84,0.00
53971.35,10242.65,2.92,0.00
53974.35,10239.65,3.00,0.00
53977.43,10236.57,3.08,0.00
53980.30,10233.70,2.88,0.00
53983.27,10230.73,2.96,0.00
53986.30,10227.70,3.04,0.00
53989.14,10224.86,2.84,0.00
53992.07,10224.00,2.92,0.00
53995.07,10224.00,3.00,0.00
53998.14,10224.00,3.08,0.00
54001.02,10224.00,2.88,0.00
54003.98,10224.00,2.96,0.00
54007.02,10216.00,3.04,0.00
54009.86,10216.00,2.84,0.00
54012.79,10216.00,2.92,0.00
54015.79,10216.00,3.00,0.00
54018.86,10216.00,3.08,0.00
54021.74,10216.00,2.88,0.00
54024.70,10208.00,2.96,0.00
54027.74,10208.00,3.04,0.00
54030.58,10208.00,2.84,0.00
54033.50,10208.00,2.92,0.00
54036.50,10208.00,3.00,0.00
54039.58,10206.42,3.08,0.00
54042.46,10203.54,2.88,0.00
54045.42,10200.58,2.96,0.00
54048.46,10197.54,3.04,0.00
54051.30,10194.70,2.84,0.00
54054.22,10192.00,2.92,0.00
54057.22,10192.00,3.00,0.00
54060.30,10192.00,3.08,0.00
54063.18,10192.00,2.88,0.00
54065.86,10192.00,2.68,0.00
54068.34,10192.00,2.48,0.00
54070.62,10192.00,2.28,0.00
54072.70,10192.00,2.08,0.00
54074.58,10192.00,1.88,0.00
54076.26,10192.00,1.68,0.00
54077.74,10192.00,1.48,0.00
54079.02,10192.00,1.28,0.00
54080.10,10192.00,1.08,0.00
54080.98,10192.00,0.88,0.00
54081.66,10192.00,0.68,0.00
54082.14,10192.00,0.48,0.00
54082.42,10192.00,0.28,0.00
54082.50,10192.00,0.08,0.00
54082.50,10192.00,0.00,0.00
54082.50,10192.00,0.00,0.00
54082.50,10192.00,0.00,0.00
54082.50,10192.00,0.00,0.00
54082.50,10192.00,0.00,0.00
54082.50,10192.00,0.00,0.00
54082.50,10192.00,0.00,0.00
54082.50,10192.00,0.00,0.00
54082.50,10192.00,0.00,0.00
54082.50,10192.00,0.00,0.00
54082.50,10192.00,0.00,0.00
54082.50,10192.00,0.00,0.00
54082.50,10192.00,0.00,0.00
54082.57,10192.00,0.08,0.00
54082.73,10192.00,0.16,0.00
54082.97,10192.00,0.24,0.00
54083.29,10192.00,0.32,0.00
54083.69,10192.00,0.40,0.00
54084.17,10192.00,0.48,0.00
54084.73,10192.00,0.56,0.00
54085.37,10192.00,0.64,0.00
54086.09,10192.00,0.72,0.00
54086.89,10192.00,0.80,0.00
54087.77,10192.00,0.88,0.00
54088.73,10192.00,0.96,0.00
54089.77,10187.39,1.04,-4.61
54090.89,10182.78,1.12,-4.61
54092.09,10178.17,1.20,-4.61
54093.37,10173.56,1.28,-4.61
54094.73,10168.95,1.36,-4.61
54096.17,10164.34,1.44,-4.61
54097.69,10159.73,1.52,-4.61
54099.29,10155.12,1.60,-4.61
54100.97,10150.51,1.68,-4.61
54102.73,10145.90,1.76,-4.61
54104.57,10141.29,1.84,-4.61
54106.50,10136.68,1.92,-4.61
54108.50,10132.07,2.00,-4.61
54110.57,10127.46,2.08,-4.61
54112.73,10123.25,2.16,-4.21
54114.97,10119.44,2.24,-3.81
54117.29,10116.03,2.32,-3.41
54119.69,10113.02,2.40,-3.01
54122.17,10110.41,2.48,-2.61
54124.73,10108.20,2.56,-2.21
54127.37,10106.39,2.64,-1.81
54130.09,10104.98,2.72,-1.41
54132.89,10103.97,2.80,-1.01
54135.77,10103.36,2.88,-0.61
54138.73,10098.75,2.96,-4.61
54141.77,10094.13,3.04,-4.61
54144.71,10089.52,2.94,-4.61
54147.73,10084.91,3.02,-4.61
54150.65,10080.30,2.92,-4.61
54153.65,10075.69,3.00,-4.61
54156.73,10071.08,3.08,-4.61
54159.71,10066.47,2.98,-4.61
54162.77,10061.86,3.06,-4.61
54165.73,10057.25,2.96,-4.61
54168.77,10053.04,3.04,-4.21
54171.71,10049.23,2.94,-3.81
54174.73,10045.82,3.02,-3.41
54177.65,10042.81,2.92,-3.01
54180.65,10040.20,3.00,-2.61
54183.73,10037.99,3.08,-2.21
54186.71,10036.18,2.98,-1.81
54189.77,10034.77,3.06,-1.41
54192.73,10033.76,2.96,-1.01
54195.59,10033.15,2.86,-0.61
54198.35,10032.94,2.76,-0.21
54201.01,10033.13,2.66,0.19
54203.57,10033.72,2.56,0.59
54206.03,10034.71,2.46,0.99
54208.39,10036.10,2.36,1.39
54210.65,10037.89,2.26,1.79
54212.81,10040.08,2.16,2.19
54214.87,10042.67,2.06,2.59
54216.83,10045.66,1.96,2.99
54218.69,10049.05,1.86,3.39
54220.45,10052.84,1.76,3.79
54222.11,10057.03,1.66,4.19
54223.67,10061.62,1.56,4.59
54225.13,10066.61,1.46,4.99
54226.49,10072.00,1.36,5.39
54227.75,10077.79,1.26,5.79
54228.91,10081.09,1.16,0.00
54229.88,10080.12,0.96,0.00
54230.00,10080.00,0.13,0.00
54230.00,10080.00,0.00,0.00
54230.00,10080.00,0.00,0.00
54230.00,10080.00,0.00,0.00
54230.00,10080.00,0.00,0.00
54230.00,10080.00,0.00,0.00
54230.00,10080.00,0.00,0.00
54230.00,10080.00,0.00,0.00
54230.00,10080.00,0.00,0.00
54230.00,10080.00,0.00,0.00
54230.00,10080.00,0.00,0.00
54230.00,10080.00,0.00,0.00
54230.00,10080.00,0.00,0.00
54230.00,10080.00,0.00,0.00
54230.00,10080.00,0.00,0.00
54230.00,10080.00,0.00,0.00
54230.00,10080.00,0.00,0.00
54230.00,10080.00,0.00,0.00
54230.00,10080.00,0.00,0.00
54230.00,10080.00,0.00,0.00
54230.00,10080.00,0.00,0.00
54230.00,10080.00,0.00,0.00
54230.00,10080.00,0.00,0.00
54230.00,10080.00,0.00,0.00
54230.00,10080.00,0.00,0.00
54230.00,10080.00,0.00,0.00
54230.00,10080.00,0.00,0.00
54230.00,10080.00,0.00,0.00
54230.00,10080.00,0.00,0.00
54230.00,10080.00,0.00,0.00
54230.00,10080.00,0.00,0.00
54230.00,10080.00,0.00,0.00
54230.00,10080.00,0.00,0.00
54230.00,10080.00,0.00,0.00
54230.00,10080.00,0.00,0.00
54230.00,10080.00,0.00,0.00
54230.00,10080.00,0.00,0.00
54230.00,10080.00,0.00,0.00
54230.00,10080.00,0.00,0.00
54230.00,10080.00,0.00,0.00
54230.00,10080.00,0.00,0.00
54230.00,10080.00,0.00,0.00
54230.00,10080.00,0.00,0.00
54230.00,10080.00,0.00,0.00
54230.00,10080.00,0.00,0.00
54230.08,10064.00,0.08,0.00
54230.24,10064.00,0.16,0.00
54230.48,10064.00,0.24,0.00
54230.80,10064.00,0.32,0.00
54231.20,10064.00,0.40,0.00
54231.68,10064.00,0.48,0.00
54232.23,10064.00,0.56,0.00
54232.88,10064.00,0.64,0.00
54233.59,10064.00,0.72,0.00
54234.39,10064.00,0.80,0.00
54235.27,10064.00,0.88,0.00
54236.23,10064.00,0.96,0.00
54237.27,10064.00,1.04,0.00
54238.39,10064.00,1.12,0.00
54239.59,10064.00,1.20,0.00
54240.88,10064.00,1.28,0.00
54242.23,10064.00,1.36,0.00
54243.68,10064.00,1.44,0.00
54245.20,10064.00,1.52,0.00
54246.52,10063.48,1.32,0.00
54247.64,10062.36,1.12,0.00
54248.56,10061.44,0.92,0.00
54249.28,10060.72,0.72,0.00
54249.80,10060.20,0.52,0.00
54250.12,10059.88,0.32,0.00
54250.24,10059.76,0.12,0.00
54250.24,10059.76,0.00,0.00
54250.24,10059.76,0.00,0.00
54250.24,10059.76,0.00,0.00
54250.24,10059.76,0.00,0.00
54250.24,10059.76,0.00,0.00
54250.24,10059.76,0.00,0.00
54250.24,10059.76,0.00,0.00
54250.24,10059.76,0.00,0.00
54250.24,10059.76,0.00,0.00
54250.24,10059.76,0.00,0.00
54250.24,10059.76,0.00,0.00
54250.24,10059.76,0.00,0.00
54250.24,10059.76,0.00,0.00
54250.24,10059.76,0.00,0.00
54250.24,10059.76,0.00,0.00
54250.24,10059.76,0.00,0.00
54250.24,10059.76,0.00,0.00
54250.24,10059.76,0.00,0.00
54250.24,10059.76,0.00,0.00
54250.24,10059.76,0.00,0.00
54250.24,10059.76,0.00,0.00
54250.24,10059.76,0.00,0.00
54250.24,10059.76,0.00,0.00
54250.24,10059.76,0.00,0.00
54250.24,10059.76,0.00,0.00
54250.24,10059.76,0.00,0.00
54250.24,10059.76,0.00,0.00
54250.24,10059.76,0.00,0.00
54250.24,10059.76,0.00,0.00
54250.24,10059.76,0.00,0.00
54250.16,10059.84,-0.08,0.00
54250.00,10060.00,-0.16,0.00
54249.76,10060.24,-0.24,0.00
54249.44,10060.56,-0.32,0.00
54249.04,10060.96,-0.40,0.00
54248.56,10061.36,-0.48,0.40
54248.00,10062.00,-0.56,0.00
54247.36,10062.40,-0.64,0.40
54246.64,10063.20,-0.72,0.80
54245.84,10064.00,-0.80,0.80
54244.96,10064.00,-0.88,0.00
54244.00,10064.00,-0.96,0.00
54242.96,10064.00,-1.04,0.00
54241.84,10064.00,-1.12,0.00
54240.64,10064.00,-1.20,0.00
54239.36,10064.00,-1.28,0.00
54238.00,10064.00,-1.36,0.00
54236.56,10064.00,-1.44,0.00
54235.04,10064.00,-1.52,0.00
54233.44,10064.00,-1.60,0.00
54231.76,10064.00,-1.68,0.00
54230.00,10064.40,-1.76,0.40
54228.16,10065.20,-1.84,0.80
54226.24,10066.40,-1.92,1.20
54224.24,10068.00,-2.00,1.60
54222.16,10070.00,-2.08,2.00
54220.00,10072.40,-2.16,2.40
54217.76,10075.20,-2.24,2.80
54215.44,10078.40,-2.32,3.20
54213.04,10082.00,-2.40,3.60
54210.56,10086.00,-2.48,4.00
54208.00,10090.40,-2.56,4.40
54205.54,10095.20,-2.46,4.80
54203.18,10100.40,-2.36,5.20
54200.92,10106.00,-2.26,5.60
54198.76,10112.00,-2.16,6.00
54196.70,10118.40,-2.06,6.40
54194.74,10125.20,-1.96,6.80
54192.88,10132.40,-1.86,7.20
54191.12,10140.00,-1.76,7.60
54189.46,10148.00,-1.66,8.00
54187.90,10156.40,-1.56,8.40
54186.44,10165.20,-1.46,8.80
54185.08,10174.40,-1.36,9.20
54183.82,10176.00,-1.26,1.60
54182.66,10176.00,-1.16,0.00
54181.70,10192.00,-0.96,0.00
54180.94,10192.00,-0.76,0.00
54180.38,10192.00,-0.56,0.00
54180.02,10192.00,-0.36,0.00
54179.86,10192.00,-0.16,0.00
54179.86,10192.00,0.00,0.00
54179.86,10192.00,0.00,0.00
54179.86,10192.00,0.00,0.00
54179.86,10192.00,0.00,0.00
54179.86,10192.00,0.00,0.00
54179.86,10192.00,0.00,0.00
54179.86,10192.00,0.00,0.00
54179.86,10192.00,0.00,0.00
54179.86,10192.00,0.00,0.00
54179.86,10192.00,0.00,0.00
54179.86,10192.00,0.00,0.00
54179.86,10192.00,0.00,0.00
54179.86,10192.00,0.00,0.00
54179.86,10192.00,0.00,0.00
54179.86,10192.00,0.00,0.00
54179.86,10192.00,0.00,0.00
54179.86,10192.00,0.00,0.00
54179.86,10192.00,0.00,0.00
54179.86,10192.00,0.00,0.00
54179.86,10192.00,0.00,0.00
54179.86,10192.00,0.00,0.00
54179.86,10192.00,0.00,0.00
54179.86,10192.00,0.00,0.00
54179.86,10192.00,0.00,0.00
54179.86,10192.00,0.00,0.00
54179.86,10192.00,0.00,0.00
54179.86,10192.00,0.00,0.00
54179.86,10192.00,0.00,0.00
54179.86,10192.00,0.00,0.00
54179.86,10192.00,0.00,0.00
54179.86,10192.00,0.00,0.00
54179.86,10192.00,0.00,0.00
54179.86,10192.00,0.00,0.00
54179.86,10192.00,0.00,0.00
54179.86,10192.00,0.00,0.00
54179.86,10192.00,0.00,0.00
54179.86,10192.00,0.00,0.00
54179.86,10192.00,0.00,0.00
54179.86,10192.00,0.00,0.00
54179.86,10192.00,0.00,0.00
54179.86,10192.00,0.00,0.00
54179.86,10192.00,0.00,0.00
54179.86,10192.00,0.00,0.00
54179.86,10192.00,0.00,0.00
54179.86,10192.00,0.00,0.00
54179.86,10192.00,0.00,0.00
54179.78,10192.00,-0.08,0.00
54179.62,10192.00,-0.16,0.00
54179.38,10192.00,-0.24,0.00
54179.06,10192.00,-0.32,0.00
54178.66,10192.00,-0.40,0.00
54178.18,10192.00,-0.48,0.00
54177.62,10192.00,-0.56,0.00
54176.98,10192.00,-0.64,0.00
54176.27,10192.00,-0.72,0.00
54175.46,10192.00,-0.80,0.00
54174.59,10192.00,-0.88,0.00
54173.62,10192.00,-0.96,0.00
54172.59,10192.00,-1.04,0.00
54171.46,10192.00,-1.12,0.00
54170.27,10192.00,-1.20,0.00
54168.98,10192.00,-1.28,0.00
54167.62,10192.00,-1.36,0.00
54166.18,10192.00,-1.44,0.00
54164.66,10208.00,-1.52,0.00
54163.06,10208.00,-1.60,0.00
54161.38,10208.00,-1.68,0.00
54159.62,10208.00,-1.76,0.00
54157.78,10208.00,-1.84,0.00
54155.86,10208.00,-1.92,0.00
54153.86,10208.00,-2.00,0.00
54151.78,10208.00,-2.08,0.00
54149.62,10224.00,-2.16,0.00
54147.38,10224.00,-2.24,0.00
54145.06,10224.00,-2.32,0.00
54142.66,10224.00,-2.40,0.00
54140.18,10224.00,-2.48,0.00
54137.62,10216.00,-2.56,0.00
54134.98,10216.00,-2.64,0.00
54132.27,10216.00,-2.72,0.00
54129.46,10216.00,-2.80,0.00
54126.59,10216.00,-2.88,0.00
54123.62,10216.00,-2.96,0.00
54120.59,10208.00,-3.04,0.00
54117.75,10208.00,-2.84,0.00
54114.82,10208.00,-2.92,0.00
54111.82,10208.00,-3.00,0.00
54108.75,10208.00,-3.08,0.00
54105.87,10192.00,-2.88,0.00
54102.91,10192.00,-2.96,0.00
54099.87,10192.00,-3.04,0.00
54097.03,10192.00,-2.84,0.00
54094.11,10192.00,-2.92,0.00
54091.11,10192.00,-3.00,0.00
54088.03,10192.00,-3.08,0.00
54085.15,10192.00,-2.88,0.00
54082.19,10192.00,-2.96,0.00
54079.15,10192.00,-3.04,0.00
54076.31,10192.00,-2.84,0.00
54073.39,10192.00,-2.92,0.00
54070.39,10192.00,-3.00,0.00
54067.31,10192.00,-3.08,0.00
54064.43,10192.00,-2.88,0.00
54061.47,10192.00,-2.96,0.00
54058.43,10192.00,-3.04,0.00
54055.59,10192.00,-2.84,0.00
54052.67,10193.33,-2.92,0.00
54049.67,10196.33,-3.00,0.00
54046.59,10199.41,-3.08,0.00
54043.71,10202.29,-2.88,0.00
54040.75,10205.25,-2.96,0.00
54037.71,10205.65,-3.04,0.40
54034.77,10206.45,-2.94,0.80
54031.75,10207.65,-3.02,1.20
54028.83,10208.00,-2.92,0.35
54025.83,10208.00,-3.00,0.00
54022.75,10208.00,-3.08,0.00
54019.87,10216.00,-2.88,0.00
54016.91,10216.00,-2.96,0.00
54013.87,10216.00,-3.04,0.00
54011.03,10216.00,-2.84,0.00
54008.11,10216.00,-2.92,0.00
54005.11,10224.00,-3.00,0.00
54002.03,10224.00,-3.08,0.00
53999.15,10224.00,-2.88,0.00
53996.19,10224.00,-2.96,0.00
53993.15,10224.00,-3.04,0.00
53990.31,10224.00,-2.84,0.00
53987.39,10226.61,-2.92,0.00
53984.39,10229.61,-3.00,0.00
53981.31,10232.69,-3.08,0.00
53978.43,10235.57,-2.88,0.00
53975.47,10238.53,-2.96,0.00
53972.43,10241.57,-3.04,0.00
53969.59,10244.41,-2.84,0.00
53966.67,10247.33,-2.92,0.00
53963.67,10250.33,-3.00,0.00
53960.59,10253.41,-3.08,0.00
53957.71,10256.00,-2.88,2.59
53954.75,10256.00,-2.96,0.00
53951.71,10256.00,-3.04,0.00
53948.88,10256.00,-2.84,0.00
53945.95,10256.00,-2.92,0.00
53942.95,10256.00,-3.00,0.00
53939.88,10258.12,-3.08,0.00
53937.00,10261.00,-2.88,0.00
53934.04,10263.96,-2.96,0.00
53931.00,10267.00,-3.04,0.00
53928.16,10269.84,-2.84,0.00
53925.23,10270.24,-2.92,0.40
53922.23,10271.04,-3.00,0.80
53919.16,10272.00,-3.08,0.96
53916.18,10272.00,-2.98,0.00
53913.12,10272.00,-3.06,0.00
53910.26,10272.00,-2.86,0.00
53907.32,10272.00,-2.94,0.00
53904.30,10272.00,-3.02,0.00
53901.48,10272.00,-2.82,0.00
53898.58,10272.00,-2.90,0.00
53895.60,10272.00,-2.98,0.00
53892.54,10272.00,-3.06,0.00
53889.68,10272.00,-2.86,0.00
53886.74,10272.00,-2.94,0.00
53883.72,10272.00,-3.02,0.00
53880.90,10272.00,-2.82,0.00
53878.00,10272.00,-2.90,0.00
53875.02,10274.98,-2.98,0.00
53871.96,10278.04,-3.06,0.00
53869.10,10280.90,-2.86,0.00
53866.16,10283.84,-2.94,0.00
53863.14,10286.86,-3.02,0.00
53860.32,10287.26,-2.82,0.40
53857.42,10288.00,-2.90,0.74
53854.44,10288.00,-2.98,0.00
53851.38,10288.00,-3.06,0.00
53848.52,10288.00,-2.86,0.00
53845.58,10288.00,-2.94,0.00
53842.56,10288.00,-3.02,0.00
53839.74,10288.00,-2.82,0.00
53836.84,10288.00,-2.90,0.00
53833.86,10288.00,-2.98,0.00
53830.80,10288.00,-3.06,0.00
53827.95,10288.00,-2.86,0.00
53825.00,10288.00,-2.94,0.00
53821.98,10288.00,-3.02,0.00
53819.16,10288.00,-2.82,0.00
53816.27,10288.00,-2.90,0.00
53813.29,10288.00,-2.98,0.00
53810.23,10288.00,-3.06,0.00
53807.37,10288.00,-2.86,0.00
53804.43,10288.00,-2.94,0.00
53801.41,10288.00,-3.02,0.00
53798.59,10288.00,-2.82,0.00
53795.69,10288.00,-2.90,0.00
53792.71,10288.00,-2.98,0.00
53789.65,10288.00,-3.06,0.00
53786.79,10288.00,-2.86,0.00
53783.85,10288.00,-2.94,0.00
53780.83,10288.40,-3.02,0.40
53777.91,10289.20,-2.92,0.80
53774.91,10290.40,-3.00,1.20
53771.83,10292.00,-3.08,1.60
53770.00,10294.00,-1.83,2.00
53770.00,10296.40,0.00,2.40
53770.08,10299.20,0.08,2.80
53770.24,10302.40,0.16,3.20
53770.48,10306.00,0.24,3.60
53770.80,10310.00,0.32,4.00
53771.20,10314.40,0.40,4.40
53771.68,10319.20,0.48,4.80
53772.23,10324.40,0.56,5.20
53772.88,10330.00,0.64,5.60
53773.59,10336.00,0.72,6.00
53774.39,10342.40,0.80,6.40
53775.27,10349.20,0.88,6.80
53776.23,10356.40,0.96,7.20
53777.27,10364.00,1.04,7.60
53778.39,10372.00,1.12,8.00
53779.59,10380.40,1.20,8.40
53780.88,10389.20,1.28,8.80
53782.23,10398.40,1.36,9.20
53783.68,10408.00,1.44,9.60
53785.20,10418.00,1.52,10.00
53786.80,10428.01,1.60,10.01
53788.48,10438.02,1.68,10.01
53790.24,10448.03,1.76,10.01
53792.08,10458.04,1.84,10.01
53794.00,10464.00,1.92,5.96
53796.00,10464.00,2.00,0.00
53798.08,10464.00,2.08,0.00
53800.24,10464.00,2.16,0.00
53802.48,10480.00,2.24,0.00
53804.80,10480.00,2.32,0.00
53807.20,10480.00,2.40,0.00
53809.68,10480.00,2.48,0.00
53812.23,10480.00,2.56,0.00
53814.88,10480.00,2.64,0.00
53817.59,10480.00,2.72,0.00
53820.39,10482.39,2.80,0.00
53823.27,10485.27,2.88,0.00
53826.23,10488.23,2.96,0.00
53829.27,10491.27,3.04,0.00
53832.11,10494.11,2.84,0.00
53835.04,10494.51,2.92,0.40
53838.04,10495.31,3.00,0.80
53841.11,10496.00,3.08,0.69
53844.09,10496.00,2.98,0.00
53847.15,10496.00,3.06,0.00
53850.01,10496.40,2.86,0.40
53852.95,10497.20,2.94,0.80
53855.97,10498.40,3.02,1.20
53858.89,10500.00,2.92,1.60
53861.89,10502.00,3.00,2.00
53864.97,10504.40,3.08,2.40
53867.95,10507.20,2.98,2.80
53871.01,10510.40,3.06,3.20
53873.97,10514.00,2.96,3.60
53877.01,10518.00,3.04,4.00
53879.95,10522.40,2.94,4.40
53882.97,10527.20,3.02,4.80
53885.89,10532.40,2.92,5.20
53888.89,10538.00,3.00,5.60
53891.97,10544.00,3.08,6.00
53894.95,10550.40,2.98,6.40
53898.01,10557.20,3.06,6.80
53900.97,10564.40,2.96,7.20
53904.01,10572.00,3.04,7.60
53906.95,10580.00,2.94,8.00
53909.97,10588.40,3.02,8.40
53912.89,10592.00,2.92,3.60
53915.89,10596.00,3.00,4.00
53918.61,10600.40,2.72,4.40
53921.05,10605.20,2.44,4.80
53923.21,10610.40,2.16,5.20
53925.09,10616.00,1.88,5.60
53926.70,10622.00,1.60,6.00
53928.02,10628.40,1.32,6.40
53929.05,10635.20,1.04,6.80
53929.82,10640.00,0.76,4.80
53930.30,10645.20,0.48,5.20
53930.50,10650.81,0.20,5.60
53930.62,10656.81,0.12,6.00
53930.66,10663.21,0.04,6.40
53930.62,10670.01,-0.04,6.80
53930.50,10677.22,-0.12,7.20
53930.30,10684.82,-0.20,7.60
53930.02,10688.00,-0.28,3.18
53930.00,10688.00,-0.02,0.00
53930.00,10688.00,0.00,0.00
53930.00,10688.00,0.00,0.00
53930.00,10688.00,0.00,0.00
53930.00,10688.00,0.00,0.00
53930.00,10688.00,0.00,0.00
53930.00,10688.00,0.00,0.00
53930.00,10688.00,0.00,0.00
53930.00,10688.00,0.00,0.00
53930.00,10688.00,0.00,0.00
53930.08,10688.00,0.08,0.00
53930.24,10688.00,0.16,0.00
53930.48,10688.00,0.24,0.00
53930.80,10688.00,0.32,0.00
53931.20,10688.00,0.40,0.00
53931.68,10688.00,0.48,0.00
53932.23,10688.00,0.56,0.00
53932.88,10688.00,0.64,0.00
53933.59,10688.00,0.72,0.00
53934.39,10688.00,0.80,0.00
53935.27,10688.00,0.88,0.00
53936.23,10688.00,0.96,0.00
53937.27,10688.00,1.04,0.00
53938.39,10688.00,1.12,0.00
53939.32,10688.00,0.92,0.00
53940.04,10688.00,0.72,0.00
53940.55,10688.00,0.52,0.00
53940.88,10688.00,0.32,0.00
53941.00,10688.00,0.12,0.00
53941.00,10688.00,0.00,0.00
53941.00,10688.00,0.00,0.00
53941.00,10688.00,0.00,0.00
53941.00,10688.00,0.00,0.00
53941.00,10688.00,0.00,0.00
53941.00,10688.00,0.00,0.00
53941.00,10688.00,0.00,0.00
53941.00,10688.00,0.00,0.00
53941.07,10688.00,0.08,0.00
53941.23,10688.00,0.16,0.00
53941.47,10688.00,0.24,0.00
53941.79,10688.00,0.32,0.00
53942.19,10688.00,0.40,0.00
53942.67,10688.00,0.48,0.00
53943.23,10688.00,0.56,0.00
53943.87,10688.00,0.64,0.00
53944.59,10688.00,0.72,0.00
53945.39,10688.00,0.80,0.00
53946.27,10704.00,0.88,0.00
53947.23,10704.00,0.96,0.00
53948.27,10704.00,1.04,0.00
53949.39,10704.00,1.12,0.00
53950.59,10704.00,1.20,0.00
53951.87,10704.00,1.28,0.00
53953.23,10704.00,1.36,0.00
53954.67,10704.00,1.44,0.00
53956.19,10704.00,1.52,0.00
53957.79,10704.00,1.60,0.00
53959.47,10704.00,1.68,0.00
53961.23,10704.00,1.76,0.00
53963.07,10704.40,1.84,0.40
53965.00,10705.20,1.92,0.80
53967.00,10706.40,2.00,1.20
53969.07,10708.00,2.08,1.60
53971.23,10710.00,2.16,2.00
53973.29,10712.40,2.06,2.40
53975.07,10715.20,1.78,2.80
53976.57,10718.40,1.50,3.20
53977.79,10722.00,1.22,3.60
53978.73,10726.00,0.94,4.00
53979.39,10730.40,0.66,4.40
53979.77,10735.20,0.38,4.80
53979.88,10740.40,0.10,5.20
53979.89,10746.00,0.02,5.60
53979.84,10752.00,-0.06,6.00
53979.70,10758.40,-0.14,6.40
53979.48,10765.20,-0.22,6.80
53979.18,10772.40,-0.30,7.20
53978.80,10780.00,-0.38,7.60
53978.34,10788.00,-0.46,8.00
53977.80,10796.40,-0.54,8.40
53977.18,10805.20,-0.62,8.80
53976.48,10814.40,-0.70,9.20
53975.70,10824.00,-0.78,9.60
53974.84,10832.00,-0.86,8.00
53973.89,10832.00,-0.94,0.00
53972.88,10832.00,-1.02,0.00
53971.77,10832.00,-1.10,0.00
53970.88,10832.00,-0.90,0.00
53970.25,10832.00,-0.62,0.00
53969.91,10832.00,-0.34,0.00
53969.86,10832.00,-0.06,0.00
53969.88,10832.00,0.02,0.00
53969.98,10832.00,0.10,0.00
53970.16,10832.00,0.18,0.00
53970.42,10832.00,0.26,0.00
53970.76,10832.00,0.34,0.00
53971.18,10832.00,0.42,0.00
53971.68,10832.00,0.50,0.00
53972.26,10832.00,0.58,0.00
53972.92,10832.00,0.66,0.00
53973.66,10832.00,0.74,0.00
53974.48,10831.52,0.82,0.00
53975.38,10830.62,0.90,0.00
53976.36,10829.64,0.98,0.00
53977.41,10828.59,1.06,0.00
53978.55,10827.45,1.14,0.00
53979.77,10826.23,1.22,0.00
53981.07,10824.93,1.30,0.00
53982.45,10823.55,1.38,0.00
53983.91,10822.09,1.46,0.00
53985.45,10820.55,1.54,0.00
53987.07,10818.93,1.62,0.00
53988.77,10817.23,1.70,0.00
53990.55,10816.00,1.78,0.00
53992.41,10816.00,1.86,0.00
53994.36,10816.00,1.94,0.00
53996.38,10816.00,2.02,0.00
53998.48,10816.00,2.10,0.00
54000.66,10816.00,2.18,0.00
54002.92,10816.00,2.26,0.00
54005.26,10816.00,2.34,0.00
54007.68,10816.00,2.42,0.00
54010.18,10816.00,2.50,0.00
54012.76,10816.00,2.58,0.00
54015.42,10816.00,2.66,0.00
54018.16,10816.00,2.74,0.00
54020.98,10816.00,2.82,0.00
54023.88,10816.00,2.90,0.00
54026.86,10816.40,2.98,0.40
54029.91,10817.20,3.06,0.80
54032.88,10818.40,2.96,1.20
54035.91,10820.00,3.04,1.60
54038.86,10822.00,2.94,2.00
54041.88,10824.40,3.02,2.40
54044.80,10827.20,2.92,2.80
54047.80,10830.40,3.00,3.20
54050.88,10834.00,3.08,3.60
54053.86,10838.00,2.98,4.00
54056.91,10842.40,3.06,4.40
54059.88,10847.20,2.96,4.80
54062.91,10852.40,3.04,5.20
54065.86,10858.00,2.94,5.60
54068.88,10864.00,3.02,6.00
54071.80,10870.40,2.92,6.40
54074.80,10877.20,3.00,6.80
54077.88,10884.40,3.08,7.20
54080.86,10892.00,2.98,7.60
54082.39,10896.00,3.06,8.00
54083.87,10898.50,2.96,5.01
54085.39,10901.01,3.04,5.01
54086.86,10903.51,2.94,5.01
54088.37,10906.02,3.02,5.01
54089.83,10908.52,2.92,5.01
54091.33,10911.03,3.00,5.01
54092.87,10913.53,3.08,5.01
54094.36,10916.04,2.98,5.01
54095.89,10918.54,3.06,5.01
54097.37,10921.05,2.96,5.01
54098.89,10923.55,3.04,5.01
54100.36,10926.06,2.94,5.01
54101.87,10928.56,3.02,5.01
54103.33,10931.07,2.92,5.01
54104.83,10933.57,3.00,5.01
54106.37,10936.08,3.08,5.01
54107.86,10938.58,2.98,5.01
54109.39,10941.09,3.06,5.01
54110.87,10943.59,2.96,5.01
54112.39,10946.10,3.04,5.01
54113.86,10948.60,2.94,5.01
54115.37,10951.11,3.02,5.01
54116.83,10953.61,2.92,5.01
54118.33,10956.12,3.00,5.01
54119.87,10958.62,3.08,5.01
54121.36,10961.13,2.98,5.01
54122.89,10963.63,3.06,5.01
54124.37,10966.14,2.96,5.01
54125.89,10968.64,3.04,5.01
54127.36,10965.74,2.94,-5.81
54128.87,10962.83,3.02,-5.81
54130.33,10959.93,2.92,-5.81
54131.83,10957.02,3.00,-5.81
54133.37,10954.12,3.08,-5.81
54134.86,10951.21,2.98,-5.81
54136.39,10948.30,3.06,-5.81
54137.87,10945.40,2.96,-5.81
54139.39,10942.49,3.04,-5.81
54140.86,10939.59,2.94,-5.81
54142.37,10936.68,3.02,-5.81
54143.83,10933.78,2.92,-5.81
54145.33,10930.87,3.00,-5.81
54146.87,10927.97,3.08,-5.81
54148.36,10925.06,2.98,-5.81
54149.89,10922.16,3.06,-5.81
54151.37,10919.25,2.96,-5.81
54152.89,10916.35,3.04,-5.81
54154.36,10913.44,2.94,-5.81
54155.87,10910.64,3.02,-5.61
54157.33,10907.93,2.92,-5.41
54158.83,10905.33,3.00,-5.21
54160.37,10902.82,3.08,-5.01
54161.86,10900.42,2.98,-4.81
54163.39,10898.11,3.06,-4.61
54164.87,10895.91,2.96,-4.41
54166.39,10893.80,3.04,-4.21
54167.86,10891.80,2.94,-4.01
54169.37,10889.89,3.02,-3.81
54170.83,10888.09,2.92,-3.61
54173.83,10884.68,3.00,-3.41
54176.91,10881.67,3.08,-3.01
54179.89,10879.06,2.98,-2.61
54182.00,10876.85,2.11,-2.21
54182.00,10875.04,0.00,-1.81
54182.00,10873.63,0.00,-1.41
54182.00,10872.62,0.00,-1.01
54182.00,10872.01,0.00,-0.61
54182.00,10871.80,0.00,-0.21
54182.00,10871.99,0.00,0.19
54182.00,10872.58,0.00,0.59
54182.00,10873.57,0.00,0.99
54182.00,10874.96,0.00,1.39
54182.00,10876.75,0.00,1.79
54182.00,10878.94,0.00,2.19
54182.00,10881.53,0.00,2.59
54182.00,10884.52,0.00,2.99
54182.00,10887.91,0.00,3.39
54182.08,10891.70,0.08,3.79
54182.16,10893.79,0.16,4.19
54182.28,10896.00,0.24,2.21
54182.44,10896.00,0.32,0.00
54182.64,10896.00,0.40,0.00
54182.88,10896.00,0.48,0.00
54183.16,10896.00,0.56,0.00
54183.48,10896.00,0.64,0.00
54183.84,10896.00,0.72,0.00
54184.23,10896.00,0.80,0.00
54184.68,10896.00,0.88,0.00
54185.16,10896.00,0.96,0.00
54185.68,10896.00,1.04,0.00
54186.23,10896.00,1.12,0.00
54186.84,10896.00,1.20,0.00
54187.48,10896.00,1.28,0.00
54188.16,10896.00,1.36,0.00
54188.88,10896.00,1.44,0.00
54189.64,10896.00,1.52,0.00
54190.44,10896.00,1.60,0.00
54191.28,10896.00,1.68,0.00
54192.16,10896.00,1.76,0.00
54193.08,10896.00,1.84,0.00
54194.04,10896.00,1.92,0.00
54195.04,10896.00,2.00,0.00
54196.08,10896.00,2.08,0.00
54197.16,10896.00,2.16,0.00
54198.28,10896.00,2.24,0.00
54199.44,10896.00,2.32,0.00
54200.64,10896.00,2.40,0.00
54201.88,10896.00,2.48,0.00
54203.16,10896.00,2.56,0.00
54204.48,10896.00,2.64,0.00
54205.70,10896.00,2.44,0.00
54206.82,10896.00,2.24,0.00
54207.84,10896.00,2.04,0.00
54208.76,10896.00,1.84,0.00
54209.58,10896.00,1.64,0.00
54210.30,10896.00,1.44,0.00
54210.92,10896.00,1.24,0.00
54211.44,10896.00,1.04,0.00
54211.86,10896.00,0.84,0.00
54212.18,10896.00,0.64,0.00
54212.40,10896.00,0.44,0.00
54212.52,10896.00,0.24,0.00
54212.54,10896.00,0.04,0.00
54212.54,10896.00,0.00,0.00
54212.54,10896.00,0.00,0.00
54212.54,10896.00,0.00,0.00
54212.54,10896.00,0.00,0.00
54212.54,10896.00,0.00,0.00
54212.54,10896.00,0.00,0.00
54212.54,10896.00,0.00,0.00
54212.54,10896.00,0.00,0.00
54212.54,10896.00,0.00,0.00
54212.54,10896.00,0.00,0.00
54212.54,10896.00,0.00,0.00
54212.54,10896.00,0.00,0.00
54212.54,10896.00,0.00,0.00
54212.54,10896.00,0.00,0.00
54212.54,10896.00,0.00,0.00
54212.54,10896.00,0.00,0.00
54212.54,10896.00,0.00,0.00
54212.54,10896.00,0.00,0.00
54212.54,10896.00,0.00,0.00
54212.54,10896.00,0.00,0.00
54212.54,10896.00,0.00,0.00
54212.54,10896.00,0.00,0.00
54212.54,10896.00,0.00,0.00
54212.54,10896.00,0.00,0.00
54212.54,10896.00,0.00,0.00
54212.54,10896.00,0.00,0.00
54212.54,10896.00,0.00,0.00
54212.54,10896.00,0.00,0.00
54212.54,10896.00,0.00,0.00
54212.54,10896.00,0.00,0.00
54212.54,10896.00,0.00,0.00
54212.54,10896.00,0.00,0.00
54212.54,10896.00,0.00,0.00
54212.54,10896.00,0.00,0.00
54212.54,10896.00,0.00,0.00
54212.54,10896.00,0.00,0.00
54212.54,10896.00,0.00,0.00
54212.54,10896.00,0.00,0.00
54212.54,10896.00,0.00,0.00
54212.54,10896.00,0.00,0.00
54212.54,10896.00,0.00,0.00
54212.54,10896.00,0.00,0.00
54212.54,10896.00,0.00,0.00
54212.54,10896.00,0.00,0.00
54212.54,10896.00,0.00,0.00
54212.54,10896.00,0.00,0.00
54212.54,10896.00,0.00,0.00
54212.54,10896.00,0.00,0.00
54212.54,10896.00,0.00,0.00
54212.54,10896.00,0.00,0.00
54212.54,10896.00,0.00,0.00
54212.54,10896.00,0.00,0.00
54212.54,10896.00,0.00,0.00
54212.54,10896.00,0.00,0.00
54212.54,10896.00,0.00,0.00
54212.54,10896.00,0.00,0.00
54212.54,10896.00,0.00,0.00
54212.54,10896.00,0.00,0.00
54212.54,10896.00,0.00,0.00
54212.54,10896.00,0.00,0.00
54212.54,10896.00,0.00,0.00
54212.54,10896.00,0.00,0.00
54212.54,10896.00,0.00,0.00
54212.54,10896.00,0.00,0.00
54212.54,10896.00,0.00,0.00
54212.54,10896.00,0.00,0.00
54212.54,10896.00,0.00,0.00
54212.54,10896.00,0.00,0.00
54212.54,10896.00,0.00,0.00
54212.54,10896.00,0.00,0.00
54212.54,10896.00,0.00,0.00
54212.54,10896.00,0.00,0.00
54212.54,10896.00,0.00,0.00
54212.54,10896.00,0.00,0.00
54212.54,10896.00,0.00,0.00
54212.54,10896.00,0.00,0.00
54212.54,10896.00,0.00,0.00
54212.54,10896.00,0.00,0.00
54212.54,10896.00,0.00,0.00
54212.54,10896.00,0.00,0.00
54212.54,10896.00,0.00,0.00
54212.54,10896.00,0.00,0.00
54212.54,10896.00,0.00,0.00
54212.54,10896.00,0.00,0.00
54212.54,10896.00,0.00,0.00
54212.54,10896.00,0.00,0.00
54212.54,10896.00,0.00,0.00
54212.50,10896.00,-0.08,0.00
54212.42,10896.00,-0.16,0.00
54212.30,10896.00,-0.24,0.00
54212.14,10896.00,-0.32,0.00
54211.94,10896.00,-0.40,0.00
54211.70,10896.00,-0.48,0.00
54211.42,10896.00,-0.56,0.00
54211.10,10896.00,-0.64,0.00
54210.74,10896.00,-0.72,0.00
54210.34,10896.00,-0.80,0.00
54209.90,10896.00,-0.88,0.00
54209.42,10896.00,-0.96,0.00
54208.90,10896.00,-1.04,0.00
54208.34,10896.00,-1.12,0.00
54207.74,10896.00,-1.20,0.00
54207.10,10896.00,-1.28,0.00
54206.42,10896.00,-1.36,0.00
54205.70,10896.00,-1.44,0.00
54204.94,10896.00,-1.52,0.00
54204.14,10896.00,-1.60,0.00
54203.30,10896.00,-1.68,0.00
54202.42,10896.00,-1.76,0.00
54201.50,10896.00,-1.84,0.00
54200.54,10896.00,-1.92,0.00
54199.54,10896.00,-2.00,0.00
54198.50,10896.00,-2.08,0.00
54197.42,10896.00,-2.16,0.00
54196.30,10896.00,-2.24,0.00
54195.14,10896.00,-2.32,0.00
54193.94,10896.00,-2.40,0.00
54192.70,10896.00,-2.48,0.00
54191.42,10896.00,-2.56,0.00
54190.10,10896.00,-2.64,0.00
54188.74,10896.00,-2.72,0.00
54187.34,10896.00,-2.80,0.00
54185.90,10896.00,-2.88,0.00
54184.42,10896.00,-2.96,0.00
54182.90,10896.10,-3.04,0.20
54181.43,10896.30,-2.94,0.40
54179.92,10896.60,-3.02,0.60
54178.46,10897.00,-2.92,0.80
54176.96,10897.50,-3.00,1.00
54175.42,10898.10,-3.08,1.20
54173.93,10898.80,-2.98,1.40
54172.40,10899.60,-3.06,1.60
54170.92,10900.50,-2.96,1.80
54169.40,10901.50,-3.04,2.00
54167.93,10902.60,-2.94,2.20
54166.42,10903.80,-3.02,2.40
54164.96,10905.10,-2.92,2.60
54163.46,10906.50,-3.00,2.80
54161.92,10908.00,-3.08,3.00
54160.43,10909.60,-2.98,3.20
54158.90,10911.30,-3.06,3.40
54157.42,10908.39,-2.96,-5.81
54155.90,10905.49,-3.04,-5.81
54154.43,10902.58,-2.94,-5.81
54152.92,10899.68,-3.02,-5.81
54151.46,10896.77,-2.92,-5.81
54149.96,10893.87,-3.00,-5.81
54148.42,10890.96,-3.08,-5.81
54146.93,10888.06,-2.98,-5.81
54143.88,10882.25,-3.06,-5.81
54140.91,10877.64,-2.96,-4.61
54137.88,10873.03,-3.04,-4.61
54134.93,10868.42,-2.94,-4.61
54131.91,10863.81,-3.02,-4.61
54128.99,10859.20,-2.92,-4.61
54125.99,10854.59,-3.00,-4.61
54122.91,10850.38,-3.08,-4.21
54119.93,10846.57,-2.98,-3.81
54116.88,10843.16,-3.06,-3.41
54113.91,10840.15,-2.96,-3.01
54110.88,10837.54,-3.04,-2.61
54107.93,10835.33,-2.94,-2.21
54104.91,10833.52,-3.02,-1.81
54101.99,10832.11,-2.92,-1.41
54098.99,10831.10,-3.00,-1.01
54095.91,10830.49,-3.08,-0.61
54092.93,10830.28,-2.98,-0.21
54089.88,10830.47,-3.06,0.19
54086.91,10831.06,-2.96,0.59
54083.88,10832.05,-3.04,0.99
54080.93,10833.44,-2.94,1.39
54077.91,10835.23,-3.02,1.79
54074.99,10837.42,-2.92,2.19
54071.99,10840.01,-3.00,2.59
54068.91,10843.00,-3.08,2.99
54065.93,10846.39,-2.98,3.39
54062.88,10850.18,-3.06,3.79
54059.91,10854.37,-2.96,4.19
54056.88,10858.96,-3.04,4.59
54053.93,10863.95,-2.94,4.99
54050.91,10869.34,-3.02,5.39
54047.99,10875.13,-2.92,5.79
54044.99,10881.32,-3.00,6.19
54041.91,10887.91,-3.08,6.59
54038.93,10894.90,-2.98,6.99
54037.40,10898.59,-3.06,7.39
54035.92,10901.10,-2.96,5.01
54034.40,10903.60,-3.04,5.01
54032.93,10906.11,-2.94,5.01
54031.42,10908.61,-3.02,5.01
54029.96,10911.12,-2.92,5.01
54028.46,10913.62,-3.00,5.01
54026.92,10916.13,-3.08,5.01
54025.43,10918.63,-2.98,5.01
54023.90,10921.14,-3.06,5.01
54022.42,10923.64,-2.96,5.01
54020.90,10926.15,-3.04,5.01
54019.43,10928.65,-2.94,5.01
54017.92,10931.16,-3.02,5.01
54016.46,10933.66,-2.92,5.01
54014.96,10936.17,-3.00,5.01
54013.42,10938.67,-3.08,5.01
54011.93,10941.18,-2.98,5.01
54010.40,10944.00,-3.06,2.82
54008.92,10944.00,-2.96,0.00
54007.40,10944.00,-3.04,0.00
54005.98,10944.00,-2.84,0.00
54004.66,10944.00,-2.64,0.00
54003.44,10944.00,-2.44,0.00
54002.32,10944.00,-2.24,0.00
54001.30,10944.00,-2.04,0.00
54000.38,10944.00,-1.84,0.00
53999.56,10944.00,-1.64,0.00
53998.88,10944.00,-1.36,0.00
53998.34,10944.00,-1.08,0.00
53997.94,10941.09,-0.80,-5.81
53997.59,10938.19,-0.70,-5.81
53997.29,10935.28,-0.60,-5.81
53997.04,10932.38,-0.50,-5.81
53996.84,10929.47,-0.40,-5.81
53996.69,10926.57,-0.30,-5.81
53996.59,10923.66,-0.20,-5.81
53996.54,10920.76,-0.10,-5.81
53996.54,10917.85,0.00,-5.81
53996.54,10914.95,0.00,-5.81
53996.54,10912.04,0.00,-5.81
53996.54,10909.14,0.00,-5.81
53996.54,10906.23,0.00,-5.81
53996.54,10903.33,0.00,-5.81
53996.54,10900.42,0.00,-5.81
53996.54,10897.52,0.00,-5.81
53996.54,10894.61,0.00,-5.81
53996.54,10891.71,0.00,-5.81
53996.54,10888.80,0.00,-5.81
53996.54,10885.89,0.00,-5.81
53996.54,10880.08,0.00,-5.81
53996.54,10875.47,0.00,-4.61
53996.54,10870.86,0.00,-4.61
53996.54,10866.25,0.00,-4.61
53996.54,10861.64,0.00,-4.61
53996.54,10857.43,0.00,-4.21
53996.54,10853.62,0.00,-3.81
53996.54,10850.21,0.00,-3.41
53996.54,10847.20,0.00,-3.01
53996.54,10844.59,0.00,-2.61
53996.54,10839.98,0.00,-4.61
53996.54,10835.37,0.00,-4.61
53996.54,10830.76,0.00,-4.61
53996.54,10826.15,0.00,-4.61
53996.54,10821.54,0.00,-4.61
53996.54,10816.93,0.00,-4.61
53996.54,10812.32,0.00,-4.61
53996.54,10807.71,0.00,-4.61
53996.54,10803.10,0.00,-4.61
53996.54,10798.49,0.00,-4.61
53996.54,10793.88,0.00,-4.61
53996.54,10789.27,0.00,-4.61
53996.54,10785.06,0.00,-4.21
53996.54,10781.25,0.00,-3.81
53996.54,10777.84,0.00,-3.41
53996.54,10774.83,0.00,-3.01
53996.54,10772.22,0.00,-2.61
53996.54,10770.01,0.00,-2.21
53996.54,10768.20,0.00,-1.81
53996.54,10766.79,0.00,-1.41
53996.54,10765.78,0.00,-1.01
53996.54,10765.17,0.00,-0.61
53996.54,10764.96,0.00,-0.21
53996.54,10765.15,0.00,0.19
53996.54,10765.74,0.00,0.59
53996.54,10766.73,0.00,0.99
53996.54,10768.12,0.00,1.39
53996.54,10769.91,0.00,1.79
53996.54,10772.10,0.00,2.19
53996.54,10774.69,0.00,2.59
53996.54,10777.68,0.00,2.99
53996.54,10781.07,0.00,3.39
53996.54,10784.86,0.00,3.79
53996.54,10789.05,0.00,4.19
53996.62,10793.64,0.08,4.59
53996.78,10798.63,0.16,4.99
53997.02,10804.02,0.24,5.39
53997.34,10809.81,0.32,5.79
53997.73,10816.00,0.40,6.19
53998.21,10816.00,0.48,0.00
53998.77,10816.00,0.56,0.00
53999.41,10816.00,0.64,0.00
54000.13,10816.00,0.72,0.00
54000.93,10816.00,0.80,0.00
54001.81,10816.00,0.88,0.00
54002.77,10816.00,0.96,0.00
54003.81,10816.00,1.04,0.00
54004.93,10816.00,1.12,0.00
54006.13,10816.00,1.20,0.00
54007.41,10816.00,1.28,0.00
54008.77,10816.00,1.36,0.00
54010.21,10816.00,1.44,0.00
54011.73,10816.00,1.52,0.00
54013.34,10816.00,1.60,0.00
54015.02,10816.00,1.68,0.00
54016.78,10816.00,1.76,0.00
54018.34,10816.00,1.56,0.00
54019.70,10816.00,1.36,0.00
54020.86,10816.00,1.16,0.00
54021.82,10811.39,0.96,-4.61
54022.68,10806.78,0.86,-4.61
54023.25,10802.17,0.58,-4.61
54023.55,10797.56,0.30,-4.61
54023.57,10792.95,0.02,-4.61
54023.52,10788.34,-0.06,-4.61
54023.38,10783.73,-0.14,-4.61
54023.16,10779.12,-0.22,-4.61
54022.86,10774.51,-0.30,-4.61
54022.48,10769.90,-0.38,-4.61
54022.02,10765.29,-0.46,-4.61
54021.48,10760.68,-0.54,-4.61
54020.86,10756.07,-0.62,-4.61
54020.16,10751.46,-0.70,-4.61
54019.38,10746.84,-0.78,-4.61
54018.52,10742.23,-0.86,-4.61
54017.57,10738.02,-0.94,-4.21
54016.55,10734.21,-1.02,-3.81
54015.45,10730.80,-1.10,-3.41
54014.27,10727.79,-1.18,-3.01
54013.01,10725.18,-1.26,-2.61
54011.67,10722.97,-1.34,-2.21
54010.25,10721.17,-1.42,-1.81
54008.75,10719.75,-1.50,-1.41
54007.17,10718.75,-1.58,-1.01
54005.51,10718.13,-1.66,-0.61
54003.77,10717.92,-1.74,-0.21
54001.95,10718.12,-1.82,0.19
54000.05,10718.71,-1.90,0.59
53998.07,10719.70,-1.98,0.99
53996.02,10721.08,-2.06,1.39
53993.88,10722.88,-2.14,1.79
53991.66,10725.07,-2.22,2.19
53989.36,10727.66,-2.30,2.59
53986.98,10730.65,-2.38,2.99
53984.52,10734.04,-2.46,3.39
53981.98,10737.83,-2.54,3.79
53979.36,10733.21,-2.62,-4.61
53976.66,10728.60,-2.70,-4.61
53973.88,10723.99,-2.78,-4.61
53971.02,10719.38,-2.86,-4.61
53968.07,10714.77,-2.94,-4.61
53965.05,10710.16,-3.02,-4.61
53962.13,10705.55,-2.92,-4.61
53959.13,10700.94,-3.00,-4.61
53956.05,10696.33,-3.08,-4.61
53953.07,10691.72,-2.98,-4.61
53950.02,10687.11,-3.06,-4.61
53947.05,10682.50,-2.96,-4.61
53944.02,10678.29,-3.04,-4.21
53941.07,10674.48,-2.94,-3.81
53938.05,10671.07,-3.02,-3.41
53935.13,10668.06,-2.92,-3.01
53932.13,10665.45,-3.00,-2.61
53930.00,10663.24,-2.13,-2.21
53930.00,10661.43,0.00,-1.81
53930.00,10660.02,0.00,-1.41
53930.00,10659.01,0.00,-1.01
53930.00,10658.40,0.00,-0.61
53930.00,10658.19,0.00,-0.21
53930.00,10658.38,0.00,0.19
53930.00,10658.97,0.00,0.59
53930.00,10659.96,0.00,0.99
53930.00,10661.35,0.00,1.39
53930.00,10663.14,0.00,1.79
53930.00,10665.33,0.00,2.19
53930.00,10667.92,0.00,2.59
53930.00,10670.91,0.00,2.99
53930.00,10674.30,0.00,3.39
53930.00,10678.09,0.00,3.79
53930.00,10682.28,0.00,4.19
53930.00,10686.87,0.00,4.59
53930.00,10688.00,0.00,1.13
53930.00,10688.00,0.00,0.00
53930.00,10688.00,0.00,0.00
53930.00,10688.00,0.00,0.00
53930.00,10683.39,0.00,-4.61
53930.00,10678.78,0.00,-4.61
53930.00,10674.17,0.00,-4.61
53930.00,10669.56,0.00,-4.61
53930.00,10664.95,0.00,-4.61
53930.00,10660.34,0.00,-4.61
53930.00,10655.73,0.00,-4.61
53930.00,10651.12,0.00,-4.61
53930.00,10646.51,0.00,-4.61
53930.00,10641.90,0.00,-4.61
53929.92,10637.29,-0.08,-4.61
53929.76,10632.68,-0.16,-4.61
53929.52,10628.07,-0.24,-4.61
53929.20,10623.46,-0.32,-4.61
53928.80,10618.84,-0.40,-4.61
53928.32,10614.23,-0.48,-4.61
53927.77,10610.02,-0.56,-4.21
53927.12,10606.21,-0.64,-3.81
53926.41,10602.80,-0.72,-3.41
53925.61,10599.79,-0.80,-3.01
53924.73,10597.18,-0.88,-2.61
53923.77,10594.97,-0.96,-2.21
53922.73,10593.17,-1.04,-1.81
53921.61,10591.75,-1.12,-1.41
53920.41,10590.75,-1.20,-1.01
53919.12,10590.13,-1.28,-0.61
53917.77,10589.92,-1.36,-0.21
53916.32,10590.12,-1.44,0.19
53914.80,10590.71,-1.52,0.59
53913.20,10591.70,-1.60,0.99
53911.52,10592.00,-1.68,0.30
53909.76,10592.00,-1.76,0.00
53907.92,10592.00,-1.84,0.00
53906.00,10592.00,-1.92,0.00
53904.00,10592.00,-2.00,0.00
53901.92,10592.00,-2.08,0.00
53899.76,10592.00,-2.16,0.00
53898.00,10587.39,-1.76,-4.61
53898.00,10582.78,0.00,-4.61
53898.00,10578.17,0.00,-4.61
53897.92,10573.56,-0.08,-4.61
53897.76,10568.95,-0.16,-4.61
53897.52,10564.34,-0.24,-4.61
53897.20,10559.73,-0.32,-4.61
53896.80,10555.12,-0.40,-4.61
53896.32,10550.51,-0.48,-4.61
53895.77,10545.90,-0.56,-4.61
53895.12,10541.29,-0.64,-4.61
53894.41,10538.01,-0.72,-3.28
53893.61,10535.13,-0.80,-2.88
53892.73,10532.66,-0.88,-2.48
53891.77,10530.58,-0.96,-2.08
53890.73,10528.91,-1.04,-1.68
53889.61,10527.63,-1.12,-1.28
53888.41,10526.75,-1.20,-0.88
53887.12,10526.28,-1.28,-0.48
53885.77,10526.20,-1.36,-0.08
53884.32,10526.52,-1.44,0.32
53882.80,10527.25,-1.52,0.72
53881.20,10528.37,-1.60,1.12
53879.52,10529.90,-1.68,1.52
53877.76,10531.82,-1.76,1.92
53875.92,10534.14,-1.84,2.32
53874.00,10536.87,-1.92,2.72
53872.00,10539.99,-2.00,3.12
53869.92,10543.51,-2.08,3.52
53867.76,10544.00,-2.16,0.49
53865.52,10528.00,-2.24,0.00
53863.20,10528.00,-2.32,0.00
53860.80,10528.00,-2.40,0.00
53858.32,10528.00,-2.48,0.00
53855.77,10528.00,-2.56,0.00
53853.12,10528.00,-2.64,0.00
53850.41,10528.00,-2.72,0.00
53850.00,10528.00,-0.41,0.00
53850.00,10528.00,0.00,0.00
53850.00,10528.00,0.00,0.00
53850.00,10528.00,0.00,0.00
53850.00,10528.00,0.00,0.00
53850.00,10528.00,0.00,0.00
53850.00,10528.00,0.00,0.00
53850.00,10528.00,0.00,0.00
53850.00,10528.00,0.00,0.00
53850.00,10528.00,0.00,0.00
53850.00,10528.00,0.00,0.00
53850.00,10528.00,0.00,0.00
53850.00,10528.00,0.00,0.00
53850.00,10528.00,0.00,0.00
53850.00,10528.00,0.00,0.00
53850.00,10528.00,0.00,0.00
53850.00,10528.00,0.00,0.00
53850.00,10528.00,0.00,0.00
53850.00,10528.00,0.00,0.00
53850.00,10523.39,0.00,-4.61
53850.00,10518.78,0.00,-4.61
53850.00,10514.17,0.00,-4.61
53850.00,10509.56,0.00,-4.61
53850.00,10504.95,0.00,-4.61
53850.00,10500.34,0.00,-4.61
53849.92,10495.73,-0.08,-4.61
53849.76,10491.12,-0.16,-4.61
53849.52,10486.51,-0.24,-4.61
53849.20,10481.90,-0.32,-4.61
53848.80,10477.69,-0.40,-4.21
53848.32,10473.88,-0.48,-3.81
53847.77,10470.47,-0.56,-3.41
53847.12,10467.46,-0.64,-3.01
53846.41,10464.85,-0.72,-2.61
53845.61,10462.64,-0.80,-2.21
53844.73,10460.83,-0.88,-1.81
53843.77,10459.42,-0.96,-1.41
53842.73,10458.41,-1.04,-1.01
53841.61,10457.80,-1.12,-0.61
53840.41,10457.59,-1.20,-0.21
53839.12,10457.78,-1.28,0.19
53837.77,10458.37,-1.36,0.59
53836.32,10459.36,-1.44,0.99
53834.80,10460.75,-1.52,1.39
53833.20,10462.54,-1.60,1.79
53831.52,10464.73,-1.68,2.19
53829.76,10467.32,-1.76,2.59
53827.92,10470.31,-1.84,2.99
53826.00,10473.70,-1.92,3.39
53824.00,10477.49,-2.00,3.79
53821.92,10481.68,-2.08,4.19
53819.76,10481.76,-2.16,0.00
53817.52,10480.00,-2.24,0.00
53815.20,10480.00,-2.32,0.00
53812.80,10480.00,-2.40,0.00
53810.32,10480.00,-2.48,0.00
53807.77,10480.00,-2.56,0.00
53805.12,10480.00,-2.64,0.00
53802.41,10480.00,-2.72,0.00
53799.89,10464.00,-2.52,0.00
53797.57,10464.00,-2.32,0.00
53795.45,10464.00,-2.12,0.00
53793.52,10464.00,-1.92,0.00
53791.80,10464.00,-1.72,0.00
53790.29,10464.00,-1.52,0.00
53788.96,10464.00,-1.32,0.00
53787.84,10464.00,-1.12,0.00
53786.92,10464.00,-0.92,0.00
53786.20,10464.00,-0.72,0.00
53785.76,10463.76,-0.44,0.00
53785.60,10463.60,-0.16,0.00
53785.52,10463.52,-0.08,0.00
53785.52,10463.52,0.00,0.00
53785.60,10463.60,0.08,0.00
53785.76,10463.76,0.16,0.00
53786.00,10464.00,0.24,0.24
53786.32,10464.00,0.32,0.00
53786.72,10464.00,0.40,0.00
53787.20,10464.00,0.48,0.00
53787.76,10464.00,0.56,0.00
53788.40,10464.00,0.64,0.00
53789.12,10464.00,0.72,0.00
53789.92,10464.00,0.80,0.00
53790.80,10464.00,0.88,0.00
53791.76,10464.00,0.96,0.00
53792.80,10464.00,1.04,0.00
53793.92,10464.00,1.12,0.00
53795.12,10464.00,1.20,0.00
53796.40,10464.00,1.28,0.00
53797.76,10464.00,1.36,0.00
53799.20,10464.00,1.44,0.00
53800.72,10464.00,1.52,0.00
53802.32,10480.00,1.60,0.00
53804.00,10480.00,1.68,0.00
53805.76,10480.00,1.76,0.00
53807.60,10480.00,1.84,0.00
53809.52,10480.00,1.92,0.00
53811.52,10480.00,2.00,0.00
53813.60,10480.00,2.08,0.00
53815.76,10480.00,2.16,0.00
53818.00,10480.00,2.24,0.00
53820.32,10482.32,2.32,0.00
53822.72,10484.72,2.40,0.00
53825.20,10487.20,2.48,0.00
53827.76,10489.76,2.56,0.00
53830.40,10492.40,2.64,0.00
53833.12,10492.80,2.72,0.40
53835.92,10493.60,2.80,0.80
53838.80,10494.80,2.88,1.20
53841.76,10496.00,2.96,1.20
53844.80,10496.00,3.04,0.00
53847.64,10496.00,2.84,0.00
53850.28,10496.40,2.64,0.40
53852.82,10497.20,2.54,0.80
53855.26,10498.40,2.44,1.20
53857.60,10500.00,2.34,1.60
53859.84,10502.00,2.24,2.00
53861.98,10504.40,2.14,2.40
53864.02,10507.20,2.04,2.80
53865.96,10510.40,1.94,3.20
53867.80,10514.00,1.84,3.60
53869.54,10518.00,1.74,4.00
53871.18,10522.40,1.64,4.40
53872.71,10527.20,1.54,4.80
53874.16,10532.40,1.44,5.20
53875.50,10538.00,1.34,5.60
53876.73,10544.00,1.24,6.00
53877.88,10544.00,1.14,0.00
53878.82,10544.00,0.94,0.00
53879.55,10544.00,0.74,0.00
53880.09,10544.00,0.54,0.00
53880.43,10544.00,0.34,0.00
53880.57,10544.00,0.14,0.00
53880.57,10544.00,0.00,0.00
53880.57,10544.00,0.00,0.00
53880.57,10544.00,0.00,0.00
53880.57,10544.00,0.00,0.00
53880.57,10544.00,0.00,0.00
53880.57,10544.00,0.00,0.00
53880.57,10544.00,0.00,0.00
53880.57,10544.00,0.00,0.00
53880.57,10544.00,0.00,0.00
53880.57,10544.00,0.00,0.00
53880.57,10544.00,0.00,0.00
53880.57,10544.00,0.00,0.00
53880.57,10544.00,0.00,0.00
53880.57,10544.00,0.00,0.00
53880.57,10544.00,0.00,0.00
53880.57,10544.00,0.00,0.00
53880.57,10544.00,0.00,0.00
53880.57,10544.00,0.00,0.00
53880.57,10544.00,0.00,0.00
53880.57,10544.00,0.00,0.00
53880.57,10544.00,0.00,0.00
53880.57,10544.00,0.00,0.00
53880.57,10544.00,0.00,0.00
53880.57,10544.00,0.00,0.00
53880.57,10544.00,0.00,0.00
53880.57,10544.00,0.00,0.00
53880.57,10544.00,0.00,0.00
53880.57,10544.00,0.00,0.00
53880.57,10544.00,0.00,0.00
53880.57,10544.00,0.00,0.00
53880.57,10544.00,0.00,0.00
53880.57,10544.00,0.00,0.00
53880.57,10544.00,0.00,0.00
53880.57,10544.00,0.00,0.00
53880.57,10544.00,0.00,0.00
53880.57,10544.00,0.00,0.00
53880.57,10544.00,0.00,0.00
53880.57,10544.00,0.00,0.00
53880.57,10544.00,0.00,0.00
53880.57,10544.00,0.00,0.00
53880.57,10544.00,0.00,0.00
53880.57,10544.00,0.00,0.00
53880.57,10544.00,0.00,0.00
53880.57,10544.00,0.00,0.00
53880.57,10544.00,0.00,0.00
53880.57,10544.00,0.00,0.00
53880.57,10544.00,0.00,0.00
53880.57,10544.00,0.00,0.00
53880.57,10544.00,0.00,0.00
53880.57,10544.00,0.00,0.00
53880.57,10544.00,0.00,0.00
53880.57,10544.00,0.00,0.00
53880.57,10544.00,0.00,0.00
53880.57,10544.00,0.00,0.00
53880.57,10544.00,0.00,0.00
53880.57,10544.00,0.00,0.00
53880.57,10544.00,0.00,0.00
53880.57,10544.00,0.00,0.00
53880.57,10544.00,0.00,0.00
53880.57,10544.00,0.00,0.00
53880.57,10544.00,0.00,0.00
53880.57,10544.00,0.00,0.00
53880.57,10544.00,0.00,0.00
53880.57,10544.00,0.00,0.00
53880.57,10544.00,0.00,0.00
53880.57,10544.00,0.00,0.00
53880.57,10544.00,0.00,0.00
53880.57,10544.00,0.00,0.00
53880.57,10544.00,0.00,0.00
53880.57,10544.00,0.00,0.00
53880.57,10544.00,0.00,0.00
53880.57,10544.00,0.00,0.00
53880.57,10544.00,0.00,0.00
53880.57,10544.00,0.00,0.00
53880.57,10544.00,0.00,0.00
53880.57,10544.00,0.00,0.00
53880.57,10544.00,0.00,0.00
53880.57,10544.00,0.00,0.00
53880.57,10544.00,0.00,0.00
53880.57,10544.00,0.00,0.00
53880.57,10544.00,0.00,0.00
53880.57,10544.00,0.00,0.00
53880.57,10544.00,0.00,0.00
53880.57,10544.00,0.00,0.00
53880.57,10544.00,0.00,0.00
53880.57,10544.00,0.00,0.00
53880.57,10544.00,0.00,0.00
53880.65,10544.00,0.08,0.00
53880.81,10544.00,0.16,0.00
53881.05,10544.00,0.24,0.00
53881.37,10544.00,0.32,0.00
53881.77,10544.00,0.40,0.00
53882.25,10544.40,0.48,0.40
53882.63,10545.20,0.38,0.80
53882.91,10546.40,0.28,1.20
53883.09,10548.00,0.18,1.60
53883.17,10550.00,0.08,2.00
53883.17,10552.40,0.00,2.40
53883.17,10555.20,0.00,2.80
53883.17,10558.40,0.00,3.20
53883.17,10562.00,0.00,3.60
53883.17,10566.00,0.00,4.00
53883.17,10570.40,0.00,4.40
53883.17,10575.20,0.00,4.80
53883.17,10576.00,0.00,0.80
53883.17,10576.00,0.00,0.00
53883.17,10576.00,0.00,0.00
53883.17,10576.00,0.00,0.00
53883.17,10576.00,0.00,0.00
53883.17,10576.00,0.00,0.00
53883.17,10576.00,0.00,0.00
53883.17,10576.00,0.00,0.00
53883.17,10576.00,0.00,0.00
53883.17,10576.00,0.00,0.00
53883.17,10576.00,0.00,0.00
53883.17,10576.00,0.00,0.00
53883.17,10576.00,0.00,0.00
53883.17,10576.00,0.00,0.00
53883.17,10576.00,0.00,0.00
53883.17,10576.00,0.00,0.00
53883.17,10576.00,0.00,0.00
53883.17,10576.00,0.00,0.00
53883.17,10576.00,0.00,0.00
53883.17,10576.00,0.00,0.00
53883.17,10576.00,0.00,0.00
53883.17,10576.00,0.00,0.00
53883.17,10576.00,0.00,0.00
53883.17,10576.00,0.00,0.00
53883.17,10576.00,0.00,0.00
53883.17,10576.00,0.00,0.00
53883.17,10576.00,0.00,0.00
53883.17,10576.00,0.00,0.00
53883.17,10576.00,0.00,0.00
53883.17,10576.00,0.00,0.00
53883.17,10576.00,0.00,0.00
53883.17,10576.00,0.00,0.00
53883.17,10576.00,0.00,0.00
53883.17,10576.00,0.00,0.00
53883.17,10576.00,0.00,0.00
53883.17,10576.00,0.00,0.00
53883.17,10576.00,0.00,0.00
53883.17,10576.00,0.00,0.00
53883.17,10576.00,0.00,0.00
53883.17,10576.00,0.00,0.00
53883.17,10576.00,0.00,0.00
53883.17,10576.00,0.00,0.00
53883.17,10576.00,0.00,0.00
53883.17,10576.00,0.00,0.00
53883.17,10576.00,0.00,0.00
53883.17,10576.00,0.00,0.00
53883.17,10576.00,0.00,0.00
53883.17,10576.00,0.00,0.00
53883.17,10576.00,0.00,0.00
53883.17,10576.00,0.00,0.00
53883.17,10576.00,0.00,0.00
53883.17,10576.00,0.00,0.00
53883.17,10576.00,0.00,0.00
53883.17,10576.00,0.00,0.00
53883.17,10576.00,0.00,0.00
53883.17,10576.00,0.00,0.00
53883.17,10576.00,0.00,0.00
53883.17,10576.00,0.00,0.00
53883.17,10576.00,0.00,0.00
53883.17,10576.00,0.00,0.00
53883.17,10576.00,0.00,0.00
53883.17,10576.00,0.00,0.00
53883.17,10576.00,0.00,0.00
53883.17,10576.00,0.00,0.00
53883.17,10576.00,0.00,0.00
53883.17,10576.00,0.00,0.00
53883.17,10576.00,0.00,0.00
53883.17,10576.00,0.00,0.00
53883.17,10576.00,0.00,0.00
53883.17,10576.00,0.00,0.00
53883.17,10576.00,0.00,0.00
53883.17,10576.00,0.00,0.00
53883.17,10576.00,0.00,0.00
53883.17,10576.00,0.00,0.00
53883.17,10576.00,0.00,0.00
53883.17,10576.00,0.00,0.00
53883.17,10576.00,0.00,0.00
53883.17,10576.00,0.00,0.00
53883.17,10576.00,0.00,0.00
53883.17,10576.00,0.00,0.00
53883.17,10576.00,0.00,0.00
53883.17,10576.00,0.00,0.00
53883.17,10576.00,0.00,0.00
53883.17,10576.00,0.00,0.00
53883.17,10576.00,0.00,0.00
53883.17,10576.00,0.00,0.00
53883.17,10576.00,0.00,0.00
53883.17,10576.00,0.00,0.00
53883.17,10576.00,0.00,0.00
53883.17,10576.00,0.00,0.00
53883.17,10576.00,0.00,0.00
53883.17,10576.00,0.00,0.00
53883.17,10576.00,0.00,0.00
53883.17,10576.00,0.00,0.00
53883.17,10576.00,0.00,0.00
53883.17,10576.00,0.00,0.00
53883.17,10576.00,0.00,0.00
53883.17,10576.00,0.00,0.00
53883.17,10576.00,0.00,0.00
53883.17,10576.00,0.00,0.00
53883.17,10576.00,0.00,0.00
53883.17,10576.00,0.00,0.00
53883.17,10576.00,0.00,0.00
53883.17,10576.00,0.00,0.00
53883.17,10576.00,0.00,0.00
53883.17,10576.00,0.00,0.00
53883.17,10576.00,0.00,0.00
53883.17,10576.00,0.00,0.00
53883.17,10576.00,0.00,0.00
53883.17,10576.00,0.00,0.00
53883.17,10576.00,0.00,0.00
53883.17,10576.00,0.00,0.00
53883.17,10576.00,0.00,0.00
53883.17,10576.00,0.00,0.00
53883.17,10576.00,0.00,0.00
53883.17,10576.00,0.00,0.00
53883.17,10576.00,0.00,0.00
53883.17,10576.00,0.00,0.00
53883.17,10576.00,0.00,0.00
53883.17,10576.00,0.00,0.00
53883.17,10576.00,0.00,0.00
53883.17,10576.00,0.00,0.00
53883.17,10576.00,0.00,0.00
53883.17,10576.00,0.00,0.00
53883.17,10576.00,0.00,0.00
53883.17,10576.00,0.00,0.00
53883.17,10576.00,0.00,0.00
53883.17,10576.00,0.00,0.00
53883.17,10576.00,0.00,0.00
53883.17,10576.00,0.00,0.00
53883.17,10576.00,0.00,0.00
53883.17,10576.00,0.00,0.00
53883.17,10576.00,0.00,0.00
53883.17,10576.00,0.00,0.00
53883.17,10576.00,0.00,0.00
53883.17,10576.00,0.00,0.00
53883.17,10576.00,0.00,0.00
53883.17,10576.00,0.00,0.00
53883.17,10576.00,0.00,0.00
53883.17,10576.00,0.00,0.00
53883.17,10576.00,0.00,0.00
53883.17,10576.00,0.00,0.00
53883.17,10576.00,0.00,0.00
53883.17,10576.00,0.00,0.00
53883.17,10576.00,0.00,0.00
53883.17,10576.00,0.00,0.00
53883.17,10576.00,0.00,0.00
53883.17,10576.00,0.00,0.00
53883.17,10576.00,0.00,0.00
53883.17,10576.00,0.00,0.00
53883.17,10576.00,0.00,0.00
53883.17,10576.00,0.00,0.00
53883.17,10576.00,0.00,0.00
53883.17,10576.00,0.00,0.00
53883.17,10576.00,0.00,0.00
53883.17,10576.00,0.00,0.00
53883.17,10576.00,0.00,0.00
53883.17,10576.00,0.00,0.00
53883.17,10576.00,0.00,0.00
53883.17,10576.00,0.00,0.00
53883.17,10576.00,0.00,0.00
53883.17,10576.00,0.00,0.00
53883.17,10576.00,0.00,0.00
53883.17,10576.00,0.00,0.00
53883.17,10576.00,0.00,0.00
53883.17,10576.00,0.00,0.00
53883.17,10576.00,0.00,0.00
53883.17,10576.00,0.00,0.00
53883.17,10576.00,0.00,0.00
53883.17,10576.00,0.00,0.00
53883.17,10576.00,0.00,0.00
53883.17,10576.00,0.00,0.00
53883.17,10576.00,0.00,0.00
53883.17,10576.00,0.00,0.00
53883.17,10576.00,0.00,0.00
53883.17,10576.00,0.00,0.00
53883.17,10576.00,0.00,0.00
53883.17,10576.00,0.00,0.00
53883.17,10576.00,0.00,0.00
53883.17,10576.00,0.00,0.00
53883.17,10576.00,0.00,0.00
53883.17,10576.00,0.00,0.00
53883.17,10576.00,0.00,0.00
53883.17,10576.00,0.00,0.00
53883.17,10576.00,0.00,0.00
53883.17,10576.00,0.00,0.00
53883.17,10576.00,0.00,0.00
53883.17,10576.00,0.00,0.00
53883.17,10576.00,0.00,0.00
53883.17,10576.00,0.00,0.00
53883.17,10576.00,0.00,0.00
53883.17,10576.00,0.00,0.00
53883.17,10576.00,0.00,0.00
53883.17,10576.00,0.00,0.00
53883.17,10576.00,0.00,0.00
53883.17,10576.00,0.00,0.00
53883.17,10576.00,0.00,0.00
53883.17,10576.00,0.00,0.00
53883.17,10576.00,0.00,0.00
53883.17,10576.00,0.00,0.00
53883.17,10576.00,0.00,0.00
53883.17,10576.00,0.00,0.00
53883.17,10576.00,0.00,0.00
53883.17,10576.00,0.00,0.00
53883.17,10576.00,0.00,0.00
53883.17,10576.00,0.00,0.00
53883.17,10576.00,0.00,0.00
53883.17,10576.00,0.00,0.00
53883.17,10576.00,0.00,0.00
53883.17,10576.00,0.00,0.00
53883.17,10576.00,0.00,0.00
53883.17,10576.00,0.00,0.00
53883.17,10576.00,0.00,0.00
53883.17,10576.00,0.00,0.00
53883.17,10576.00,0.00,0.00
53883.17,10576.00,0.00,0.00
53883.17,10576.00,0.00,0.00
53883.17,10576.00,0.00,0.00
53883.17,10576.00,0.00,0.00
53883.17,10576.00,0.00,0.00
53883.17,10576.00,0.00,0.00
53883.17,10576.00,0.00,0.00
53883.17,10576.00,0.00,0.00
53883.17,10576.00,0.00,0.00
53883.17,10576.00,0.00,0.00
53883.17,10576.00,0.00,0.00
53883.17,10576.00,0.00,0.00
53883.17,10576.00,0.00,0.00
53883.17,10576.00,0.00,0.00
53883.17,10576.00,0.00,0.00
53883.17,10576.00,0.00,0.00
53883.17,10576.00,0.00,0.00
53883.17,10576.00,0.00,0.00
53883.17,10576.00,0.00,0.00
53883.17,10576.00,0.00,0.00
53883.17,10576.00,0.00,0.00
53883.17,10576.00,0.00,0.00
53883.17,10576.00,0.00,0.00
53883.17,10576.00,0.00,0.00
53883.17,10576.00,0.00,0.00
53883.17,10576.00,0.00,0.00
53883.17,10576.00,0.00,0.00
53883.17,10576.00,0.00,0.00
53883.17,10576.00,0.00,0.00
53883.17,10576.00,0.00,0.00
53883.17,10576.00,0.00,0.00
53883.17,10576.00,0.00,0.00
53883.17,10576.00,0.00,0.00
53883.17,10576.00,0.00,0.00
53883.17,10576.00,0.00,0.00
53883.17,10576.00,0.00,0.00
53883.17,10576.00,0.00,0.00
53883.17,10576.00,0.00,0.00
53883.17,10576.00,0.00,0.00
53883.17,10576.00,0.00,0.00
53883.17,10576.00,0.00,0.00
53883.17,10576.00,0.00,0.00
53883.17,10576.00,0.00,0.00
53883.17,10576.00,0.00,0.00
53883.17,10576.00,0.00,0.00
53883.17,10576.00,0.00,0.00
53883.17,10576.00,0.00,0.00
53883.17,10576.00,0.00,0.00
53883.17,10576.00,0.00,0.00
53883.17,10576.00,0.00,0.00
53883.17,10576.00,0.00,0.00
53883.17,10576.00,0.00,0.00
53883.17,10576.00,0.00,0.00
53883.17,10576.00,0.00,0.00
53883.17,10576.00,0.00,0.00
53883.17,10576.00,0.00,0.00
53883.17,10576.00,0.00,0.00
53883.17,10576.00,0.00,0.00
53883.17,10576.00,0.00,0.00
53883.17,10576.00,0.00,0.00
53883.17,10576.00,0.00,0.00
53883.17,10576.00,0.00,0.00
53883.17,10576.00,0.00,0.00
53883.17,10576.00,0.00,0.00
53883.17,10576.00,0.00,0.00
53883.17,10576.00,0.00,0.00
53883.17,10576.00,0.00,0.00
53883.17,10576.00,0.00,0.00
53883.17,10576.00,0.00,0.00
53883.17,10576.00,0.00,0.00
53883.17,10576.00,0.00,0.00
53883.17,10576.00,0.00,0.00
53883.17,10576.00,0.00,0.00
53883.17,10576.00,0.00,0.00
53883.17,10576.00,0.00,0.00
53883.17,10576.00,0.00,0.00
53883.17,10576.00,0.00,0.00
53883.17,10576.00,0.00,0.00
53883.17,10576.00,0.00,0.00
53883.17,10576.00,0.00,0.00
53883.17,10576.00,0.00,0.00
53883.17,10576.00,0.00,0.00
53883.17,10576.00,0.00,0.00
53883.17,10576.00,0.00,0.00
53883.17,10576.00,0.00,0.00
53883.17,10576.00,0.00,0.00
53883.17,10576.00,0.00,0.00
53883.17,10576.00,0.00,0.00
53883.17,10576.00,0.00,0.00
53883.17,10576.00,0.00,0.00
53883.17,10576.00,0.00,0.00
53883.17,10576.00,0.00,0.00
53883.17,10576.00,0.00,0.00
53883.17,10576.00,0.00,0.00
53883.17,10576.00,0.00,0.00
53883.17,10576.00,0.00,0.00
53883.17,10576.00,0.00,0.00
53883.17,10576.00,0.00,0.00
53883.17,10576.00,0.00,0.00
53883.17,10576.00,0.00,0.00
53883.17,10576.00,0.00,0.00
53883.17,10576.00,0.00,0.00
53883.17,10576.00,0.00,0.00
53883.17,10576.00,0.00,0.00
53883.17,10576.00,0.00,0.00
53883.17,10576.00,0.00,0.00
53883.17,10576.00,0.00,0.00
53883.17,10576.00,0.00,0.00
53883.17,10576.00,0.00,0.00
53883.17,10576.00,0.00,0.00
53883.17,10576.00,0.00,0.00
53883.17,10576.00,0.00,0.00
53883.17,10576.00,0.00,0.00
53883.17,10576.00,0.00,0.00
53883.17,10576.00,0.00,0.00
53883.17,10576.00,0.00,0.00
53883.17,10576.00,0.00,0.00
53883.17,10576.00,0.00,0.00
53883.17,10576.00,0.00,0.00
53883.17,10576.00,0.00,0.00
53883.17,10576.00,0.00,0.00
53883.17,10576.00,0.00,0.00
53883.17,10576.00,0.00,0.00
53883.17,10576.00,0.00,0.00
53883.17,10576.00,0.00,0.00
53883.17,10576.00,0.00,0.00
53883.17,10576.00,0.00,0.00
53883.17,10576.00,0.00,0.00
53883.17,10576.00,0.00,0.00
53883.17,10576.00,0.00,0.00
53883.17,10576.00,0.00,0.00
53883.17,10576.00,0.00,0.00
53883.17,10576.00,0.00,0.00
53883.17,10576.00,0.00,0.00
53883.17,10576.00,0.00,0.00
53883.17,10576.00,0.00,0.00
53883.17,10576.00,0.00,0.00
53883.17,10576.00,0.00,0.00
53883.17,10576.00,0.00,0.00
53883.17,10576.00,0.00,0.00
53883.17,10576.00,0.00,0.00
53883.17,10576.00,0.00,0.00
53883.17,10576.00,0.00,0.00
53883.17,10576.00,0.00,0.00
53883.17,10576.00,0.00,0.00
53883.17,10576.00,0.00,0.00
53883.17,10576.00,0.00,0.00
53883.17,10576.00,0.00,0.00
53883.17,10576.00,0.00,0.00
53883.17,10576.00,0.00,0.00
53883.17,10576.00,0.00,0.00
53883.17,10576.00,0.00,0.00
53883.17,10576.00,0.00,0.00
53883.17,10576.00,0.00,0.00
53883.17,10576.00,0.00,0.00
53883.17,10576.00,0.00,0.00
53883.17,10576.00,0.00,0.00
53883.17,10576.00,0.00,0.00
53883.17,10576.00,0.00,0.00
53883.17,10576.00,0.00,0.00
53883.17,10576.00,0.00,0.00
53883.17,10576.00,0.00,0.00
53883.17,10576.00,0.00,0.00
53883.17,10576.00,0.00,0.00
53883.17,10576.00,0.00,0.00
53883.17,10576.00,0.00,0.00
53883.17,10576.00,0.00,0.00
53883.17,10576.00,0.00,0.00
53883.17,10576.00,0.00,0.00
53883.17,10576.00,0.00,0.00
53883.17,10576.00,0.00,0.00
53883.17,10576.00,0.00,0.00
53883.17,10576.00,0.00,0.00
53883.17,10576.00,0.00,0.00
53883.17,10576.00,0.00,0.00
53883.17,10576.00,0.00,0.00
53883.17,10576.00,0.00,0.00
53883.17,10576.00,0.00,0.00
53883.17,10576.00,0.00,0.00
53883.17,10576.00,0.00,0.00
53883.17,10576.00,0.00,0.00
53883.17,10576.00,0.00,0.00
53883.17,10576.00,0.00,0.00
53883.17,10576.00,0.00,0.00
53883.17,10576.00,0.00,0.00
53883.17,10576.00,0.00,0.00
53883.17,10576.00,0.00,0.00
53883.17,10576.00,0.00,0.00
53883.17,10576.00,0.00,0.00
53883.17,10576.00,0.00,0.00
53883.17,10576.00,0.00,0.00
53883.17,10576.00,0.00,0.00
53883.17,10576.00,0.00,0.00
53883.17,10576.00,0.00,0.00
53883.17,10576.00,0.00,0.00
53883.17,10576.00,0.00,0.00
53883.17,10576.00,0.00,0.00
53883.17,10576.00,0.00,0.00
53883.17,10576.00,0.00,0.00
53883.17,10576.00,0.00,0.00
53883.17,10576.00,0.00,0.00
53883.17,10576.00,0.00,0.00
53883.17,10576.00,0.00,0.00
53883.17,10576.00,0.00,0.00
53883.17,10576.00,0.00,0.00
53883.17,10576.00,0.00,0.00
53883.17,10576.00,0.00,0.00
53883.17,10576.00,0.00,0.00
53883.17,10576.00,0.00,0.00
53883.17,10576.00,0.00,0.00
53883.17,10576.00,0.00,0.00
53883.17,10576.00,0.00,0.00
53883.17,10576.00,0.00,0.00
53883.17,10576.00,0.00,0.00
53883.17,10576.00,0.00,0.00
53883.17,10576.00,0.00,0.00
53883.17,10576.00,0.00,0.00
53883.17,10576.00,0.00,0.00
53883.17,10576.00,0.00,0.00
53883.17,10576.00,0.00,0.00
53883.17,10576.00,0.00,0.00
53883.17,10576.00,0.00,0.00
53883.17,10576.00,0.00,0.00
53883.17,10576.00,0.00,0.00
53883.17,10576.00,0.00,0.00
53883.17,10576.00,0.00,0.00
53883.17,10576.00,0.00,0.00
53883.17,10576.00,0.00,0.00
53883.17,10576.00,0.00,0.00
53883.17,10576.00,0.00,0.00
53883.17,10576.00,0.00,0.00
53883.17,10576.00,0.00,0.00
53883.17,10576.00,0.00,0.00
53883.17,10576.00,0.00,0.00
53883.17,10576.00,0.00,0.00
53883.17,10576.00,0.00,0.00
53883.17,10576.00,0.00,0.00
53883.17,10576.00,0.00,0.00
53883.17,10576.00,0.00,0.00
53883.17,10576.00,0.00,0.00
53883.17,10576.00,0.00,0.00
53883.17,10576.00,0.00,0.00
53883.17,10576.00,0.00,0.00
53883.17,10576.00,0.00,0.00
53883.17,10576.00,0.00,0.00
53883.17,10576.00,0.00,0.00
53883.17,10576.00,0.00,0.00
53883.17,10576.00,0.00,0.00
53883.17,10576.00,0.00,0.00
53883.17,10576.00,0.00,0.00
53883.17,10576.00,0.00,0.00
53883.17,10576.00,0.00,0.00
53883.17,10576.00,0.00,0.00
53883.17,10576.00,0.00,0.00
53883.17,10576.00,0.00,0.00
53883.17,10576.00,0.00,0.00
53883.17,10576.00,0.00,0.00
53883.17,10576.00,0.00,0.00
53883.17,10576.00,0.00,0.00
53883.17,10576.00,0.00,0.00
53883.17,10576.00,0.00,0.00
53883.17,10576.00,0.00,0.00
53883.17,10576.00,0.00,0.00
53883.17,10576.00,0.00,0.00
53883.17,10576.00,0.00,0.00
53883.17,10576.00,0.00,0.00
53883.17,10576.00,0.00,0.00
53883.17,10576.00,0.00,0.00
53883.17,10576.00,0.00,0.00
53883.17,10576.00,0.00,0.00
53883.17,10576.00,0.00,0.00
53883.17,10576.00,0.00,0.00
53883.17,10576.00,0.00,0.00
53883.17,10576.00,0.00,0.00
53883.17,10576.00,0.00,0.00
53883.17,10576.00,0.00,0.00
53883.17,10576.00,0.00,0.00
53883.17,10576.00,0.00,0.00
53883.17,10576.00,0.00,0.00
53883.17,10576.00,0.00,0.00
53883.17,10576.00,0.00,0.00
53883.17,10576.00,0.00,0.00
53883.17,10576.00,0.00,0.00
53883.17,10576.00,0.00,0.00
53883.17,10576.00,0.00,0.00
53883.17,10576.00,0.00,0.00
53883.17,10576.00,0.00,0.00
53883.17,10576.00,0.00,0.00
53883.17,10576.00,0.00,0.00
53883.17,10576.00,0.00,0.00
53883.17,10576.00,0.00,0.00
53883.17,10576.00,0.00,0.00
53883.17,10576.00,0.00,0.00
53883.17,10576.00,0.00,0.00
53883.17,10576.00,0.00,0.00
53883.17,10576.00,0.00,0.00
53883.17,10576.00,0.00,0.00
53883.17,10576.00,0.00,0.00
53883.17,10576.00,0.00,0.00
53883.17,10576.00,0.00,0.00
53883.17,10576.00,0.00,0.00
53883.17,10576.00,0.00,0.00
53883.17,10576.00,0.00,0.00
53883.17,10576.00,0.00,0.00
53883.17,10576.00,0.00,0.00
53883.17,10576.00,0.00,0.00
53883.17,10576.00,0.00,0.00
53883.17,10576.00,0.00,0.00
53883.17,10576.00,0.00,0.00
53883.17,10576.00,0.00,0.00
53883.17,10576.00,0.00,0.00
53883.17,10576.00,0.00,0.00
53883.17,10576.00,0.00,0.00
53883.17,10576.00,0.00,0.00
53883.17,10576.00,0.00,0.00
53883.17,10576.00,0.00,0.00
53883.17,10576.00,0.00,0.00
53883.17,10576.00,0.00,0.00
53883.17,10576.00,0.00,0.00
53883.17,10576.00,0.00,0.00
53883.17,10576.00,0.00,0.00
53883.17,10576.00,0.00,0.00
53883.17,10576.00,0.00,0.00
53883.17,10576.00,0.00,0.00
53883.17,10576.00,0.00,0.00
53883.17,10576.00,0.00,0.00
53883.17,10576.00,0.00,0.00
53883.17,10576.00,0.00,0.00
53883.17,10576.00,0.00,0.00
53883.17,10576.00,0.00,0.00
53883.17,10576.00,0.00,0.00
53883.17,10576.00,0.00,0.00
53883.17,10576.00,0.00,0.00
53883.17,10576.00,0.00,0.00
53883.17,10576.00,0.00,0.00
53883.17,10576.00,0.00,0.00
53883.17,10576.00,0.00,0.00
53883.17,10576.00,0.00,0.00
53883.17,10576.00,0.00,0.00
53883.17,10576.00,0.00,0.00
53883.17,10576.00,0.00,0.00
53883.17,10576.00,0.00,0.00
53883.17,10576.00,0.00,0.00
53883.17,10576.00,0.00,0.00
53883.17,10576.00,0.00,0.00
53883.17,10576.00,0.00,0.00
53883.17,10576.00,0.00,0.00
53883.17,10576.00,0.00,0.00
53883.17,10576.00,0.00,0.00
53883.17,10576.00,0.00,0.00
53883.17,10576.00,0.00,0.00
53883.17,10576.00,0.00,0.00
53883.17,10576.00,0.00,0.00
53883.17,10576.00,0.00,0.00
53883.17,10576.00,0.00,0.00
53883.17,10576.00,0.00,0.00
53883.17,10576.00,0.00,0.00
53883.17,10576.00,0.00,0.00
53883.17,10576.00,0.00,0.00
53883.17,10576.00,0.00,0.00
53883.17,10576.00,0.00,0.00
53883.17,10576.00,0.00,0.00
53883.17,10576.00,0.00,0.00
53883.17,10576.00,0.00,0.00
53883.17,10576.00,0.00,0.00
53883.17,10576.00,0.00,0.00
53883.17,10576.00,0.00,0.00
53883.17,10576.00,0.00,0.00
53883.17,10576.00,0.00,0.00
53883.17,10576.00,0.00,0.00
53883.17,10576.00,0.00,0.00
53883.17,10576.00,0.00,0.00
53883.17,10576.00,0.00,0.00
53883.17,10576.00,0.00,0.00
53883.17,10576.00,0.00,0.00
53883.17,10576.00,0.00,0.00
53883.17,10576.00,0.00,0.00
53883.17,10576.00,0.00,0.00
53883.17,10576.00,0.00,0.00
53883.17,10576.00,0.00,0.00
53883.17,10576.00,0.00,0.00
53883.17,10576.00,0.00,0.00
53883.17,10576.00,0.00,0.00
53883.17,10576.00,0.00,0.00
53883.17,10576.00,0.00,0.00
53883.17,10576.00,0.00,0.00
53883.17,10576.00,0.00,0.00
53883.17,10576.00,0.00,0.00
53883.17,10576.00,0.00,0.00
53883.17,10576.00,0.00,0.00
53883.17,10576.00,0.00,0.00
53883.17,10576.00,0.00,0.00
53883.17,10576.00,0.00,0.00
53883.17,10576.00,0.00,0.00
53883.17,10576.00,0.00,0.00
53883.17,10576.00,0.00,0.00
53883.17,10576.00,0.00,0.00
53883.17,10576.00,0.00,0.00
53883.17,10576.00,0.00,0.00
53883.17,10576.00,0.00,0.00
53883.17,10576.00,0.00,0.00
53883.17,10576.00,0.00,0.00
53883.17,10576.00,0.00,0.00
53883.17,10576.00,0.00,0.00
53883.17,10576.00,0.00,0.00
53883.17,10576.00,0.00,0.00
53883.17,10576.00,0.00,0.00
53883.17,10576.00,0.00,0.00
53883.17,10576.00,0.00,0.00
53883.17,10576.00,0.00,0.00
53883.17,10576.00,0.00,0.00
53883.17,10576.00,0.00,0.00
53883.17,10576.00,0.00,0.00
53883.17,10576.00,0.00,0.00
53883.17,10576.00,0.00,0.00
53883.17,10576.00,0.00,0.00
53883.17,10576.00,0.00,0.00
53883.17,10576.00,0.00,0.00
53883.17,10576.00,0.00,0.00
53883.17,10576.00,0.00,0.00
53883.17,10576.00,0.00,0.00
53883.17,10576.00,0.00,0.00
53883.17,10576.00,0.00,0.00
53883.17,10576.00,0.00,0.00
53883.17,10576.00,0.00,0.00
53883.17,10576.00,0.00,0.00
53883.17,10576.00,0.00,0.00
53883.17,10576.00,0.00,0.00
53883.17,10576.00,0.00,0.00
53883.17,10576.00,0.00,0.00
53883.17,10576.00,0.00,0.00
53883.17,10576.00,0.00,0.00
53883.17,10576.00,0.00,0.00
53883.17,10576.00,0.00,0.00
53883.17,10576.00,0.00,0.00
53883.17,10576.00,0.00,0.00
53883.17,10576.00,0.00,0.00
53883.17,10576.00,0.00,0.00
53883.17,10576.00,0.00,0.00
53883.17,10576.00,0.00,0.00
53883.17,10576.00,0.00,0.00
53883.17,10576.00,0.00,0.00
53883.17,10576.00,0.00,0.00
53883.17,10576.00,0.00,0.00
53883.17,10576.00,0.00,0.00
53883.17,10576.00,0.00,0.00
53883.17,10576.00,0.00,0.00
53883.17,10576.00,0.00,0.00
53883.17,10576.00,0.00,0.00
53883.17,10576.00,0.00,0.00
53883.17,10576.00,0.00,0.00
53883.17,10576.00,0.00,0.00
53883.17,10576.00,0.00,0.00
53883.17,10576.00,0.00,0.00
53883.17,10576.00,0.00,0.00
53883.17,10576.00,0.00,0.00
53883.17,10576.00,0.00,0.00
53883.17,10576.00,0.00,0.00
53883.17,10576.00,0.00,0.00
53883.17,10576.00,0.00,0.00
53883.17,10576.00,0.00,0.00
53883.17,10576.00,0.00,0.00
53883.17,10576.00,0.00,0.00
53883.17,10576.00,0.00,0.00
53883.17,10576.00,0.00,0.00
53883.17,10576.00,0.00,0.00
53883.17,10576.00,0.00,0.00
53883.17,10576.00,0.00,0.00
53883.17,10576.00,0.00,0.00
53883.17,10576.00,0.00,0.00
53883.17,10576.00,0.00,0.00
53883.17,10576.00,0.00,0.00
53883.17,10576.00,0.00,0.00
53883.17,10576.00,0.00,0.00
53883.17,10576.00,0.00,0.00
53883.17,10576.00,0.00,0.00
53883.17,10576.00,0.00,0.00
53883.17,10576.00,0.00,0.00
53883.17,10576.00,0.00,0.00
53883.17,10576.00,0.00,0.00
53883.17,10576.00,0.00,0.00
53883.17,10576.00,0.00,0.00
53883.17,10576.00,0.00,0.00
53883.17,10576.00,0.00,0.00
53883.17,10576.00,0.00,0.00
53883.17,10576.00,0.00,0.00
53883.17,10576.00,0.00,0.00
53883.17,10576.00,0.00,0.00
53883.17,10576.00,0.00,0.00
53883.17,10576.00,0.00,0.00
53883.17,10576.00,0.00,0.00
53883.17,10576.00,0.00,0.00
53883.17,10576.00,0.00,0.00
53883.17,10576.00,0.00,0.00
53883.17,10576.00,0.00,0.00
53883.17,10576.00,0.00,0.00
53883.17,10576.00,0.00,0.00
53883.17,10576.00,0.00,0.00
53883.17,10576.00,0.00,0.00
53883.17,10576.00,0.00,0.00
53883.17,10576.00,0.00,0.00
53883.17,10576.00,0.00,0.00
53883.17,10576.00,0.00,0.00
53883.17,10576.00,0.00,0.00
53883.17,10576.00,0.00,0.00
53883.17,10576.00,0.00,0.00
53883.17,10576.00,0.00,0.00
53883.17,10576.00,0.00,0.00
53883.17,10576.00,0.00,0.00
53883.17,10576.00,0.00,0.00
53883.17,10576.00,0.00,0.00
53883.17,10576.00,0.00,0.00
53883.17,10576.00,0.00,0.00
53883.17,10576.00,0.00,0.00
53883.17,10576.00,0.00,0.00
53883.17,10576.00,0.00,0.00
53883.17,10576.00,0.00,0.00
53883.17,10576.00,0.00,0.00
53883.17,10576.00,0.00,0.00
53883.17,10576.00,0.00,0.00
53883.17,10576.00,0.00,0.00
53883.17,10576.00,0.00,0.00
53883.17,10576.00,0.00,0.00
53883.17,10576.00,0.00,0.00
53883.17,10576.00,0.00,0.00
53883.17,10576.00,0.00,0.00
53883.17,10576.00,0.00,0.00
53883.17,10576.00,0.00,0.00
53883.17,10576.00,0.00,0.00
53883.17,10576.00,0.00,0.00
53883.17,10576.00,0.00,0.00
53883.17,10576.00,0.00,0.00
53883.17,10576.00,0.00,0.00
53883.17,10576.00,0.00,0.00
53883.17,10576.00,0.00,0.00
53883.17,10576.00,0.00,0.00
53883.17,10576.00,0.00,0.00
53883.17,10576.00,0.00,0.00
53883.17,10576.00,0.00,0.00
53883.17,10576.00,0.00,0.00
53883.17,10576.00,0.00,0.00
53883.17,10576.00,0.00,0.00
53883.17,10576.00,0.00,0.00
53883.17,10576.00,0.00,0.00
53883.17,10576.00,0.00,0.00
53883.17,10576.00,0.00,0.00
53883.17,10576.00,0.00,0.00
53883.17,10576.00,0.00,0.00
53883.17,10576.00,0.00,0.00
53883.17,10576.00,0.00,0.00
53883.17,10576.00,0.00,0.00
53883.17,10576.00,0.00,0.00
53883.17,10576.00,0.00,0.00
53883.17,10576.00,0.00,0.00
53883.17,10576.00,0.00,0.00
53883.17,10576.00,0.00,0.00
53883.17,10576.00,0.00,0.00
53883.17,10576.00,0.00,0.00
53883.17,10576.00,0.00,0.00
53883.17,10576.00,0.00,0.00
53883.17,10576.00,0.00,0.00
53883.17,10576.00,0.00,0.00
53883.17,10576.00,0.00,0.00
53883.17,10576.00,0.00,0.00
53883.17,10576.00,0.00,0.00
53883.17,10576.00,0.00,0.00
53883.17,10576.00,0.00,0.00
53883.17,10576.00,0.00,0.00
53883.17,10576.00,0.00,0.00
53883.17,10576.00,0.00,0.00
53883.17,10576.00,0.00,0.00
53883.17,10576.00,0.00,0.00
53883.17,10576.00,0.00,0.00
53883.17,10576.00,0.00,0.00
53883.17,10576.00,0.00,0.00
53883.17,10576.00,0.00,0.00
53883.17,10576.00,0.00,0.00
53883.17,10576.00,0.00,0.00
53883.17,10576.00,0.00,0.00
53883.17,10576.00,0.00,0.00
53883.17,10576.00,0.00,0.00
53883.17,10576.00,0.00,0.00
53883.17,10576.00,0.00,0.00
53883.17,10576.00,0.00,0.00
53883.17,10576.00,0.00,0.00
53883.17,10576.00,0.00,0.00
53883.17,10576.00,0.00,0.00
53883.17,10576.00,0.00,0.00
53883.17,10576.00,0.00,0.00
53883.17,10576.00,0.00,0.00
53883.17,10576.00,0.00,0.00
53883.17,10576.00,0.00,0.00
53883.17,10576.00,0.00,0.00
53883.17,10576.00,0.00,0.00
53883.17,10576.00,0.00,0.00
53883.17,10576.00,0.00,0.00
53883.17,10576.00,0.00,0.00
53883.17,10576.00,0.00,0.00
53883.17,10576.00,0.00,0.00
53883.17,10576.00,0.00,0.00
53883.17,10576.00,0.00,0.00
53883.17,10576.00,0.00,0.00
53883.17,10576.00,0.00,0.00
53883.17,10576.00,0.00,0.00
53883.17,10576.00,0.00,0.00
53883.17,10576.00,0.00,0.00
53883.17,10576.00,0.00,0.00
53883.17,10576.00,0.00,0.00
53883.17,10576.00,0.00,0.00
53883.17,10576.00,0.00,0.00
53883.17,10576.00,0.00,0.00
53883.17,10576.00,0.00,0.00
53883.17,10576.00,0.00,0.00
53883.17,10576.00,0.00,0.00
53883.17,10576.00,0.00,0.00
53883.17,10576.00,0.00,0.00
53883.17,10576.00,0.00,0.00
53883.17,10576.00,0.00,0.00
53883.17,10576.00,0.00,0.00
53883.17,10576.00,0.00,0.00
53883.17,10576.00,0.00,0.00
53883.17,10576.00,0.00,0.00
53883.17,10576.00,0.00,0.00
53883.17,10576.00,0.00,0.00
53883.17,10576.00,0.00,0.00
53883.17,10576.00,0.00,0.00
53883.17,10576.00,0.00,0.00
53883.17,10576.00,0.00,0.00
53883.17,10576.00,0.00,0.00
53883.17,10576.00,0.00,0.00
53883.17,10576.00,0.00,0.00
53883.17,10576.00,0.00,0.00
53883.17,10576.00,0.00,0.00
53883.17,10576.00,0.00,0.00
53883.17,10576.00,0.00,0.00
53883.17,10576.00,0.00,0.00
53883.17,10576.00,0.00,0.00
53883.17,10576.00,0.00,0.00
53883.17,10576.00,0.00,0.00
53883.17,10576.00,0.00,0.00
53883.17,10576.00,0.00,0.00
53883.17,10576.00,0.00,0.00
53883.17,10576.00,0.00,0.00
53883.17,10576.00,0.00,0.00
53883.17,10576.00,0.00,0.00
53883.17,10576.00,0.00,0.00
53883.17,10576.00,0.00,0.00
53883.17,10576.00,0.00,0.00
53883.17,10576.00,0.00,0.00
53883.17,10576.00,0.00,0.00
53883.17,10576.00,0.00,0.00
53883.17,10576.00,0.00,0.00
53883.17,10576.00,0.00,0.00
53883.17,10576.00,0.00,0.00
53883.17,10576.00,0.00,0.00
53883.17,10576.00,0.00,0.00
53883.17,10576.00,0.00,0.00
53883.17,10576.00,0.00,0.00
53883.17,10576.00,0.00,0.00
53883.17,10576.00,0.00,0.00
53883.17,10576.00,0.00,0.00
53883.17,10576.00,0.00,0.00
53883.17,10576.00,0.00,0.00
53883.17,10576.00,0.00,0.00
53883.17,10576.00,0.00,0.00
53883.17,10576.00,0.00,0.00
53883.17,10576.00,0.00,0.00
53883.17,10576.00,0.00,0.00
53883.17,10576.00,0.00,0.00
53883.17,10576.00,0.00,0.00
53883.17,10576.00,0.00,0.00
53883.17,10576.00,0.00,0.00
53883.17,10576.00,0.00,0.00
53883.17,10576.00,0.00,0.00
53883.17,10576.00,0.00,0.00
53883.17,10576.00,0.00,0.00
53883.17,10576.00,0.00,0.00
53883.17,10576.00,0.00,0.00
53883.17,10576.00,0.00,0.00
53883.17,10576.00,0.00,0.00
53883.17,10576.00,0.00,0.00
53883.17,10576.00,0.00,0.00
53883.17,10576.00,0.00,0.00
53883.17,10576.00,0.00,0.00
53883.17,10576.00,0.00,0.00
53883.17,10576.00,0.00,0.00
53883.17,10576.00,0.00,0.00
53883.17,10576.00,0.00,0.00
53883.17,10576.00,0.00,0.00
53883.17,10576.00,0.00,0.00
53883.17,10576.00,0.00,0.00
53883.17,10576.00,0.00,0.00
53883.17,10576.00,0.00,0.00
53883.17,10576.00,0.00,0.00
53883.17,10576.00,0.00,0.00
53883.17,10576.00,0.00,0.00
53883.17,10576.00,0.00,0.00
53883.17,10576.00,0.00,0.00
53883.17,10576.00,0.00,0.00
53883.17,10576.00,0.00,0.00
53883.17,10576.00,0.00,0.00
53883.17,10576.00,0.00,0.00
53883.17,10576.00,0.00,0.00
53883.17,10576.00,0.00,0.00
53883.17,10576.00,0.00,0.00
53883.17,10576.00,0.00,0.00
53883.17,10576.00,0.00,0.00
53883.17,10576.00,0.00,0.00
53883.17,10576.00,0.00,0.00
53883.17,10576.00,0.00,0.00
53883.17,10576.00,0.00,0.00
53883.17,10576.00,0.00,0.00
53883.17,10576.00,0.00,0.00
53883.17,10576.00,0.00,0.00
53883.17,10576.00,0.00,0.00
53883.17,10576.00,0.00,0.00
53883.17,10576.00,0.00,0.00
53883.17,10576.00,0.00,0.00
53883.17,10576.00,0.00,0.00
53883.17,10576.00,0.00,0.00
53883.17,10576.00,0.00,0.00
53883.17,10576.00,0.00,0.00
53883.17,10576.00,0.00,0.00
53883.17,10576.00,0.00,0.00
53883.17,10576.00,0.00,0.00
53883.17,10576.00,0.00,0.00
53883.17,10576.00,0.00,0.00
53883.17,10576.00,0.00,0.00
53883.17,10576.00,0.00,0.00
53883.17,10576.00,0.00,0.00
53883.17,10576.00,0.00,0.00
53883.17,10576.00,0.00,0.00
53883.17,10576.00,0.00,0.00
53883.17,10576.00,0.00,0.00
53883.17,10576.00,0.00,0.00
53883.17,10576.00,0.00,0.00
53883.17,10576.00,0.00,0.00
53883.17,10576.00,0.00,0.00
53883.17,10576.00,0.00,0.00
53883.17,10576.00,0.00,0.00
53883.17,10576.00,0.00,0.00
53883.17,10576.00,0.00,0.00
53883.17,10576.00,0.00,0.00
53883.17,10576.00,0.00,0.00
53883.17,10576.00,0.00,0.00
53883.17,10576.00,0.00,0.00
53883.17,10576.00,0.00,0.00
53883.17,10576.00,0.00,0.00
53883.17,10576.00,0.00,0.00
53883.17,10576.00,0.00,0.00
53883.17,10576.00,0.00,0.00
53883.17,10576.00,0.00,0.00
53883.17,10576.00,0.00,0.00
53883.17,10576.00,0.00,0.00
53883.17,10576.00,0.00,0.00
53883.17,10576.00,0.00,0.00
53883.17,10576.00,0.00,0.00
53883.17,10576.00,0.00,0.00
53883.17,10576.00,0.00,0.00
53883.17,10576.00,0.00,0.00
53883.17,10576.00,0.00,0.00
53883.17,10576.00,0.00,0.00
53883.17,10576.00,0.00,0.00
53883.17,10576.00,0.00,0.00
53883.17,10576.00,0.00,0.00
53883.17,10576.00,0.00,0.00
53883.17,10576.00,0.00,0.00
53883.17,10576.00,0.00,0.00
53883.17,10576.00,0.00,0.00
53883.17,10576.00,0.00,0.00
53883.17,10576.00,0.00,0.00
53883.17,10576.00,0.00,0.00
53883.17,10576.00,0.00,0.00
53883.17,10576.00,0.00,0.00
53883.17,10576.00,0.00,0.00
53883.17,10576.00,0.00,0.00
53883.17,10576.00,0.00,0.00
53883.09,10576.00,-0.08,0.00
53882.93,10576.00,-0.16,0.00
53882.69,10576.00,-0.24,0.00
53882.37,10576.00,-0.32,0.00
53882.00,10576.00,-0.37,0.00
53882.00,10576.00,0.00,0.00
53882.00,10576.00,0.00,0.00
53882.00,10576.00,0.00,0.00
53882.00,10576.00,0.00,0.00
53882.00,10571.39,0.00,-4.61
53882.00,10566.78,0.00,-4.61
53882.00,10562.17,0.00,-4.61
53882.00,10557.56,0.00,-4.61
53882.00,10552.95,0.00,-4.61
53882.00,10548.34,0.00,-4.61
53881.92,10543.73,-0.08,-4.61
53881.76,10539.12,-0.16,-4.61
53881.52,10534.51,-0.24,-4.61
53881.20,10529.90,-0.32,-4.61
53880.80,10525.29,-0.40,-4.61
53880.32,10522.01,-0.48,-3.28
53879.77,10522.01,-0.56,0.00
53879.12,10522.41,-0.64,0.40
53878.41,10523.21,-0.72,0.80
53877.61,10524.41,-0.80,1.20
53876.73,10526.01,-0.88,1.60
53875.77,10528.01,-0.96,2.00
53874.73,10530.41,-1.04,2.40
53873.61,10533.21,-1.12,2.80
53872.41,10536.41,-1.20,3.20
53871.12,10540.01,-1.28,3.60
53869.77,10544.00,-1.36,3.99
53868.32,10544.00,-1.44,0.00
53866.80,10544.00,-1.52,0.00
53865.20,10528.00,-1.60,0.00
53863.52,10528.00,-1.68,0.00
53861.76,10528.00,-1.76,0.00
53860.20,10528.00,-1.56,0.00
53858.84,10528.00,-1.36,0.00
53857.68,10528.00,-1.16,0.00
53856.72,10528.00,-0.96,0.00
53855.96,10528.00,-0.76,0.00
53855.40,10528.00,-0.56,0.00
53855.04,10528.00,-0.36,0.00
53854.88,10528.00,-0.16,0.00
53854.88,10528.00,0.00,0.00
53854.88,10528.00,0.00,0.00
53854.88,10528.00,0.00,0.00
53854.88,10528.00,0.00,0.00
53854.88,10528.00,0.00,0.00
53854.88,10528.00,0.00,0.00
53854.88,10528.00,0.00,0.00
53854.88,10528.00,0.00,0.00
53854.88,10528.00,0.00,0.00
53854.88,10528.00,0.00,0.00
53854.88,10528.00,0.00,0.00
53854.88,10528.00,0.00,0.00
53854.88,10528.00,0.00,0.00
53854.88,10528.00,0.00,0.00
53854.88,10528.00,0.00,0.00
53854.88,10528.00,0.00,0.00
53854.88,10528.00,0.00,0.00
53854.88,10528.00,0.00,0.00
53854.88,10528.00,0.00,0.00
53854.88,10528.00,0.00,0.00
53854.88,10528.00,0.00,0.00
53854.88,10528.00,0.00,0.00
53854.88,10528.00,0.00,0.00
53854.88,10528.00,0.00,0.00
53854.88,10528.00,0.00,0.00
53854.88,10528.00,0.00,0.00
53854.88,10528.00,0.00,0.00
53854.88,10528.00,0.00,0.00
53854.88,10528.00,0.00,0.00
53854.88,10528.00,0.00,0.00
53854.88,10528.00,0.00,0.00
53854.88,10528.00,0.00,0.00
53854.88,10528.00,0.00,0.00
53854.88,10528.00,0.00,0.00
53854.88,10528.00,0.00,0.00
53854.88,10528.00,0.00,0.00
53854.88,10528.00,0.00,0.00
53854.88,10528.00,0.00,0.00
53854.88,10528.00,0.00,0.00
53854.88,10528.00,0.00,0.00
53854.88,10528.00,0.00,0.00
53854.88,10528.00,0.00,0.00
53854.88,10528.00,0.00,0.00
53854.88,10528.00,0.00,0.00
53854.88,10528.00,0.00,0.00
53854.88,10528.00,0.00,0.00
53854.88,10528.00,0.00,0.00
53854.88,10528.00,0.00,0.00
53854.88,10528.00,0.00,0.00
53854.88,10528.00,0.00,0.00
53854.88,10528.00,0.00,0.00
53854.88,10528.00,0.00,0.00
53854.88,10528.00,0.00,0.00
53854.88,10528.00,0.00,0.00
53854.88,10528.00,0.00,0.00
53854.88,10528.00,0.00,0.00
53854.88,10528.00,0.00,0.00
53854.88,10528.00,0.00,0.00
53854.88,10528.00,0.00,0.00
53854.88,10528.00,0.00,0.00
53854.88,10528.00,0.00,0.00
53854.88,10528.00,0.00,0.00
53854.88,10528.00,0.00,0.00
53854.88,10528.00,0.00,0.00
53854.88,10528.00,0.00,0.00
53854.88,10528.00,0.00,0.00
53854.88,10528.00,0.00,0.00
53854.88,10528.00,0.00,0.00
53854.88,10528.00,0.00,0.00
53854.88,10528.00,0.00,0.00
53854.88,10528.00,0.00,0.00
53854.88,10528.00,0.00,0.00
53854.88,10528.00,0.00,0.00
53854.88,10528.00,0.00,0.00
53854.88,10528.00,0.00,0.00
53854.88,10528.00,0.00,0.00
53854.88,10528.00,0.00,0.00
53854.88,10528.00,0.00,0.00
53854.88,10528.00,0.00,0.00
53854.88,10528.00,0.00,0.00
53854.88,10528.00,0.00,0.00
53854.88,10528.00,0.00,0.00
53854.88,10528.00,0.00,0.00
53854.88,10528.00,0.00,0.00
53854.88,10528.00,0.00,0.00
53854.88,10528.00,0.00,0.00
53854.88,10528.00,0.00,0.00
53854.88,10528.00,0.00,0.00
53854.88,10528.00,0.00,0.00
53854.88,10528.00,0.00,0.00
53854.88,10528.00,0.00,0.00
53854.88,10528.00,0.00,0.00
53854.88,10528.00,0.00,0.00
53854.88,10528.00,0.00,0.00
53854.88,10528.00,0.00,0.00
53854.88,10528.00,0.00,0.00
53854.88,10528.00,0.00,0.00
53854.88,10528.00,0.00,0.00
53854.88,10528.00,0.00,0.00
53854.88,10528.00,0.00,0.00
53854.88,10528.00,0.00,0.00
53854.88,10528.00,0.00,0.00
53854.88,10528.00,0.00,0.00
53854.88,10528.00,0.00,0.00
53854.88,10528.00,0.00,0.00
53854.88,10528.00,0.00,0.00
53854.88,10528.00,0.00,0.00
53854.88,10528.00,0.00,0.00
53854.88,10528.00,0.00,0.00
53854.88,10528.00,0.00,0.00
53854.88,10528.00,0.00,0.00
53854.88,10528.00,0.00,0.00
53854.88,10528.00,0.00,0.00
53854.96,10528.00,0.08,0.00
53855.12,10528.00,0.16,0.00
53855.36,10528.00,0.24,0.00
53855.68,10528.00,0.32,0.00
53856.08,10528.00,0.40,0.00
53856.56,10528.00,0.48,0.00
53857.12,10528.00,0.56,0.00
53857.76,10528.00,0.64,0.00
53858.48,10528.00,0.72,0.00
53859.28,10528.00,0.80,0.00
53860.16,10528.00,0.88,0.00
53861.12,10528.00,0.96,0.00
53862.16,10528.00,1.04,0.00
53863.28,10528.00,1.12,0.00
53864.48,10528.00,1.20,0.00
53865.76,10528.00,1.28,0.00
53867.12,10544.00,1.36,0.00
53868.56,10544.00,1.44,0.00
53870.08,10544.00,1.52,0.00
53871.68,10544.00,1.60,0.00
53873.36,10544.00,1.68,0.00
53875.12,10544.00,1.76,0.00
53876.96,10544.00,1.84,0.00
53878.88,10544.00,1.92,0.00
53880.88,10544.00,2.00,0.00
53882.96,10544.40,2.08,0.40
53885.12,10545.20,2.16,0.80
53887.36,10546.40,2.24,1.20
53889.68,10548.00,2.32,1.60
53892.08,10550.00,2.40,2.00
53894.56,10552.40,2.48,2.40
53897.12,10555.20,2.56,2.80
53899.76,10558.40,2.64,3.20
53902.48,10562.00,2.72,3.60
53905.28,10566.00,2.80,4.00
53908.16,10570.40,2.88,4.40
53911.12,10575.20,2.96,4.80
53914.16,10580.40,3.04,5.20
53917.10,10586.00,2.94,5.60
53920.12,10592.00,3.02,6.00
53923.04,10598.40,2.92,6.40
53926.04,10605.20,3.00,6.80
53929.12,10612.40,3.08,7.20
53932.10,10620.00,2.98,7.60
53934.98,10628.00,2.88,8.00
53937.76,10636.40,2.78,8.40
53940.44,10645.20,2.68,8.80
53943.02,10654.40,2.58,9.20
53945.50,10664.00,2.48,9.60
53947.88,10674.00,2.38,10.00
53950.16,10684.01,2.28,10.01
53952.34,10694.02,2.18,10.01
53954.41,10704.00,2.08,9.98
53956.39,10704.00,1.98,0.00
53958.18,10704.00,1.78,0.00
53960.04,10704.00,1.86,0.00
53961.98,10704.00,1.94,0.00
53964.00,10704.40,2.02,0.40
53966.10,10705.20,2.10,0.80
53968.28,10706.40,2.18,1.20
53970.54,10708.00,2.26,1.60
53972.88,10710.00,2.34,2.00
53974.00,10712.40,1.12,2.40
53975.20,10715.20,1.20,2.80
53976.48,10718.40,1.28,3.20
53977.84,10722.00,1.36,3.60
53979.28,10726.00,1.44,4.00
53980.80,10730.40,1.52,4.40
53982.40,10735.20,1.60,4.80
53983.90,10740.40,1.50,5.20
53985.30,10746.00,1.40,5.60
53986.61,10752.00,1.30,6.00
53987.62,10758.40,1.02,6.40
53988.37,10765.20,0.74,6.80
53988.83,10772.40,0.46,7.20
53989.01,10780.00,0.18,7.60
53989.11,10788.00,0.10,8.00
53989.13,10796.40,0.02,8.40
53989.07,10805.20,-0.06,8.80
53988.93,10814.40,-0.14,9.20
53988.71,10817.29,-0.22,0.00
53988.41,10817.59,-0.30,0.00
53988.03,10817.97,-0.38,0.00
53987.57,10818.43,-0.46,0.00
53987.04,10818.96,-0.54,0.00
53986.70,10819.30,-0.34,0.00
53986.55,10819.45,-0.14,0.00
53986.50,10819.50,-0.06,0.00
53986.52,10819.48,0.02,0.00
53986.62,10819.38,0.10,0.00
53986.80,10819.20,0.18,0.00
53987.06,10818.94,0.26,0.00
53987.40,10818.60,0.34,0.00
53987.82,10818.18,0.42,0.00
53988.32,10817.68,0.50,0.00
53988.90,10817.10,0.58,0.00
53989.56,10816.44,0.66,0.00
53990.30,10816.00,0.74,0.00
53991.12,10816.00,0.82,0.00
53992.03,10816.00,0.90,0.00
53993.01,10816.00,0.98,0.00
53994.07,10816.00,1.06,0.00
53995.21,10816.00,1.14,0.00
53996.43,10816.00,1.22,0.00
53997.73,10816.00,1.30,0.00
53999.12,10816.00,1.38,0.00
54000.58,10816.00,1.46,0.00
54002.12,10816.00,1.54,0.00
54003.74,10816.00,1.62,0.00
54005.44,10816.00,1.70,0.00
54007.22,10816.00,1.78,0.00
54009.08,10816.00,1.86,0.00
54011.02,10816.00,1.94,0.00
54013.04,10816.00,2.02,0.00
54015.14,10816.00,2.10,0.00
54017.32,10816.00,2.18,0.00
54019.59,10816.00,2.26,0.00
54021.93,10816.00,2.34,0.00
54024.35,10816.00,2.42,0.00
54026.85,10816.40,2.50,0.40
54029.43,10817.20,2.58,0.80
54032.09,10818.40,2.66,1.20
54034.83,10820.00,2.74,1.60
54037.65,10822.00,2.82,2.00
54040.55,10824.40,2.90,2.40
54043.54,10827.20,2.98,2.80
54046.60,10830.40,3.06,3.20
54049.56,10834.00,2.96,3.60
54052.60,10838.00,3.04,4.00
54055.54,10842.40,2.94,4.40
54058.56,10847.20,3.02,4.80
54061.48,10852.40,2.92,5.20
54064.48,10858.00,3.00,5.60
54067.39,10864.00,2.90,6.00
54070.37,10870.40,2.98,6.40
54073.43,10877.20,3.06,6.80
54076.39,10884.40,2.96,7.20
54079.43,10892.00,3.04,7.60
54080.90,10896.00,2.94,8.00
54082.41,10898.50,3.02,5.01
54083.88,10901.01,2.92,5.01
54085.38,10903.51,3.00,5.01
54086.82,10906.02,2.90,5.01
54088.32,10908.52,2.98,5.01
54089.85,10911.03,3.06,5.01
54091.33,10913.53,2.96,5.01
54092.85,10916.04,3.04,5.01
54094.32,10918.54,2.94,5.01
54095.83,10921.05,3.02,5.01
54097.29,10923.55,2.92,5.01
54098.79,10926.06,3.00,5.01
54100.24,10928.56,2.90,5.01
54101.73,10931.07,2.98,5.01
54103.26,10933.57,3.06,5.01
54104.74,10936.08,2.96,5.01
54106.26,10938.58,3.04,5.01
54107.73,10941.09,2.94,5.01
54109.24,10943.59,3.02,5.01
54110.70,10946.10,2.92,5.01
54112.20,10948.60,3.00,5.01
54113.65,10951.11,2.90,5.01
54115.14,10953.61,2.98,5.01
54116.68,10956.12,3.06,5.01
54118.16,10958.62,2.96,5.01
54119.68,10961.13,3.04,5.01
54121.14,10963.63,2.94,5.01
54122.66,10966.14,3.02,5.01
54124.12,10968.64,2.92,5.01
54125.62,10971.15,3.00,5.01
54127.07,10968.24,2.90,-5.81
54128.56,10965.34,2.98,-5.81
54130.09,10962.43,3.06,-5.81
54131.57,10959.53,2.96,-5.81
54133.09,10956.62,3.04,-5.81
54134.56,10953.71,2.94,-5.81
54136.07,10950.81,3.02,-5.81
54137.53,10947.90,2.92,-5.81
54139.03,10945.00,3.00,-5.81
54140.48,10942.09,2.90,-5.81
54141.97,10939.19,2.98,-5.81
54143.50,10936.28,3.06,-5.81
54144.98,10933.38,2.96,-5.81
54146.50,10930.47,3.04,-5.81
54147.97,10927.57,2.94,-5.81
54149.48,10924.66,3.02,-5.81
54150.95,10921.76,2.92,-5.81
54152.45,10918.85,3.00,-5.81
54153.89,10915.95,2.90,-5.81
54155.39,10913.04,2.98,-5.81
54156.92,10910.14,3.06,-5.81
54158.40,10907.23,2.96,-5.81
54159.92,10904.33,3.04,-5.81
54161.39,10901.52,2.94,-5.61
54162.90,10898.82,3.02,-5.41
54164.36,10896.21,2.92,-5.21
54165.86,10893.71,3.00,-5.01
54167.31,10891.30,2.90,-4.81
54168.80,10889.00,2.98,-4.61
54170.33,10886.79,3.06,-4.41
54173.29,10882.58,2.96,-4.21
54176.34,10878.77,3.04,-3.81
54179.28,10875.36,2.94,-3.41
54182.00,10872.35,2.72,-3.01
54182.00,10869.74,0.00,-2.61
54182.00,10867.53,0.00,-2.21
54182.00,10865.72,0.00,-1.81
54182.00,10864.31,0.00,-1.41
54182.00,10863.30,0.00,-1.01
54182.00,10862.69,0.00,-0.61
54182.00,10862.48,0.00,-0.21
54182.00,10862.67,0.00,0.19
54182.00,10863.26,0.00,0.59
54182.00,10864.25,0.00,0.99
54182.00,10865.64,0.00,1.39
54182.00,10867.43,0.00,1.79
54182.00,10869.62,0.00,2.19
54182.00,10872.21,0.00,2.59
54182.08,10875.20,0.08,2.99
54182.24,10878.59,0.16,3.39
54182.48,10882.38,0.24,3.79
54182.80,10886.57,0.32,4.19
54183.20,10891.16,0.40,4.59
54183.43,10896.00,0.48,4.84
54183.71,10896.00,0.56,0.00
54184.04,10896.00,0.64,0.00
54184.39,10896.00,0.72,0.00
54184.79,10896.00,0.80,0.00
54185.23,10896.00,0.88,0.00
54185.71,10896.00,0.96,0.00
54186.23,10896.00,1.04,0.00
54186.79,10896.00,1.12,0.00
54187.39,10896.00,1.20,0.00
54188.04,10896.00,1.28,0.00
54188.71,10896.00,1.36,0.00
54189.43,10896.00,1.44,0.00
54190.20,10896.00,1.52,0.00
54191.00,10896.00,1.60,0.00
54191.84,10896.00,1.68,0.00
54192.71,10896.00,1.76,0.00
54193.64,10896.00,1.84,0.00
54194.60,10896.00,1.92,0.00
54195.60,10896.00,2.00,0.00
54196.64,10896.00,2.08,0.00
54197.71,10896.00,2.16,0.00
54198.84,10896.00,2.24,0.00
54200.00,10896.00,2.32,0.00
54201.20,10896.00,2.40,0.00
54202.43,10896.00,2.48,0.00
54203.71,10896.00,2.56,0.00
54205.04,10896.00,2.64,0.00
54206.39,10896.00,2.72,0.00
54207.79,10896.00,2.80,0.00
54209.23,10896.00,2.88,0.00
54210.71,10896.00,2.96,0.00
54212.23,10896.00,3.04,0.00
54213.66,10896.00,2.84,0.00
54215.12,10896.00,2.92,0.00
54216.62,10896.00,3.00,0.00
54218.16,10896.00,3.08,0.00
54219.60,10896.00,2.88,0.00
54221.08,10893.09,2.96,-5.81
54222.60,10890.19,3.04,-5.81
54224.07,10887.28,2.94,-5.81
54227.09,10881.47,3.02,-5.81
54230.01,10876.86,2.92,-4.61
54233.01,10874.01,3.00,-2.85
54236.09,10871.56,3.08,-2.45
54239.07,10869.50,2.98,-2.05
54242.12,10867.85,3.06,-1.65
54245.09,10866.59,2.96,-1.25
54246.00,10865.74,0.91,-0.85
54246.00,10865.28,0.00,-0.45
54246.00,10865.23,0.00,-0.05
54246.00,10865.58,0.00,0.35
54246.08,10864.00,0.08,0.00
54246.24,10864.00,0.16,0.00
54246.48,10864.00,0.24,0.00
54246.80,10864.00,0.32,0.00
54247.20,10864.00,0.40,0.00
54247.68,10864.00,0.48,0.00
54248.23,10864.00,0.56,0.00
54248.88,10864.00,0.64,0.00
54249.59,10864.00,0.72,0.00
54250.39,10864.00,0.80,0.00
54251.27,10864.00,0.88,0.00
54252.23,10864.00,0.96,0.00
54253.27,10864.00,1.04,0.00
54254.39,10864.00,1.12,0.00
54255.59,10864.00,1.20,0.00
54256.88,10864.00,1.28,0.00
54258.23,10864.00,1.36,0.00
54259.68,10864.00,1.44,0.00
54261.20,10864.00,1.52,0.00
54262.80,10864.00,1.60,0.00
54264.48,10864.00,1.68,0.00
54266.24,10864.00,1.76,0.00
54268.08,10864.00,1.84,0.00
54270.00,10864.00,1.92,0.00
54272.00,10864.00,2.00,0.00
54274.08,10864.00,2.08,0.00
54276.24,10864.00,2.16,0.00
54278.48,10864.00,2.24,0.00
54280.80,10864.00,2.32,0.00
54283.20,10864.00,2.40,0.00
54285.68,10864.00,2.48,0.00
54288.23,10864.00,2.56,0.00
54290.88,10864.00,2.64,0.00
54293.59,10864.00,2.72,0.00
54296.39,10864.00,2.80,0.00
54299.27,10864.00,2.88,0.00
54302.23,10864.00,2.96,0.00
54305.27,10864.00,3.04,0.00
54308.11,10864.00,2.84,0.00
54311.04,10864.00,2.92,0.00
54314.04,10864.00,3.00,0.00
54317.11,10864.00,3.08,0.00
54319.99,10864.00,2.88,0.00
54322.67,10864.00,2.68,0.00
54325.15,10864.00,2.48,0.00
54327.43,10864.00,2.28,0.00
54329.43,10864.00,2.00,0.00
54331.15,10864.00,1.72,0.00
54332.59,10864.00,1.44,0.00
54333.75,10864.00,1.16,0.00
54334.63,10864.00,0.88,0.00
54335.23,10864.00,0.60,0.00
54335.55,10864.00,0.32,0.00
54335.59,10864.00,0.04,0.00
54335.55,10864.00,-0.04,0.00
54335.43,10864.00,-0.12,0.00
54335.23,10864.00,-0.20,0.00
54334.95,10864.00,-0.28,0.00
54334.59,10864.00,-0.36,0.00
54334.15,10864.00,-0.44,0.00
54333.63,10864.00,-0.52,0.00
54333.03,10864.00,-0.60,0.00
54332.35,10864.00,-0.68,0.00
54331.59,10864.00,-0.76,0.00
54330.75,10864.00,-0.84,0.00
54329.83,10864.00,-0.92,0.00
54328.83,10864.00,-1.00,0.00
54327.75,10864.00,-1.08,0.00
54326.59,10864.00,-1.16,0.00
54325.63,10864.00,-0.96,0.00
54324.87,10864.00,-0.76,0.00
54324.39,10864.00,-0.48,0.00
54324.19,10864.00,-0.20,0.00
54324.27,10864.00,0.08,0.00
54324.43,10864.00,0.16,0.00
54324.66,10864.00,0.24,0.00
54324.98,10864.00,0.32,0.00
54325.38,10864.00,0.40,0.00
54325.86,10864.00,0.48,0.00
54326.14,10864.00,0.28,0.00
54326.14,10864.00,-0.00,0.00
54326.07,10864.00,-0.08,0.00
54325.91,10864.00,-0.16,0.00
54325.67,10864.00,-0.24,0.00
54325.35,10864.00,-0.32,0.00
54324.95,10864.00,-0.40,0.00
54324.47,10864.00,-0.48,0.00
54323.91,10864.00,-0.56,0.00
54323.27,10864.00,-0.64,0.00
54322.55,10864.00,-0.72,0.00
54321.75,10864.00,-0.80,0.00
54320.87,10864.00,-0.88,0.00
54319.91,10864.00,-0.96,0.00
54318.87,10864.00,-1.04,0.00
54317.75,10864.00,-1.12,0.00
54316.83,10864.00,-0.92,0.00
54316.11,10864.00,-0.72,0.00
54315.59,10864.00,-0.52,0.00
54315.27,10864.00,-0.32,0.00
54315.15,10864.00,-0.12,0.00
54315.15,10864.00,0.00,0.00
54315.15,10864.00,0.00,0.00
54315.15,10864.00,0.00,0.00
54315.15,10864.00,0.00,0.00
54315.15,10864.00,0.00,0.00
54315.15,10864.00,0.00,0.00
54315.15,10864.00,0.00,0.00
54315.15,10864.00,0.00,0.00
54315.15,10864.00,0.00,0.00
54315.15,10864.00,0.00,0.00
54315.15,10864.00,0.00,0.00
54315.15,10864.00,0.00,0.00
54315.15,10864.00,0.00,0.00
54315.15,10864.00,0.00,0.00
54315.15,10864.00,0.00,0.00
54315.15,10864.00,0.00,0.00
54315.15,10864.00,0.00,0.00
54315.15,10864.00,0.00,0.00
54315.15,10864.00,0.00,0.00
54315.15,10864.00,0.00,0.00
54315.15,10864.00,0.00,0.00
54315.15,10864.00,0.00,0.00
54315.15,10864.00,0.00,0.00
54315.15,10864.00,0.00,0.00
54315.15,10864.00,0.00,0.00
54315.15,10864.00,0.00,0.00
54315.15,10864.00,0.00,0.00
54315.15,10864.00,0.00,0.00
54315.15,10864.00,0.00,0.00
54315.15,10864.00,0.00,0.00
54315.15,10864.00,0.00,0.00
54315.15,10864.00,0.00,0.00
54315.15,10864.00,0.00,0.00
54315.15,10864.00,0.00,0.00
54315.15,10864.00,0.00,0.00
54315.15,10864.00,0.00,0.00
54315.15,10864.00,0.00,0.00
54315.15,10864.00,0.00,0.00
54315.15,10864.00,0.00,0.00
54315.15,10864.00,0.00,0.00
54315.15,10864.00,0.00,0.00
54315.15,10864.00,0.00,0.00
54315.15,10864.00,0.00,0.00
54315.15,10864.00,0.00,0.00
54315.15,10864.00,0.00,0.00
54315.15,10864.00,0.00,0.00
54315.15,10864.00,0.00,0.00
54315.15,10864.00,0.00,0.00
54315.15,10864.00,0.00,0.00
54315.15,10864.00,0.00,0.00
54315.15,10864.00,0.00,0.00
54315.15,10864.00,0.00,0.00
54315.15,10864.00,0.00,0.00
54315.15,10864.00,0.00,0.00
54315.15,10864.00,0.00,0.00
54315.15,10864.00,0.00,0.00
54315.15,10864.00,0.00,0.00
54315.15,10864.00,0.00,0.00
54315.15,10864.00,0.00,0.00
54315.15,10864.00,0.00,0.00
54315.15,10864.00,0.00,0.00
54315.15,10864.00,0.00,0.00
54315.15,10864.00,0.00,0.00
54315.15,10864.00,0.00,0.00
54315.15,10864.00,0.00,0.00
54315.15,10864.00,0.00,0.00
54315.15,10864.00,0.00,0.00
54315.15,10864.00,0.00,0.00
54315.15,10864.00,0.00,0.00
54315.15,10864.00,0.00,0.00
54315.15,10864.00,0.00,0.00
54315.15,10864.00,0.00,0.00
54315.15,10864.00,0.00,0.00
54315.15,10864.00,0.00,0.00
54315.15,10864.00,0.00,0.00
54315.15,10864.00,0.00,0.00
54315.15,10864.00,0.00,0.00
54315.15,10864.00,0.00,0.00
54315.15,10864.00,0.00,0.00
54315.15,10864.00,0.00,0.00
54315.15,10864.00,0.00,0.00
54315.15,10864.00,0.00,0.00
54315.15,10864.00,0.00,0.00
54315.15,10864.00,0.00,0.00
54315.15,10864.00,0.00,0.00
54315.15,10864.00,0.00,0.00
54315.15,10864.00,0.00,0.00
54315.15,10864.00,0.00,0.00
54315.15,10864.00,0.00,0.00
54315.15,10864.00,0.00,0.00
54315.15,10864.00,0.00,0.00
54315.15,10864.00,0.00,0.00
54315.15,10864.00,0.00,0.00
54315.15,10864.00,0.00,0.00
54315.15,10864.00,0.00,0.00
54315.15,10864.00,0.00,0.00
54315.15,10864.00,0.00,0.00
54315.15,10864.00,0.00,0.00
54315.15,10864.00,0.00,0.00
54315.15,10864.00,0.00,0.00
54315.15,10864.00,0.00,0.00
54315.15,10864.00,0.00,0.00
54315.15,10864.00,0.00,0.00
54315.15,10864.00,0.00,0.00
54315.15,10864.00,0.00,0.00
54315.15,10864.00,0.00,0.00
54315.15,10864.00,0.00,0.00
54315.15,10864.00,0.00,0.00
54315.15,10864.00,0.00,0.00
54315.15,10864.00,0.00,0.00
54315.15,10864.00,0.00,0.00
54315.15,10864.00,0.00,0.00
54315.15,10864.00,0.00,0.00
54315.15,10864.00,0.00,0.00
54315.15,10864.00,0.00,0.00
54315.15,10864.00,0.00,0.00
54315.15,10864.00,0.00,0.00
54315.15,10864.00,0.00,0.00
54315.15,10864.00,0.00,0.00
54315.15,10864.00,0.00,0.00
54315.15,10864.00,0.00,0.00
54315.15,10864.00,0.00,0.00
54315.15,10864.00,0.00,0.00
54315.15,10864.00,0.00,0.00
54315.15,10864.00,0.00,0.00
54315.15,10864.00,0.00,0.00
54315.15,10864.00,0.00,0.00
54315.15,10864.00,0.00,0.00
54315.15,10864.00,0.00,0.00
54315.23,10864.00,0.08,0.00
54315.39,10864.00,0.16,0.00
54315.46,10864.00,0.08,0.00
54315.46,10864.00,0.00,0.00
54315.39,10864.00,-0.08,0.00
54315.23,10864.00,-0.16,0.00
54314.99,10864.00,-0.24,0.00
54314.67,10864.00,-0.32,0.00
54314.27,10864.00,-0.40,0.00
54313.79,10864.00,-0.48,0.00
54313.23,10864.00,-0.56,0.00
54312.59,10864.00,-0.64,0.00
54311.87,10864.00,-0.72,0.00
54311.07,10864.00,-0.80,0.00
54310.19,10864.00,-0.88,0.00
54309.23,10864.00,-0.96,0.00
54308.19,10864.00,-1.04,0.00
54307.07,10864.00,-1.12,0.00
54305.87,10864.00,-1.20,0.00
54304.59,10864.00,-1.28,0.00
54303.23,10864.00,-1.36,0.00
54301.79,10864.00,-1.44,0.00
54300.27,10864.00,-1.52,0.00
54298.67,10864.00,-1.60,0.00
54296.99,10864.00,-1.68,0.00
54295.23,10864.00,-1.76,0.00
54293.39,10864.00,-1.84,0.00
54291.46,10864.00,-1.92,0.00
54289.46,10864.00,-2.00,0.00
54287.39,10864.00,-2.08,0.00
54285.23,10864.00,-2.16,0.00
54282.99,10864.00,-2.24,0.00
54280.67,10864.00,-2.32,0.00
54278.27,10864.00,-2.40,0.00
54275.79,10864.00,-2.48,0.00
54273.23,10864.00,-2.56,0.00
54270.59,10864.00,-2.64,0.00
54267.87,10864.00,-2.72,0.00
54265.07,10864.00,-2.80,0.00
54262.19,10864.00,-2.88,0.00
54259.23,10864.00,-2.96,0.00
54256.19,10864.00,-3.04,0.00
54253.35,10864.00,-2.84,0.00
54250.43,10864.00,-2.92,0.00
54247.71,10864.00,-2.72,0.00
54245.27,10880.00,-2.44,0.00
54243.11,10880.00,-2.16,0.00
54241.23,10880.00,-1.88,0.00
54239.63,10880.00,-1.60,0.00
54238.31,10880.00,-1.32,0.00
54237.27,10880.00,-1.04,0.00
54236.51,10880.00,-0.76,0.00
54236.03,10880.00,-0.48,0.00
54235.83,10880.00,-0.20,0.00
54235.71,10880.00,-0.12,0.00
54235.67,10880.00,-0.04,0.00
54235.71,10880.00,0.04,0.00
54235.83,10880.00,0.12,0.00
54236.03,10880.00,0.20,0.00
54236.31,10880.00,0.28,0.00
54236.67,10880.00,0.36,0.00
54237.11,10880.00,0.44,0.00
54237.63,10880.00,0.52,0.00
54238.23,10880.00,0.60,0.00
54238.91,10880.00,0.68,0.00
54239.67,10880.00,0.76,0.00
54240.51,10880.00,0.84,0.00
54241.43,10880.00,0.92,0.00
54242.43,10880.00,1.00,0.00
54243.51,10880.00,1.08,0.00
54244.67,10880.00,1.16,0.00
54245.91,10880.00,1.24,0.00
54247.23,10864.00,1.32,0.00
54248.63,10864.00,1.40,0.00
54250.11,10864.00,1.48,0.00
54251.67,10864.00,1.56,0.00
54253.31,10864.00,1.64,0.00
54255.03,10864.00,1.72,0.00
54256.83,10864.00,1.80,0.00
54258.71,10864.00,1.88,0.00
54260.67,10864.00,1.96,0.00
54262.71,10864.00,2.04,0.00
54264.83,10864.00,2.12,0.00
54267.03,10864.00,2.20,0.00
54269.31,10864.00,2.28,0.00
54271.67,10864.00,2.36,0.00
54274.11,10864.00,2.44,0.00
54276.63,10864.00,2.52,0.00
54279.23,10864.00,2.60,0.00
54281.91,10864.00,2.68,0.00
54284.67,10864.00,2.76,0.00
54287.51,10864.00,2.84,0.00
54290.43,10864.00,2.92,0.00
54293.43,10864.00,3.00,0.00
54296.23,10864.00,2.80,0.00
54299.11,10864.00,2.88,0.00
54302.07,10864.00,2.96,0.00
54305.11,10864.00,3.04,0.00
54307.95,10864.00,2.84,0.00
54310.88,10864.00,2.92,0.00
54313.88,10864.00,3.00,0.00
54316.68,10864.00,2.80,0.00
54319.55,10864.00,2.88,0.00
54322.52,10864.00,2.96,0.00
54325.55,10864.00,3.04,0.00
54328.39,10864.00,2.84,0.00
54331.32,10864.00,2.92,0.00
54334.32,10864.00,3.00,0.00
54337.39,10864.00,3.08,0.00
54340.27,10864.00,2.88,0.00
54343.23,10864.00,2.96,0.00
54346.27,10864.00,3.04,0.00
54349.11,10864.00,2.84,0.00
54352.04,10864.00,2.92,0.00
54355.04,10864.00,3.00,0.00
54358.11,10864.00,3.08,0.00
54360.99,10864.00,2.88,0.00
54363.95,10864.00,2.96,0.00
54366.99,10864.00,3.04,0.00
54369.83,10864.00,2.84,0.00
54372.75,10864.00,2.92,0.00
54375.75,10864.00,3.00,0.00
54378.83,10864.00,3.08,0.00
54381.71,10864.00,2.88,0.00
54384.67,10864.00,2.96,0.00
54387.71,10864.00,3.04,0.00
54390.55,10864.00,2.84,0.00
54393.47,10864.00,2.92,0.00
54396.47,10864.00,3.00,0.00
54399.55,10864.00,3.08,0.00
54402.43,10864.00,2.88,0.00
54405.39,10864.00,2.96,0.00
54408.43,10864.00,3.04,0.00
54411.27,10864.00,2.84,0.00
54414.19,10864.00,2.92,0.00
54417.19,10864.00,3.00,0.00
54420.27,10864.00,3.08,0.00
54423.15,10864.00,2.88,0.00
54426.11,10880.00,2.96,0.00
54427.63,10880.00,3.04,0.00
54429.05,10880.00,2.84,0.00
54430.51,10880.00,2.92,0.00
54432.01,10880.00,3.00,0.00
54433.55,10880.00,3.08,0.00
54434.99,10880.00,2.88,0.00
54436.47,10880.00,2.96,0.00
54437.99,10880.00,3.04,0.00
54439.41,10880.00,2.84,0.00
54440.88,10888.00,2.92,0.00
54442.38,10888.00,3.00,0.00
54443.91,10888.00,3.08,0.00
54445.36,10888.00,2.88,0.00
54446.84,10888.00,2.96,0.00
54448.36,10888.00,3.04,0.00
54449.78,10888.00,2.84,0.00
54451.24,10888.00,2.92,0.00
54452.74,10888.00,3.00,0.00
54454.28,10888.00,3.08,0.00
54455.72,10888.00,2.88,0.00
54457.20,10896.00,2.96,0.00
54458.72,10896.00,3.04,0.00
54460.14,10896.00,2.84,0.00
54461.60,10896.00,2.92,0.00
54463.10,10896.00,3.00,0.00
54464.64,10896.00,3.08,0.00
54466.08,10896.00,2.88,0.00
54467.56,10896.00,2.96,0.00
54469.08,10896.00,3.04,0.00
54470.50,10896.00,2.84,0.00
54471.96,10896.00,2.92,0.00
54473.46,10896.00,3.00,0.00
54475.00,10896.00,3.08,0.00
54476.45,10896.00,2.88,0.00
54477.93,10896.00,2.96,0.00
54479.45,10896.00,3.04,0.00
54480.87,10896.00,2.84,0.00
54482.19,10896.00,2.64,0.00
54483.41,10896.00,2.44,0.00
54484.53,10896.00,2.24,0.00
54485.55,10896.00,2.04,0.00
54486.47,10896.00,1.84,0.00
54487.29,10896.00,1.64,0.00
54488.01,10896.00,1.44,0.00
54488.63,10896.00,1.24,0.00
54489.15,10896.00,1.04,0.00
54489.57,10896.00,0.84,0.00
54489.89,10896.00,0.64,0.00
54490.11,10896.00,0.44,0.00
54490.37,10896.00,0.52,0.00
54490.67,10896.00,0.60,0.00
54491.01,10896.00,0.68,0.00
54491.39,10896.00,0.76,0.00
54491.81,10896.00,0.84,0.00
54492.27,10896.00,0.92,0.00
54492.77,10896.00,1.00,0.00
54493.31,10896.00,1.08,0.00
54493.89,10896.00,1.16,0.00
54494.51,10896.00,1.24,0.00
54495.17,10896.00,1.32,0.00
54495.87,10896.00,1.40,0.00
54496.61,10896.00,1.48,0.00
54497.39,10896.00,1.56,0.00
54498.21,10896.00,1.64,0.00
54499.07,10896.00,1.72,0.00
54499.97,10896.00,1.80,0.00
54500.91,10896.00,1.88,0.00
54501.89,10896.00,1.96,0.00
54502.91,10896.00,2.04,0.00
54503.97,10896.00,2.12,0.00
54505.07,10896.00,2.20,0.00
54506.21,10896.00,2.28,0.00
54507.39,10896.00,2.36,0.00
54508.61,10896.00,2.44,0.00
54509.87,10896.00,2.52,0.00
54511.17,10896.00,2.60,0.00
54512.51,10896.00,2.68,0.00
54513.89,10896.00,2.76,0.00
54515.31,10896.00,2.84,0.00
54516.77,10896.00,2.92,0.00
54518.27,10896.00,3.00,0.00
54519.81,10896.00,3.08,0.00
54521.25,10896.00,2.88,0.00
54522.73,10896.00,2.96,0.00
54524.25,10896.00,3.04,0.00
54525.68,10896.00,2.84,0.00
54527.00,10896.00,2.64,0.00
54528.21,10896.00,2.44,0.00
54529.34,10896.00,2.24,0.00
54530.36,10896.00,2.04,0.00
54531.28,10896.00,1.84,0.00
54532.10,10896.00,1.64,0.00
54532.82,10896.00,1.44,0.00
54533.44,10896.00,1.24,0.00
54533.96,10896.00,1.04,0.00
54534.38,10896.00,0.84,0.00
54534.70,10896.00,0.64,0.00
54534.92,10896.00,0.44,0.00
54535.04,10896.00,0.24,0.00
54535.06,10896.00,0.04,0.00
54535.06,10896.00,0.00,0.00
54535.06,10896.00,0.00,0.00
54535.06,10896.00,0.00,0.00
54535.06,10896.00,0.00,0.00
54535.06,10896.00,0.00,0.00
54535.06,10896.00,0.00,0.00
54535.06,10896.00,0.00,0.00
54535.06,10896.00,0.00,0.00
54535.06,10896.00,0.00,0.00
54535.06,10896.00,0.00,0.00
54535.02,10896.00,-0.08,0.00
54534.94,10896.00,-0.16,0.00
54534.82,10896.00,-0.24,0.00
54534.66,10896.00,-0.32,0.00
54534.46,10896.00,-0.40,0.00
54534.22,10896.00,-0.48,0.00
54533.94,10896.00,-0.56,0.00
54533.62,10896.00,-0.64,0.00
54533.26,10896.00,-0.72,0.00
54532.86,10896.00,-0.80,0.00
54532.42,10896.00,-0.88,0.00
54531.94,10896.00,-0.96,0.00
54531.42,10896.00,-1.04,0.00
54530.86,10896.00,-1.12,0.00
54530.26,10896.00,-1.20,0.00
54529.62,10896.00,-1.28,0.00
54528.94,10896.00,-1.36,0.00
54528.22,10896.00,-1.44,0.00
54527.46,10896.00,-1.52,0.00
54526.66,10896.00,-1.60,0.00
54525.82,10896.00,-1.68,0.00
54524.94,10896.00,-1.76,0.00
54524.02,10896.00,-1.84,0.00
54523.06,10896.00,-1.92,0.00
54522.06,10896.00,-2.00,0.00
54521.02,10896.00,-2.08,0.00
54519.94,10896.00,-2.16,0.00
54518.82,10896.00,-2.24,0.00
54517.66,10896.00,-2.32,0.00
54516.46,10896.00,-2.40,0.00
54515.22,10896.00,-2.48,0.00
54513.94,10896.00,-2.56,0.00
54512.62,10896.00,-2.64,0.00
54511.26,10896.00,-2.72,0.00
54509.86,10896.00,-2.80,0.00
54508.42,10896.00,-2.88,0.00
54506.94,10896.00,-2.96,0.00
54505.42,10896.00,-3.04,0.00
54504.00,10896.00,-2.84,0.00
54502.54,10896.00,-2.92,0.00
54501.04,10896.00,-3.00,0.00
54499.50,10896.00,-3.08,0.00
54498.06,10896.00,-2.88,0.00
54496.58,10896.00,-2.96,0.00
54495.06,10896.00,-3.04,0.00
54493.64,10896.00,-2.84,0.00
54492.18,10893.09,-2.92,-5.81
54490.68,10890.19,-3.00,-5.81
54489.14,10887.28,-3.08,-5.81
54487.65,10884.38,-2.98,-5.81
54486.12,10881.47,-3.06,-5.81
54484.64,10878.57,-2.96,-5.81
54483.12,10875.66,-3.04,-5.81
54481.65,10872.76,-2.94,-5.81
54478.63,10866.95,-3.02,-5.81
54475.71,10862.34,-2.92,-4.61
54472.71,10857.73,-3.00,-4.61
54469.63,10853.12,-3.08,-4.61
54466.65,10848.51,-2.98,-4.61
54463.59,10843.90,-3.06,-4.61
54460.63,10839.29,-2.96,-4.61
54457.59,10835.08,-3.04,-4.21
54454.65,10831.27,-2.94,-3.81
54451.63,10827.86,-3.02,-3.41
54448.71,10824.85,-2.92,-3.01
54445.71,10822.24,-3.00,-2.61
54442.63,10820.03,-3.08,-2.21
54439.65,10818.22,-2.98,-1.81
54436.59,10816.81,-3.06,-1.41
54433.63,10815.80,-2.96,-1.01
54430.59,10815.19,-3.04,-0.61
54427.65,10814.98,-2.94,-0.21
54424.63,10815.17,-3.02,0.19
54421.71,10815.76,-2.92,0.59
54418.71,10816.75,-3.00,0.99
54415.63,10818.14,-3.08,1.39
54412.65,10819.93,-2.98,1.79
54409.59,10822.12,-3.06,2.19
54406.63,10824.71,-2.96,2.59
54403.59,10827.70,-3.04,2.99
54400.65,10831.09,-2.94,3.39
54397.63,10834.88,-3.02,3.79
54394.71,10839.07,-2.92,4.19
54391.71,10843.66,-3.00,4.59
54388.63,10848.65,-3.08,4.99
54385.65,10854.04,-2.98,5.39
54382.59,10859.83,-3.06,5.79
54379.63,10864.00,-2.96,4.17
54376.59,10864.00,-3.04,0.00
54373.75,10864.00,-2.84,0.00
54370.83,10864.00,-2.92,0.00
54367.83,10864.00,-3.00,0.00
54364.75,10864.00,-3.08,0.00
54361.87,10864.00,-2.88,0.00
54358.91,10864.00,-2.96,0.00
54355.87,10864.00,-3.04,0.00
54353.03,10864.00,-2.84,0.00
54350.11,10864.00,-2.92,0.00
54347.11,10864.00,-3.00,0.00
54344.03,10864.00,-3.08,0.00
54341.15,10864.00,-2.88,0.00
54338.19,10864.00,-2.96,0.00
54335.15,10864.00,-3.04,0.00
54332.31,10864.00,-2.84,0.00
54329.67,10864.00,-2.64,0.00
54327.23,10864.00,-2.44,0.00
54324.99,10864.00,-2.24,0.00
54322.95,10864.00,-2.04,0.00
54321.11,10864.00,-1.84,0.00
54319.47,10864.00,-1.64,0.00
54318.11,10864.00,-1.36,0.00
54317.04,10864.00,-1.08,0.00
54316.23,10864.00,-0.80,0.00
54315.71,10864.00,-0.52,0.00
54315.48,10864.00,-0.24,0.00
54315.52,10864.00,0.04,0.00
54315.64,10864.00,0.12,0.00
54315.84,10864.00,0.20,0.00
54316.12,10864.00,0.28,0.00
54316.48,10864.00,0.36,0.00
54316.92,10864.00,0.44,0.00
54317.44,10864.00,0.52,0.00
54318.04,10864.00,0.60,0.00
54318.72,10864.00,0.68,0.00
54319.48,10864.00,0.76,0.00
54320.32,10864.00,0.84,0.00
54321.24,10864.00,0.92,0.00
54322.24,10864.00,1.00,0.00
54323.32,10864.00,1.08,0.00
54324.48,10864.00,1.16,0.00
54325.72,10864.00,1.24,0.00
54327.04,10864.00,1.32,0.00
54328.44,10864.00,1.40,0.00
54329.92,10864.00,1.48,0.00
54331.48,10864.00,1.56,0.00
54333.12,10864.00,1.64,0.00
54334.84,10864.00,1.72,0.00
54336.64,10864.00,1.80,0.00
54338.52,10864.00,1.88,0.00
54340.48,10864.00,1.96,0.00
54342.52,10864.00,2.04,0.00
54344.64,10864.00,2.12,0.00
54346.84,10864.00,2.20,0.00
54349.12,10864.00,2.28,0.00
54351.48,10864.00,2.36,0.00
54353.92,10864.00,2.44,0.00
54356.44,10864.00,2.52,0.00
54359.04,10864.00,2.60,0.00
54361.72,10864.00,2.68,0.00
54364.48,10864.00,2.76,0.00
54367.32,10864.00,2.84,0.00
54370.24,10864.00,2.92,0.00
54373.24,10864.00,3.00,0.00
54376.04,10864.00,2.80,0.00
54378.92,10864.00,2.88,0.00
54381.88,10864.00,2.96,0.00
54384.92,10864.00,3.04,0.00
54387.76,10864.00,2.84,0.00
54390.68,10864.00,2.92,0.00
54393.68,10864.00,3.00,0.00
54396.48,10864.00,2.80,0.00
54399.36,10864.00,2.88,0.00
54402.32,10864.00,2.96,0.00
54405.36,10864.00,3.04,0.00
54408.20,10864.00,2.84,0.00
54411.12,10864.00,2.92,0.00
54414.12,10864.00,3.00,0.00
54416.93,10864.00,2.80,0.00
54419.80,10864.00,2.88,0.00
54422.77,10864.00,2.96,0.00
54425.80,10864.00,3.04,0.00
54428.64,10880.00,2.84,0.00
54430.11,10880.00,2.92,0.00
54431.61,10880.00,3.00,0.00
54433.00,10880.00,2.80,0.00
54434.45,10880.00,2.88,0.00
54435.93,10880.00,2.96,0.00
54437.45,10880.00,3.04,0.00
54438.87,10880.00,2.84,0.00
54440.33,10880.00,2.92,0.00
54441.83,10888.00,3.00,0.00
54443.23,10888.00,2.80,0.00
54444.67,10888.00,2.88,0.00
54446.15,10888.00,2.96,0.00
54447.67,10888.00,3.04,0.00
54449.09,10888.00,2.84,0.00
54450.55,10888.00,2.92,0.00
54452.05,10888.00,3.00,0.00
54453.45,10888.00,2.80,0.00
54454.89,10888.00,2.88,0.00
54456.37,10888.00,2.96,0.00
54457.89,10896.00,3.04,0.00
54459.31,10896.00,2.84,0.00
54460.77,10896.00,2.92,0.00
54462.27,10896.00,3.00,0.00
54463.81,10896.00,3.08,0.00
54465.25,10896.00,2.88,0.00
54466.73,10896.00,2.96,0.00
54468.25,10896.00,3.04,0.00
54469.68,10896.00,2.84,0.00
54471.14,10896.00,2.92,0.00
54472.64,10896.00,3.00,0.00
54474.18,10896.00,3.08,0.00
54475.62,10896.00,2.88,0.00
54477.10,10896.00,2.96,0.00
54478.62,10896.00,3.04,0.00
54480.04,10896.00,2.84,0.00
54481.50,10896.00,2.92,0.00
54483.00,10896.00,3.00,0.00
54484.54,10896.00,3.08,0.00
54485.98,10896.00,2.88,0.00
54487.46,10896.00,2.96,0.00
54488.98,10896.00,3.04,0.00
54490.40,10896.00,2.84,0.00
54491.86,10896.00,2.92,0.00
54493.36,10896.00,3.00,0.00
54494.90,10896.00,3.08,0.00
54496.34,10896.00,2.88,0.00
54497.82,10896.00,2.96,0.00
54499.34,10896.00,3.04,0.00
54500.77,10896.00,2.84,0.00
54502.23,10896.00,2.92,0.00
54503.73,10896.00,3.00,0.00
54505.27,10896.00,3.08,0.00
54506.71,10896.00,2.88,0.00
54508.19,10896.00,2.96,0.00
54509.71,10896.00,3.04,0.00
54511.13,10896.00,2.84,0.00
54512.59,10896.00,2.92,0.00
54514.09,10896.00,3.00,0.00
54515.63,10896.00,3.08,0.00
54517.07,10896.00,2.88,0.00
54518.55,10896.00,2.96,0.00
54520.07,10896.00,3.04,0.00
54521.49,10896.00,2.84,0.00
54522.95,10896.00,2.92,0.00
54524.45,10896.00,3.00,0.00
54525.99,10896.00,3.08,0.00
54527.43,10896.00,2.88,0.00
54528.91,10896.00,2.96,0.00
54530.43,10896.00,3.04,0.00
54531.86,10896.00,2.84,0.00
54533.32,10896.00,2.92,0.00
54534.82,10896.00,3.00,0.00
54536.36,10896.00,3.08,0.00
54537.80,10896.00,2.88,0.00
54539.14,10896.00,2.68,0.00
54540.38,10896.00,2.48,0.00
54541.52,10896.00,2.28,0.00
54542.55,10896.00,2.08,0.00
54543.50,10896.00,1.88,0.00
54544.34,10896.00,1.68,0.00
54545.07,10896.00,1.48,0.00
54545.71,10896.00,1.28,0.00
54546.25,10896.00,1.08,0.00
54546.70,10896.00,0.88,0.00
54547.04,10896.00,0.68,0.00
54547.27,10896.00,0.48,0.00
54547.41,10896.00,0.28,0.00
54547.45,10896.00,0.08,0.00
54547.45,10896.00,0.00,0.00
54547.45,10896.00,0.00,0.00
54547.45,10896.00,0.00,0.00
54547.45,10896.00,0.00,0.00
54547.45,10896.00,0.00,0.00
54547.45,10896.00,0.00,0.00
54547.45,10893.09,0.00,-5.81
54547.45,10890.19,0.00,-5.81
54547.45,10887.28,0.00,-5.81
54547.45,10884.38,0.00,-5.81
54547.45,10881.47,0.00,-5.81
54547.45,10878.57,0.00,-5.81
54547.45,10875.66,0.00,-5.81
54547.45,10872.76,0.00,-5.81
54547.45,10867.15,0.00,-5.61
54547.45,10861.94,0.00,-5.21
54547.45,10858.01,0.00,-3.93
54547.53,10858.01,0.08,0.00
54547.69,10858.41,0.16,0.40
54547.93,10859.21,0.24,0.80
54548.25,10860.41,0.32,1.20
54548.65,10862.01,0.40,1.60
54549.13,10864.01,0.48,2.00
54549.69,10866.41,0.56,2.40
54550.33,10869.21,0.64,2.80
54551.05,10872.41,0.72,3.20
54551.85,10876.01,0.80,3.60
54552.29,10878.01,0.88,4.00
54552.77,10880.11,0.96,4.20
54553.29,10882.31,1.04,4.40
54553.85,10884.61,1.12,4.60
54554.45,10887.01,1.20,4.80
54555.09,10889.51,1.28,5.00
54555.77,10892.02,1.36,5.01
54556.49,10896.00,1.44,3.98
54557.25,10896.00,1.52,0.00
54557.91,10896.00,1.32,0.00
54558.47,10896.00,1.12,0.00
54558.93,10896.00,0.92,0.00
54559.29,10896.00,0.72,0.00
54559.55,10896.00,0.52,0.00
54559.71,10896.00,0.32,0.00
54559.77,10896.00,0.12,0.00
54559.77,10896.00,0.00,0.00
54559.77,10896.00,0.00,0.00
54559.77,10896.00,0.00,0.00
54559.77,10896.00,0.00,0.00
54559.77,10896.00,0.00,0.00
54559.77,10896.00,0.00,0.00
54559.77,10896.00,0.00,0.00
54559.77,10896.00,0.00,0.00
54559.77,10896.00,0.00,0.00
54559.77,10896.00,0.00,0.00
54559.77,10893.09,0.00,-5.81
54559.77,10890.19,0.00,-5.81
54559.77,10887.28,0.00,-5.81
54559.77,10884.38,0.00,-5.81
54559.77,10881.47,0.00,-5.81
54559.77,10878.57,0.00,-5.81
54559.77,10875.66,0.00,-5.81
54559.77,10872.76,0.00,-5.81
54559.77,10866.95,0.00,-5.81
54559.77,10861.54,0.00,-5.41
54559.77,10858.01,0.00,-3.53
54559.77,10858.01,0.00,0.00
54559.77,10858.41,0.00,0.40
54559.77,10859.21,0.00,0.80
54559.85,10860.41,0.08,1.20
54560.01,10862.01,0.16,1.60
54560.25,10864.01,0.24,2.00
54560.57,10866.41,0.32,2.40
54560.96,10869.21,0.40,2.80
54561.45,10872.41,0.48,3.20
54562.00,10876.01,0.56,3.60
54562.32,10878.01,0.64,4.00
54562.68,10880.11,0.72,4.20
54562.99,10882.31,0.62,4.40
54563.25,10884.61,0.52,4.60
54563.46,10887.01,0.42,4.80
54563.62,10889.51,0.32,5.00
54563.73,10892.02,0.22,5.01
54563.79,10896.00,0.12,3.98
54563.80,10896.00,0.02,0.00
54563.80,10896.00,0.00,0.00
54563.80,10896.00,0.00,0.00
54563.80,10896.00,0.00,0.00
54563.80,10896.00,0.00,0.00
54563.80,10896.00,0.00,0.00
54563.80,10896.00,0.00,0.00
54563.80,10896.00,0.00,0.00
54563.80,10896.00,0.00,0.00
54563.80,10896.00,0.00,0.00
54563.80,10896.00,0.00,0.00
54563.80,10896.00,0.00,0.00
54563.80,10896.00,0.00,0.00
54563.80,10896.00,0.00,0.00
54563.80,10893.09,0.00,-5.81
54563.80,10890.19,0.00,-5.81
54563.80,10887.28,0.00,-5.81
54563.80,10884.38,0.00,-5.81
54563.80,10881.47,0.00,-5.81
54563.80,10878.57,0.00,-5.81
54563.80,10875.66,0.00,-5.81
54563.80,10872.76,0.00,-5.81
54563.80,10867.15,0.00,-5.61
54563.80,10861.94,0.00,-5.21
54563.80,10858.01,0.00,-3.93
54563.80,10858.01,0.00,0.00
54563.80,10858.41,0.00,0.40
54563.80,10859.21,0.00,0.80
54563.80,10860.41,0.00,1.20
54563.80,10862.01,0.00,1.60
54563.80,10864.01,0.00,2.00
54563.80,10866.41,0.00,2.40
54563.80,10869.21,0.00,2.80
54563.80,10872.41,0.00,3.20
54563.80,10876.01,0.00,3.60
54563.80,10878.01,0.00,4.00
54563.80,10880.11,0.00,4.20
54563.77,10882.31,-0.08,4.40
54563.69,10884.61,-0.16,4.60
54563.57,10887.01,-0.24,4.80
54563.41,10889.51,-0.32,5.00
54563.21,10892.02,-0.40,5.01
54562.97,10896.00,-0.48,3.98
54562.69,10896.00,-0.56,0.00
54562.37,10896.00,-0.64,0.00
54562.01,10896.00,-0.72,0.00
54561.61,10896.00,-0.80,0.00
54561.17,10896.00,-0.88,0.00
54560.69,10896.00,-0.96,0.00
54560.17,10896.00,-1.04,0.00
54559.61,10896.00,-1.12,0.00
54559.01,10896.00,-1.20,0.00
54558.37,10896.00,-1.28,0.00
54557.69,10896.00,-1.36,0.00
54556.97,10896.00,-1.44,0.00
54556.21,10896.00,-1.52,0.00
54555.41,10896.00,-1.60,0.00
54554.57,10896.00,-1.68,0.00
54553.69,10896.00,-1.76,0.00
54552.77,10896.00,-1.84,0.00
54551.80,10896.00,-1.92,0.00
54550.80,10896.00,-2.00,0.00
54549.77,10893.09,-2.08,-5.81
54548.69,10890.19,-2.16,-5.81
54547.57,10887.28,-2.24,-5.81
54546.41,10884.38,-2.32,-5.81
54545.21,10881.47,-2.40,-5.81
54543.97,10878.57,-2.48,-5.81
54542.69,10875.76,-2.56,-5.61
54541.37,10873.06,-2.64,-5.41
54538.65,10867.85,-2.72,-5.21
54535.85,10863.04,-2.80,-4.81
54532.97,10858.63,-2.88,-4.41
54530.01,10854.62,-2.96,-4.01
54526.97,10851.01,-3.04,-3.61
54524.03,10847.80,-2.94,-3.21
54521.01,10844.99,-3.02,-2.81
54518.09,10842.58,-2.92,-2.41
54515.09,10842.01,-3.00,-0.57
54512.01,10842.01,-3.08,0.00
54509.03,10842.41,-2.98,0.40
54506.15,10843.21,-2.88,0.80
54503.37,10844.41,-2.78,1.20
54500.69,10846.01,-2.68,1.60
54498.11,10848.01,-2.58,2.00
54495.63,10850.41,-2.48,2.40
54493.25,10853.21,-2.38,2.80
54490.97,10856.41,-2.28,3.20
54488.79,10860.01,-2.18,3.60
54486.71,10864.01,-2.08,4.00
54484.73,10868.41,-1.98,4.40
54482.85,10873.21,-1.88,4.80
54480.89,10878.41,-1.96,5.20
54479.87,10881.21,-2.04,5.60
54478.81,10883.72,-2.12,5.01
54477.71,10886.22,-2.20,5.01
54476.57,10888.73,-2.28,5.01
54475.39,10891.23,-2.36,5.01
54474.17,10896.00,-2.44,4.77
54472.91,10896.00,-2.52,0.00
54471.61,10896.00,-2.60,0.00
54470.27,10896.00,-2.68,0.00
54468.89,10896.00,-2.76,0.00
54467.47,10896.00,-2.84,0.00
54466.01,10896.00,-2.92,0.00
54464.51,10896.00,-3.00,0.00
54462.97,10896.00,-3.08,0.00
54461.53,10896.00,-2.88,0.00
54460.05,10896.00,-2.96,0.00
54458.53,10888.00,-3.04,0.00
54457.11,10888.00,-2.84,0.00
54455.64,10888.00,-2.92,0.00
54454.14,10888.00,-3.00,0.00
54452.61,10888.00,-3.08,0.00
54451.16,10888.00,-2.88,0.00
54449.68,10888.00,-2.96,0.00
54448.16,10888.00,-3.04,0.00
54446.74,10888.00,-2.84,0.00
54445.28,10888.00,-2.92,0.00
54443.78,10888.00,-3.00,0.00
54442.24,10880.00,-3.08,0.00
54440.80,10880.00,-2.88,0.00
54439.32,10880.00,-2.96,0.00
54437.80,10880.00,-3.04,0.00
54436.38,10880.00,-2.84,0.00
54434.92,10880.00,-2.92,0.00
54433.42,10880.00,-3.00,0.00
54431.88,10880.00,-3.08,0.00
54430.44,10880.00,-2.88,0.00
54428.96,10880.00,-2.96,0.00
54427.44,10864.00,-3.04,0.00
54424.60,10864.00,-2.84,0.00
54421.68,10864.00,-2.92,0.00
54418.68,10864.00,-3.00,0.00
54415.60,10864.00,-3.08,0.00
54412.72,10864.00,-2.88,0.00
54409.76,10864.00,-2.96,0.00
54406.72,10864.00,-3.04,0.00
54403.88,10864.00,-2.84,0.00
54400.96,10864.00,-2.92,0.00
54397.96,10864.00,-3.00,0.00
54394.88,10864.00,-3.08,0.00
54392.00,10864.00,-2.88,0.00
54389.04,10864.00,-2.96,0.00
54386.00,10864.00,-3.04,0.00
54383.16,10864.00,-2.84,0.00
54380.24,10864.00,-2.92,0.00
54377.24,10864.00,-3.00,0.00
54374.16,10864.00,-3.08,0.00
54371.28,10864.00,-2.88,0.00
54368.32,10864.00,-2.96,0.00
54365.28,10864.00,-3.04,0.00
54362.44,10864.00,-2.84,0.00
54359.52,10864.00,-2.92,0.00
54356.52,10864.00,-3.00,0.00
54353.44,10864.00,-3.08,0.00
54350.56,10864.00,-2.88,0.00
54347.60,10864.00,-2.96,0.00
54344.56,10864.00,-3.04,0.00
54341.72,10864.00,-2.84,0.00
54338.80,10864.00,-2.92,0.00
54335.80,10864.00,-3.00,0.00
54332.72,10864.00,-3.08,0.00
54329.84,10864.00,-2.88,0.00
54326.88,10864.00,-2.96,0.00
54323.84,10864.00,-3.04,0.00
54321.00,10864.00,-2.84,0.00
54318.08,10864.00,-2.92,0.00
54315.08,10864.00,-3.00,0.00
54312.00,10864.00,-3.08,0.00
54309.12,10864.00,-2.88,0.00
54306.16,10864.00,-2.96,0.00
54303.12,10864.00,-3.04,0.00
54300.29,10864.00,-2.84,0.00
54297.36,10864.00,-2.92,0.00
54294.36,10864.00,-3.00,0.00
54291.29,10864.00,-3.08,0.00
54288.41,10864.00,-2.88,0.00
54285.45,10864.00,-2.96,0.00
54282.41,10864.00,-3.04,0.00
54279.57,10864.00,-2.84,0.00
54276.64,10864.00,-2.92,0.00
54273.64,10864.00,-3.00,0.00
54270.57,10864.00,-3.08,0.00
54267.69,10864.00,-2.88,0.00
54264.73,10864.00,-2.96,0.00
54261.69,10864.00,-3.04,0.00
54258.85,10864.00,-2.84,0.00
54255.93,10864.00,-2.92,0.00
54252.93,10864.00,-3.00,0.00
54249.85,10864.00,-3.08,0.00
54246.97,10864.00,-2.88,0.00
54244.01,10880.00,-2.96,0.00
54240.97,10880.00,-3.04,0.00
54238.13,10880.00,-2.84,0.00
54235.21,10880.00,-2.92,0.00
54232.21,10880.00,-3.00,0.00
54229.13,10896.00,-3.08,0.00
54227.69,10896.00,-2.88,0.00
54226.21,10896.00,-2.96,0.00
54224.69,10896.00,-3.04,0.00
54223.27,10896.00,-2.84,0.00
54221.80,10896.00,-2.92,0.00
54220.30,10896.00,-3.00,0.00
54218.77,10896.00,-3.08,0.00
54217.32,10896.00,-2.88,0.00
54215.84,10896.00,-2.96,0.00
54214.32,10896.00,-3.04,0.00
54212.90,10896.00,-2.84,0.00
54211.44,10896.00,-2.92,0.00
54209.94,10896.00,-3.00,0.00
54208.40,10896.00,-3.08,0.00
54206.96,10896.00,-2.88,0.00
54205.48,10896.00,-2.96,0.00
54203.96,10896.00,-3.04,0.00
54202.54,10896.00,-2.84,0.00
54201.08,10896.00,-2.92,0.00
54199.58,10896.00,-3.00,0.00
54198.04,10896.00,-3.08,0.00
54196.60,10896.00,-2.88,0.00
54195.12,10896.00,-2.96,0.00
54193.60,10896.00,-3.04,0.00
54192.18,10896.00,-2.84,0.00
54190.71,10896.00,-2.92,0.00
54189.21,10896.00,-3.00,0.00
54187.68,10896.00,-3.08,0.00
54186.23,10896.00,-2.88,0.00
54184.75,10896.00,-2.96,0.00
54183.23,10896.10,-3.04,0.20
54181.77,10896.30,-2.94,0.40
54180.25,10896.60,-3.02,0.60
54178.79,10897.00,-2.92,0.80
54177.29,10897.50,-3.00,1.00
54175.75,10898.10,-3.08,1.20
54174.27,10898.80,-2.98,1.40
54172.73,10899.60,-3.06,1.60
54171.25,10900.50,-2.96,1.80
54169.73,10901.50,-3.04,2.00
54168.27,10902.60,-2.94,2.20
54166.75,10903.80,-3.02,2.40
54165.29,10905.10,-2.92,2.60
54163.79,10906.50,-3.00,2.80
54162.25,10908.00,-3.08,3.00
54160.77,10909.60,-2.98,3.20
54159.23,10911.30,-3.06,3.40
54157.75,10913.10,-2.96,3.60
54156.23,10915.00,-3.04,3.80
54154.77,10917.00,-2.94,4.00
54153.25,10919.10,-3.02,4.20
54151.79,10921.30,-2.92,4.40
54150.29,10923.60,-3.00,4.60
54148.75,10926.00,-3.08,4.80
54147.27,10928.50,-2.98,5.00
54145.73,10931.00,-3.06,5.01
54144.25,10933.51,-2.96,5.01
54142.73,10936.01,-3.04,5.01
54141.27,10938.52,-2.94,5.01
54139.75,10935.61,-3.02,-5.81
54138.29,10932.71,-2.92,-5.81
54136.79,10929.80,-3.00,-5.81
54135.25,10926.90,-3.08,-5.81
54133.77,10923.99,-2.98,-5.81
54132.23,10921.09,-3.06,-5.81
54130.75,10918.18,-2.96,-5.81
54129.23,10915.28,-3.04,-5.81
54127.77,10912.37,-2.94,-5.81
54126.25,10909.47,-3.02,-5.81
54124.79,10906.56,-2.92,-5.81
54123.29,10903.66,-3.00,-5.81
54121.75,10900.75,-3.08,-5.81
54120.27,10897.85,-2.98,-5.81
54118.73,10894.94,-3.06,-5.81
54117.25,10892.04,-2.96,-5.81
54115.73,10889.13,-3.04,-5.81
54114.27,10886.22,-2.94,-5.81
54111.25,10880.42,-3.02,-5.81
54108.32,10875.80,-2.92,-4.61
54105.32,10871.19,-3.00,-4.61
54102.25,10866.58,-3.08,-4.61
54099.27,10861.97,-2.98,-4.61
54096.21,10857.76,-3.06,-4.21
54093.25,10853.95,-2.96,-3.81
54090.21,10850.54,-3.04,-3.41
54087.27,10847.53,-2.94,-3.01
54084.25,10844.92,-3.02,-2.61
54081.32,10842.71,-2.92,-2.21
54078.32,10840.90,-3.00,-1.81
54075.25,10839.49,-3.08,-1.41
54070.75,10835.99,-4.50,-3.50
54066.35,10832.89,-4.40,-3.10
54062.05,10830.19,-4.30,-2.70
54057.85,10827.89,-4.20,-2.30
54053.75,10825.99,-4.10,-1.90
54049.75,10824.49,-4.00,-1.50
54045.85,10823.39,-3.90,-1.10
54042.05,10822.69,-3.80,-0.70
54038.35,10822.39,-3.70,-0.30
54034.75,10822.49,-3.60,0.10
54031.25,10822.99,-3.50,0.50
54027.85,10823.89,-3.40,0.90
54024.55,10825.19,-3.30,1.30
54021.35,10826.89,-3.20,1.70
54018.25,10828.99,-3.10,2.10
54015.25,10831.49,-3.00,2.50
54012.35,10834.39,-2.90,2.90
54009.37,10837.69,-2.98,3.30
54006.31,10841.39,-3.06,3.70
54003.35,10845.49,-2.96,4.10
54000.31,10849.99,-3.04,4.50
53997.37,10854.89,-2.94,4.90
53994.35,10860.19,-3.02,5.30
53991.43,10865.89,-2.92,5.70
53988.43,10871.99,-3.00,6.10
53985.53,10878.49,-2.90,6.50
53982.55,10885.39,-2.98,6.90
53979.49,10892.69,-3.06,7.30
53978.01,10896.54,-2.96,7.70
53976.49,10899.05,-3.04,5.01
53975.02,10901.55,-2.94,5.01
53973.51,10904.06,-3.02,5.01
53972.05,10906.56,-2.92,5.01
53970.55,10909.07,-3.00,5.01
53969.10,10911.57,-2.90,5.01
53967.61,10914.08,-2.98,5.01
53966.08,10916.58,-3.06,5.01
53964.60,10919.09,-2.96,5.01
53963.08,10921.59,-3.04,5.01
53961.61,10924.10,-2.94,5.01
53960.10,10926.60,-3.02,5.01
53958.64,10929.11,-2.92,5.01
53957.14,10931.61,-3.00,5.01
53955.69,10934.12,-2.90,5.01
53954.20,10936.62,-2.98,5.01
53952.67,10939.13,-3.06,5.01
53951.19,10941.63,-2.96,5.01
53949.67,10944.14,-3.04,5.01
53948.20,10946.64,-2.94,5.01
53946.69,10949.15,-3.02,5.01
53945.23,10951.65,-2.92,5.01
53943.73,10954.16,-3.00,5.01
53942.28,10956.66,-2.90,5.01
53940.79,10959.17,-2.98,5.01
53939.26,10961.67,-3.06,5.01
53937.78,10964.18,-2.96,5.01
53936.26,10968.00,-3.04,3.82
53934.79,10968.00,-2.94,0.00
53933.28,10968.00,-3.02,0.00
53931.87,10968.00,-2.82,0.00
53930.42,10968.00,-2.90,0.00
53928.93,10968.00,-2.98,0.00
53927.40,10976.00,-3.06,0.00
53925.97,10976.00,-2.86,0.00
53924.50,10976.00,-2.94,0.00
53922.99,10976.00,-3.02,0.00
53921.58,10976.00,-2.82,0.00
53920.13,10973.09,-2.90,-5.81
53918.64,10970.19,-2.98,-5.81
53917.11,10967.28,-3.06,-5.81
53915.63,10964.38,-2.96,-5.81
53914.00,10961.47,-1.63,-5.81
53914.00,10958.57,0.00,-5.81
53914.00,10955.66,0.00,-5.81
53914.00,10952.76,0.00,-5.81
53914.00,10949.85,0.00,-5.81
53914.00,10946.95,0.00,-5.81
53914.00,10944.04,0.00,-5.81
53914.00,10941.14,0.00,-5.81
53914.00,10938.23,0.00,-5.81
53914.00,10935.33,0.00,-5.81
53914.00,10932.42,0.00,-5.81
53914.00,10929.52,0.00,-5.81
53914.00,10926.61,0.00,-5.81
53914.00,10923.71,0.00,-5.81
53914.00,10920.80,0.00,-5.81
53914.00,10917.89,0.00,-5.81
53914.00,10914.99,0.00,-5.81
53914.00,10912.08,0.00,-5.81
53914.00,10909.18,0.00,-5.81
53914.00,10906.27,0.00,-5.81
53914.00,10903.37,0.00,-5.81
53914.00,10900.46,0.00,-5.81
53914.00,10897.56,0.00,-5.81
53914.00,10894.65,0.00,-5.81
53914.00,10891.75,0.00,-5.81
53913.96,10888.84,-0.08,-5.81
53913.88,10885.94,-0.16,-5.81
53913.64,10880.33,-0.24,-5.61
53913.32,10875.12,-0.32,-5.21
53912.93,10870.31,-0.40,-4.81
53912.45,10865.90,-0.48,-4.41
53911.89,10861.89,-0.56,-4.01
53911.25,10858.28,-0.64,-3.61
53910.53,10855.07,-0.72,-3.21
53909.73,10852.26,-0.80,-2.81
53908.85,10849.85,-0.88,-2.41
53907.89,10847.84,-0.96,-2.01
53906.85,10846.23,-1.04,-1.61
53905.73,10845.02,-1.12,-1.21
53904.53,10844.21,-1.20,-0.81
53903.25,10843.80,-1.28,-0.41
53901.89,10843.79,-1.36,-0.01
53900.45,10841.55,-1.44,0.00
53898.93,10843.07,-1.52,0.00
53897.61,10844.39,-1.32,0.00
53896.57,10845.43,-1.04,0.00
53895.80,10846.20,-0.76,0.00
53895.32,10846.68,-0.48,0.00
53895.12,10846.88,-0.20,0.00
53895.20,10846.80,0.08,0.00
53895.36,10846.64,0.16,0.00
53895.60,10846.40,0.24,0.00
53895.92,10846.08,0.32,0.00
53896.32,10845.68,0.40,0.00
53896.80,10845.20,0.48,0.00
53897.36,10844.64,0.56,0.00
53898.00,10844.00,0.64,0.00
53898.72,10843.28,0.72,0.00
53899.52,10842.48,0.80,0.00
53900.40,10841.60,0.88,0.00
53901.36,10840.64,0.96,0.00
53902.40,10839.60,1.04,0.00
53903.52,10838.48,1.12,0.00
53904.72,10837.28,1.20,0.00
53906.00,10836.00,1.28,0.00
53907.36,10834.64,1.36,0.00
53908.80,10833.20,1.44,0.00
53910.32,10832.00,1.52,0.00
53911.92,10832.00,1.60,0.00
53913.60,10832.00,1.68,0.00
53915.36,10832.00,1.76,0.00
53917.20,10832.00,1.84,0.00
53919.12,10832.00,1.92,0.00
53921.12,10832.00,2.00,0.00
53923.20,10832.00,2.08,0.00
53925.36,10832.00,2.16,0.00
53927.60,10832.00,2.24,0.00
53929.92,10832.00,2.32,0.00
53932.32,10832.00,2.40,0.00
53934.80,10832.00,2.48,0.00
53937.36,10832.00,2.56,0.00
53940.00,10832.00,2.64,0.00
53942.72,10832.00,2.72,0.00
53945.52,10832.00,2.80,0.00
53948.40,10832.00,2.88,0.00
53951.36,10832.00,2.96,0.00
53954.40,10832.00,3.04,0.00
53957.24,10832.00,2.84,0.00
53960.16,10832.00,2.92,0.00
53963.16,10832.00,3.00,0.00
53966.24,10832.00,3.08,0.00
53969.12,10832.00,2.88,0.00
53972.08,10832.00,2.96,0.00
53975.12,10830.88,3.04,0.00
53977.96,10828.04,2.84,0.00
53980.88,10825.12,2.92,0.00
53983.52,10822.48,2.64,0.00
53985.88,10820.12,2.36,0.00
53987.96,10818.04,2.08,0.00
53989.76,10816.24,1.80,0.00
53991.28,10816.00,1.52,0.00
53992.52,10816.00,1.24,0.00
53993.48,10816.00,0.96,0.00
53994.16,10816.00,0.68,0.00
53994.55,10816.00,0.40,0.00
53994.68,10816.00,0.12,0.00
53994.71,10816.00,0.04,0.00
53994.68,10811.39,-0.04,-4.61
53994.55,10806.78,-0.12,-4.61
53994.36,10802.17,-0.20,-4.61
53994.07,10797.56,-0.28,-4.61
53993.71,10792.95,-0.36,-4.61
53993.27,10788.34,-0.44,-4.61
53992.75,10783.73,-0.52,-4.61
53992.15,10779.12,-0.60,-4.61
53991.47,10774.51,-0.68,-4.61
53990.71,10769.90,-0.76,-4.61
53989.87,10765.29,-0.84,-4.61
53988.95,10760.68,-0.92,-4.61
53987.95,10756.07,-1.00,-4.61
53986.87,10751.46,-1.08,-4.61
53985.71,10746.84,-1.16,-4.61
53984.47,10742.23,-1.24,-4.61
53983.15,10738.02,-1.32,-4.21
53981.75,10734.21,-1.40,-3.81
53980.27,10730.80,-1.48,-3.41
53978.71,10727.79,-1.56,-3.01
53977.07,10725.18,-1.64,-2.61
53975.36,10722.97,-1.72,-2.21
53973.55,10721.17,-1.80,-1.81
53971.68,10719.75,-1.88,-1.41
53969.71,10718.75,-1.96,-1.01
53967.68,10718.13,-2.04,-0.61
53965.55,10717.92,-2.12,-0.21
53963.36,10718.12,-2.20,0.19
53961.07,10704.00,-2.28,0.00
53958.71,10704.00,-2.36,0.00
53956.27,10704.00,-2.44,0.00
53953.75,10704.00,-2.52,0.00
53951.15,10704.00,-2.60,0.00
53948.47,10704.00,-2.68,0.00
53945.71,10688.00,-2.76,0.00
53942.87,10688.00,-2.84,0.00
53939.95,10688.00,-2.92,0.00
53936.95,10688.00,-3.00,0.00
53934.15,10688.00,-2.80,0.00
53931.27,10688.00,-2.88,0.00
53930.00,10688.00,-1.27,0.00
53930.00,10683.39,0.00,-4.61
53930.00,10678.78,0.00,-4.61
53930.00,10674.17,0.00,-4.61
53930.00,10669.56,0.00,-4.61
53930.00,10664.95,0.00,-4.61
53930.00,10660.34,0.00,-4.61
53930.00,10655.73,0.00,-4.61
53930.00,10651.12,0.00,-4.61
53930.00,10646.51,0.00,-4.61
53930.00,10641.90,0.00,-4.61
53929.92,10637.29,-0.08,-4.61
53929.76,10632.68,-0.16,-4.61
53929.52,10628.07,-0.24,-4.61
53929.20,10623.46,-0.32,-4.61
53928.80,10618.84,-0.40,-4.61
53928.32,10614.23,-0.48,-4.61
53927.77,10610.02,-0.56,-4.21
53927.12,10606.21,-0.64,-3.81
53926.41,10602.80,-0.72,-3.41
53925.61,10599.79,-0.80,-3.01
53924.73,10597.18,-0.88,-2.61
53923.77,10594.97,-0.96,-2.21
53922.73,10593.17,-1.04,-1.81
53921.61,10591.75,-1.12,-1.41
53920.41,10590.75,-1.20,-1.01
53919.12,10590.13,-1.28,-0.61
53917.77,10589.92,-1.36,-0.21
53916.32,10590.12,-1.44,0.19
53914.80,10590.71,-1.52,0.59
53913.20,10591.70,-1.60,0.99
53911.52,10592.00,-1.68,0.30
53909.76,10592.00,-1.76,0.00
53907.92,10592.00,-1.84,0.00
53906.00,10592.00,-1.92,0.00
53904.00,10592.00,-2.00,0.00
53901.92,10592.00,-2.08,0.00
53899.76,10592.00,-2.16,0.00
53897.52,10576.00,-2.24,0.00
53895.20,10576.00,-2.32,0.00
53892.80,10576.00,-2.40,0.00
53890.32,10576.00,-2.48,0.00
53887.77,10576.00,-2.56,0.00
53885.12,10576.00,-2.64,0.00
53882.41,10576.00,-2.72,0.00
53882.00,10576.00,-0.41,0.00
53882.00,10576.00,0.00,0.00
53882.00,10571.39,0.00,-4.61
53882.00,10566.78,0.00,-4.61
53882.00,10562.17,0.00,-4.61
53882.00,10557.56,0.00,-4.61
53882.00,10552.95,0.00,-4.61
53882.00,10548.34,0.00,-4.61
53881.92,10543.73,-0.08,-4.61
53881.76,10539.12,-0.16,-4.61
53881.52,10534.51,-0.24,-4.61
53881.20,10529.90,-0.32,-4.61
53880.80,10525.29,-0.40,-4.61
53880.32,10522.01,-0.48,-3.28
53879.77,10522.01,-0.56,0.00
53879.12,10522.41,-0.64,0.40
53878.41,10523.21,-0.72,0.80
53877.61,10524.41,-0.80,1.20
53876.73,10526.01,-0.88,1.60
53875.77,10528.01,-0.96,2.00
53874.73,10530.41,-1.04,2.40
53873.61,10533.21,-1.12,2.80
53872.41,10536.41,-1.20,3.20
53871.12,10540.01,-1.28,3.60
53869.77,10544.00,-1.36,3.99
53868.32,10544.00,-1.44,0.00
53866.80,10544.00,-1.52,0.00
53865.20,10528.00,-1.60,0.00
53863.52,10528.00,-1.68,0.00
53861.76,10528.00,-1.76,0.00
53859.92,10528.00,-1.84,0.00
53858.00,10528.00,-1.92,0.00
53856.00,10528.00,-2.00,0.00
53853.92,10528.00,-2.08,0.00
53851.76,10528.00,-2.16,0.00
53850.00,10528.00,-1.76,0.00
53850.00,10528.00,0.00,0.00
53850.00,10528.00,0.00,0.00
53850.00,10528.00,0.00,0.00
53850.00,10528.00,0.00,0.00
53850.00,10528.00,0.00,0.00
53850.00,10528.00,0.00,0.00
53850.00,10528.00,0.00,0.00
53850.00,10528.00,0.00,0.00
53850.00,10528.00,0.00,0.00
53850.00,10528.00,0.00,0.00
53850.00,10528.00,0.00,0.00
53850.00,10528.00,0.00,0.00
53850.00,10528.00,0.00,0.00
53850.00,10528.00,0.00,0.00
53850.00,10528.00,0.00,0.00
53850.00,10528.00,0.00,0.00
53850.00,10528.00,0.00,0.00
53850.00,10528.00,0.00,0.00
53850.00,10528.00,0.00,0.00
53850.00,10528.00,0.00,0.00
53850.00,10528.00,0.00,0.00
53850.00,10523.39,0.00,-4.61
53850.00,10518.78,0.00,-4.61
53850.00,10514.17,0.00,-4.61
53850.00,10509.56,0.00,-4.61
53850.00,10504.95,0.00,-4.61
53850.00,10500.34,0.00,-4.61
53849.92,10495.73,-0.08,-4.61
53849.76,10491.12,-0.16,-4.61
53849.52,10486.51,-0.24,-4.61
53849.20,10482.30,-0.32,-4.21
53848.80,10478.49,-0.40,-3.81
53848.32,10475.08,-0.48,-3.41
53847.77,10472.07,-0.56,-3.01
53847.12,10469.46,-0.64,-2.61
53846.41,10467.25,-0.72,-2.21
53845.61,10465.44,-0.80,-1.81
53844.73,10464.03,-0.88,-1.41
53843.77,10463.02,-0.96,-1.01
53842.73,10462.41,-1.04,-0.61
53841.61,10462.20,-1.12,-0.21
53840.41,10462.39,-1.20,0.19
53839.12,10462.98,-1.28,0.59
53837.77,10463.97,-1.36,0.99
53836.32,10465.36,-1.44,1.39
53834.80,10467.15,-1.52,1.79
53833.20,10469.34,-1.60,2.19
53831.52,10471.93,-1.68,2.59
53829.76,10474.92,-1.76,2.99
53827.92,10478.31,-1.84,3.39
53826.00,10482.10,-1.92,3.79
53824.00,10486.00,-2.00,0.00
53821.92,10483.92,-2.08,0.00
53819.76,10481.76,-2.16,0.00
53817.52,10480.00,-2.24,0.00
53815.20,10480.00,-2.32,0.00
53812.80,10480.00,-2.40,0.00
53810.32,10480.00,-2.48,0.00
53807.77,10480.00,-2.56,0.00
53805.12,10480.00,-2.64,0.00
53802.41,10480.00,-2.72,0.00
53799.61,10464.00,-2.80,0.00
53796.73,10464.00,-2.88,0.00
53793.77,10464.00,-2.96,0.00
53790.73,10464.00,-3.04,0.00
53787.89,10464.00,-2.84,0.00
53784.96,10462.96,-2.92,0.00
53782.25,10460.25,-2.72,0.00
53779.73,10457.73,-2.52,0.00
53777.41,10455.41,-2.32,0.00
53775.29,10453.29,-2.12,0.00
53773.36,10451.36,-1.92,0.00
53771.72,10449.72,-1.64,0.00
53770.36,10448.36,-1.36,0.00
53769.29,10448.00,-1.08,0.00
53768.48,10448.00,-0.80,0.00
53767.96,10448.00,-0.52,0.00
53767.73,10448.00,-0.24,0.00
53767.77,10448.00,0.04,0.00
53767.77,10448.00,0.00,0.00
53767.77,10448.00,0.00,0.00
53767.77,10448.00,0.00,0.00
53767.77,10448.00,0.00,0.00
53767.77,10448.00,0.00,0.00
53767.77,10448.00,0.00,0.00
53767.77,10448.00,0.00,0.00
53767.77,10448.00,0.00,0.00
53767.77,10448.00,0.00,0.00
53767.77,10448.00,0.00,0.00
53767.77,10448.00,0.00,0.00
53767.77,10448.00,0.00,0.00
53767.77,10448.00,0.00,0.00
53767.77,10448.00,0.00,0.00
53767.77,10448.00,0.00,0.00
53767.77,10448.00,0.00,0.00
53767.77,10448.00,0.00,0.00
53767.77,10448.00,0.00,0.00
53767.77,10448.00,0.00,0.00
53767.84,10448.00,0.08,0.00
53768.00,10448.00,0.16,0.00
53768.24,10448.00,0.24,0.00
53768.56,10448.00,0.32,0.00
53768.96,10448.00,0.40,0.00
53769.44,10448.00,0.48,0.00
53770.00,10448.00,0.56,0.00
53770.64,10448.64,0.64,0.00
53771.36,10449.36,0.72,0.00
53771.88,10449.88,0.52,0.00
53772.20,10450.20,0.32,0.00
53772.32,10450.32,0.12,0.00
53772.32,10450.32,0.00,0.00
53772.32,10450.32,0.00,0.00
53772.32,10450.32,0.00,0.00
53772.32,10450.32,0.00,0.00
53772.32,10450.32,0.00,0.00
53772.32,10450.32,0.00,0.00
53772.32,10450.32,0.00,0.00
53772.32,10450.32,0.00,0.00
53772.40,10450.40,0.08,0.00
53772.56,10450.56,0.16,0.00
53772.80,10450.80,0.24,0.00
53773.12,10451.12,0.32,0.00
53773.52,10451.52,0.40,0.00
53774.00,10452.00,0.48,0.00
53774.55,10452.55,0.56,0.00
53775.20,10453.20,0.64,0.00
53775.91,10453.91,0.72,0.00
53776.71,10454.71,0.80,0.00
53777.59,10455.59,0.88,0.00
53778.55,10456.55,0.96,0.00
53779.59,10457.59,1.04,0.00
53780.71,10458.71,1.12,0.00
53781.91,10459.91,1.20,0.00
53783.20,10461.20,1.28,0.00
53784.55,10461.60,1.36,0.40
53786.00,10462.40,1.44,0.80
53787.52,10463.60,1.52,1.20
53789.12,10464.00,1.60,0.40
53790.80,10464.00,1.68,0.00
53792.56,10464.00,1.76,0.00
53794.40,10464.00,1.84,0.00
53796.32,10464.00,1.92,0.00
53798.32,10464.00,2.00,0.00
53800.40,10464.00,2.08,0.00
53802.56,10480.00,2.16,0.00
53804.80,10480.00,2.24,0.00
53807.12,10480.00,2.32,0.00
53809.52,10480.00,2.40,0.00
53812.00,10480.00,2.48,0.00
53814.28,10480.00,2.28,0.00
53816.36,10480.00,2.08,0.00
53818.23,10480.23,1.88,0.00
53819.91,10481.91,1.68,0.00
53821.39,10483.39,1.48,0.00
53822.68,10484.68,1.28,0.00
53823.75,10485.75,1.08,0.00
53824.63,10486.63,0.88,0.00
53825.31,10487.31,0.68,0.00
53825.79,10487.79,0.48,0.00
53826.07,10488.07,0.28,0.00
53826.15,10488.15,0.08,0.00
53826.15,10488.15,0.00,0.00
53826.15,10488.15,0.00,0.00
53826.15,10488.15,0.00,0.00
53826.15,10488.15,0.00,0.00
53826.15,10488.15,0.00,0.00
53826.15,10488.15,0.00,0.00
53826.15,10488.15,0.00,0.00
53826.15,10488.15,0.00,0.00
53826.15,10488.15,0.00,0.00
53826.15,10488.15,0.00,0.00
53826.15,10488.15,0.00,0.00
53826.15,10488.15,0.00,0.00
53826.15,10488.15,0.00,0.00
53826.15,10488.15,0.00,0.00
53826.15,10488.15,0.00,0.00
53826.15,10488.15,0.00,0.00
53826.15,10488.15,0.00,0.00
53826.15,10488.15,0.00,0.00
53826.15,10488.15,0.00,0.00
53826.15,10488.15,0.00,0.00
53826.15,10488.15,0.00,0.00
53826.15,10488.15,0.00,0.00
53826.15,10488.15,0.00,0.00
53826.15,10488.15,0.00,0.00
53826.15,10488.15,0.00,0.00
53826.15,10488.15,0.00,0.00
53826.15,10488.15,0.00,0.00
53826.15,10488.15,0.00,0.00
53826.15,10488.15,0.00,0.00
53826.15,10488.15,0.00,0.00
53826.15,10488.15,0.00,0.00
53826.15,10488.15,0.00,0.00
53826.15,10488.15,0.00,0.00
53826.15,10488.15,0.00,0.00
53826.15,10488.15,0.00,0.00
53826.15,10488.15,0.00,0.00
53826.15,10488.15,0.00,0.00
53826.15,10488.15,0.00,0.00
53826.15,10488.15,0.00,0.00
53826.15,10488.15,0.00,0.00
53826.15,10488.15,0.00,0.00
53826.15,10488.15,0.00,0.00
53826.15,10488.15,0.00,0.00
53826.15,10488.15,0.00,0.00
53826.15,10488.15,0.00,0.00
53826.15,10488.15,0.00,0.00
53826.15,10488.15,0.00,0.00
53826.15,10488.15,0.00,0.00
53826.15,10488.15,0.00,0.00
53826.15,10488.15,0.00,0.00
53826.15,10488.15,0.00,0.00
53826.15,10488.15,0.00,0.00
53826.15,10488.15,0.00,0.00
53826.15,10488.15,0.00,0.00
53826.15,10488.15,0.00,0.00
53826.15,10488.15,0.00,0.00
53826.15,10488.15,0.00,0.00
53826.15,10488.15,0.00,0.00
53826.15,10488.15,0.00,0.00
53826.15,10488.15,0.00,0.00
53826.15,10488.15,0.00,0.00
53826.15,10488.15,0.00,0.00
53826.15,10488.15,0.00,0.00
53826.15,10488.15,0.00,0.00
53826.15,10488.15,0.00,0.00
53826.15,10488.15,0.00,0.00
53826.15,10488.15,0.00,0.00
53826.15,10488.15,0.00,0.00
53826.15,10488.15,0.00,0.00
53826.15,10488.15,0.00,0.00
53826.15,10488.15,0.00,0.00
53826.15,10488.15,0.00,0.00
53826.15,10488.15,0.00,0.00
53826.15,10488.15,0.00,0.00
53826.15,10488.15,0.00,0.00
53826.15,10488.15,0.00,0.00
53826.15,10488.15,0.00,0.00
53826.15,10488.15,0.00,0.00
53826.15,10488.15,0.00,0.00
53826.15,10488.15,0.00,0.00
53826.15,10488.15,0.00,0.00
53826.15,10488.15,0.00,0.00
53826.15,10488.15,0.00,0.00
53826.15,10488.15,0.00,0.00
53826.15,10488.15,0.00,0.00
53826.15,10488.15,0.00,0.00
53826.15,10488.15,0.00,0.00
53826.15,10488.15,0.00,0.00
53826.15,10488.15,0.00,0.00
53826.15,10488.15,0.00,0.00
53826.15,10488.15,0.00,0.00
53826.15,10488.15,0.00,0.00
53826.15,10488.15,0.00,0.00
53826.15,10488.15,0.00,0.00
53826.15,10488.15,0.00,0.00
53826.15,10488.15,0.00,0.00
53826.15,10488.15,0.00,0.00
53826.15,10488.15,0.00,0.00
53826.15,10488.15,0.00,0.00
53826.15,10488.15,0.00,0.00
53826.15,10488.15,0.00,0.00
53826.15,10488.15,0.00,0.00
53826.15,10488.15,0.00,0.00
53826.15,10488.15,0.00,0.00
53826.15,10488.15,0.00,0.00
53826.15,10488.15,0.00,0.00
53826.15,10488.15,0.00,0.00
53826.15,10488.15,0.00,0.00
53826.15,10488.15,0.00,0.00
53826.15,10488.15,0.00,0.00
53826.15,10488.15,0.00,0.00
53826.15,10488.15,0.00,0.00
53826.15,10488.15,0.00,0.00
53826.23,10488.23,0.08,0.00
53826.39,10488.39,0.16,0.00
53826.63,10488.63,0.24,0.00
53826.95,10488.95,0.32,0.00
53827.35,10489.35,0.40,0.00
53827.83,10489.83,0.48,0.00
53828.39,10490.39,0.56,0.00
53829.03,10491.03,0.64,0.00
53829.75,10491.75,0.72,0.00
53830.55,10492.55,0.80,0.00
53831.15,10492.95,0.60,0.40
53831.65,10493.65,0.50,0.00
53831.95,10493.95,0.30,0.00
53832.05,10494.05,0.10,0.00
53832.05,10494.05,0.00,0.00
53832.05,10494.05,0.00,0.00
53832.05,10494.05,0.00,0.00
53832.05,10494.05,0.00,0.00
53832.05,10494.05,0.00,0.00
53832.05,10494.05,0.00,0.00
53832.05,10494.05,0.00,0.00
53832.05,10494.05,0.00,0.00
53831.97,10493.97,-0.08,0.00
53831.81,10493.81,-0.16,0.00
53831.57,10493.57,-0.24,0.00
53831.25,10493.25,-0.32,0.00
53830.86,10492.86,-0.40,0.00
53830.38,10492.38,-0.48,0.00
53829.82,10491.82,-0.56,0.00
53829.18,10491.18,-0.64,0.00
53828.46,10490.46,-0.72,0.00
53827.66,10489.66,-0.80,0.00
53826.78,10488.78,-0.88,0.00
53825.82,10487.82,-0.96,0.00
53824.78,10486.78,-1.04,0.00
53823.66,10485.66,-1.12,0.00
53822.46,10484.46,-1.20,0.00
53821.18,10483.18,-1.28,0.00
53819.82,10481.82,-1.36,0.00
53818.38,10480.38,-1.44,0.00
53816.86,10480.00,-1.52,0.00
53815.25,10480.00,-1.60,0.00
53813.86,10480.00,-1.40,0.00
53812.66,10480.00,-1.20,0.00
53811.66,10480.00,-1.00,0.00
53810.86,10480.00,-0.80,0.00
53810.25,10480.00,-0.60,0.00
53809.86,10480.00,-0.40,0.00
53809.66,10480.00,-0.20,0.00
53809.66,10480.00,-0.00,0.00
53809.66,10480.00,0.00,0.00
53809.66,10480.00,0.00,0.00
53809.66,10480.00,0.00,0.00
53809.66,10480.00,0.00,0.00
53809.66,10480.00,0.00,0.00
53809.66,10480.00,0.00,0.00
53809.66,10480.00,0.00,0.00
53809.66,10480.00,0.00,0.00
53809.66,10480.00,0.00,0.00
53809.66,10480.00,0.00,0.00
53809.66,10480.00,0.00,0.00
53809.66,10480.00,0.00,0.00
53809.66,10480.00,0.00,0.00
53809.66,10480.00,0.00,0.00
53809.66,10480.00,0.00,0.00
53809.66,10480.00,0.00,0.00
53809.66,10480.00,0.00,0.00
53809.66,10480.00,0.00,0.00
53809.66,10480.00,0.00,0.00
53809.66,10480.00,0.00,0.00
53809.66,10480.00,0.00,0.00
53809.66,10480.00,0.00,0.00
53809.66,10480.00,0.00,0.00
53809.66,10480.00,0.00,0.00
53809.66,10480.00,0.00,0.00
53809.66,10480.00,0.00,0.00
53809.66,10480.00,0.00,0.00
53809.66,10480.00,0.00,0.00
53809.66,10480.00,0.00,0.00
53809.66,10480.00,0.00,0.00
53809.66,10480.00,0.00,0.00
53809.66,10480.00,0.00,0.00
53809.66,10480.00,0.00,0.00
53809.66,10480.00,0.00,0.00
53809.66,10480.00,0.00,0.00
53809.66,10480.00,0.00,0.00
53809.66,10480.00,0.00,0.00
53809.66,10480.00,0.00,0.00
53809.66,10480.00,0.00,0.00
53809.66,10480.00,0.00,0.00
53809.66,10480.00,0.00,0.00
53809.66,10480.00,0.00,0.00
53809.66,10480.00,0.00,0.00
53809.66,10480.00,0.00,0.00
53809.66,10480.00,0.00,0.00
53809.66,10480.00,0.00,0.00
53809.66,10480.00,0.00,0.00
53809.58,10480.00,-0.08,0.00
53809.42,10480.00,-0.16,0.00
53809.18,10480.00,-0.24,0.00
53808.86,10480.00,-0.32,0.00
53808.46,10480.00,-0.40,0.00
53807.98,10480.00,-0.48,0.00
53807.42,10480.00,-0.56,0.00
53806.78,10480.00,-0.64,0.00
53806.06,10480.00,-0.72,0.00
53805.26,10480.00,-0.80,0.00
53804.38,10480.00,-0.88,0.00
53803.42,10480.00,-0.96,0.00
53802.38,10480.00,-1.04,0.00
53801.26,10464.00,-1.12,0.00
53800.06,10464.00,-1.20,0.00
53798.78,10464.00,-1.28,0.00
53797.70,10464.00,-1.08,0.00
53796.82,10464.00,-0.88,0.00
53796.14,10464.00,-0.68,0.00
53795.66,10464.00,-0.48,0.00
53795.38,10464.00,-0.28,0.00
53795.30,10464.00,-0.08,0.00
53795.30,10464.00,0.00,0.00
53795.30,10464.00,0.00,0.00
53795.30,10464.00,0.00,0.00
53795.30,10464.00,0.00,0.00
53795.30,10464.00,0.00,0.00
53795.30,10464.00,0.00,0.00
53795.30,10464.00,0.00,0.00
53795.30,10464.00,0.00,0.00
53795.30,10464.00,0.00,0.00
53795.30,10464.00,0.00,0.00
53795.30,10464.00,0.00,0.00
53795.30,10464.00,0.00,0.00
53795.30,10464.00,0.00,0.00
53795.30,10464.00,0.00,0.00
53795.30,10464.00,0.00,0.00
53795.30,10464.00,0.00,0.00
53795.30,10464.00,0.00,0.00
53795.30,10464.00,0.00,0.00
53795.30,10464.00,0.00,0.00
53795.30,10464.00,0.00,0.00
53795.30,10464.00,0.00,0.00
53795.30,10464.00,0.00,0.00
53795.30,10464.00,0.00,0.00
53795.30,10464.00,0.00,0.00
53795.23,10464.00,-0.08,0.00
53795.07,10464.00,-0.16,0.00
53794.83,10464.00,-0.24,0.00
53794.51,10464.00,-0.32,0.00
53794.11,10464.00,-0.40,0.00
53793.63,10464.00,-0.48,0.00
53793.07,10464.00,-0.56,0.00
53792.43,10464.00,-0.64,0.00
53791.71,10464.00,-0.72,0.00
53790.91,10464.00,-0.80,0.00
53790.03,10464.00,-0.88,0.00
53789.35,10464.00,-0.68,0.00
53788.87,10464.00,-0.48,0.00
53788.59,10464.00,-0.28,0.00
53788.51,10464.00,-0.08,0.00
53788.51,10464.00,0.00,0.00
53788.51,10464.00,0.00,0.00
53788.51,10464.00,0.00,0.00
53788.51,10464.00,0.00,0.00
53788.51,10464.00,0.00,0.00
53788.51,10464.00,0.00,0.00
53788.51,10459.39,0.00,-4.61
53788.51,10454.78,0.00,-4.61
53788.51,10450.17,0.00,-4.61
53788.51,10445.56,0.00,-4.61
53788.51,10440.95,0.00,-4.61
53788.51,10436.34,0.00,-4.61
53788.51,10431.73,0.00,-4.61
53788.51,10427.12,0.00,-4.61
53788.51,10422.51,0.00,-4.61
53788.51,10417.90,0.00,-4.61
53788.51,10413.29,0.00,-4.61
53788.51,10408.68,0.00,-4.61
53788.51,10404.07,0.00,-4.61
53788.51,10399.86,0.00,-4.21
53788.51,10396.05,0.00,-3.81
53788.51,10392.64,0.00,-3.41
53788.51,10389.63,0.00,-3.01
53788.51,10387.02,0.00,-2.61
53788.51,10384.81,0.00,-2.21
53788.51,10383.00,0.00,-1.81
53788.51,10381.59,0.00,-1.41
53788.51,10380.58,0.00,-1.01
53788.51,10379.97,0.00,-0.61
53788.43,10379.76,-0.08,-0.21
53788.27,10379.95,-0.16,0.19
53788.04,10380.54,-0.24,0.59
53787.71,10381.53,-0.32,0.99
53787.32,10382.92,-0.40,1.39
53786.84,10384.71,-0.48,1.79
53786.28,10386.90,-0.56,2.19
53785.64,10389.49,-0.64,2.59
53784.92,10392.48,-0.72,2.99
53784.12,10395.87,-0.80,3.39
53783.42,10399.66,-0.70,3.79
53782.82,10403.85,-0.60,4.19
53782.32,10408.44,-0.50,4.59
53781.92,10413.43,-0.40,4.99
53781.62,10418.82,-0.30,5.39
53781.42,10424.61,-0.20,5.79
53781.32,10430.80,-0.10,6.19
53781.32,10437.39,0.00,6.59
53781.32,10444.38,0.00,6.99
53781.32,10451.77,0.00,7.39
53781.32,10459.32,0.00,0.00
53781.32,10459.32,0.00,0.00
53781.32,10459.32,0.00,0.00
53781.32,10459.32,0.00,0.00
53781.32,10459.32,0.00,0.00
53781.32,10459.32,0.00,0.00
53781.32,10459.32,0.00,0.00
53781.32,10459.32,0.00,0.00
53781.32,10459.32,0.00,0.00
53781.32,10459.32,0.00,0.00
53781.32,10459.32,0.00,0.00
53781.32,10459.32,0.00,0.00
53781.32,10459.32,0.00,0.00
53781.32,10459.32,0.00,0.00
53781.32,10459.32,0.00,0.00
53781.32,10459.32,0.00,0.00
53781.32,10459.32,0.00,0.00
53781.32,10459.32,0.00,0.00
53781.32,10459.32,0.00,0.00
53781.32,10459.32,0.00,0.00
53781.32,10459.32,0.00,0.00
53781.32,10459.32,0.00,0.00
53781.32,10459.32,0.00,0.00
53781.32,10459.32,0.00,0.00
53781.32,10459.32,0.00,0.00
53781.32,10459.32,0.00,0.00
53781.32,10459.32,0.00,0.00
53781.32,10459.32,0.00,0.00
53781.32,10459.32,0.00,0.00
53781.32,10459.32,0.00,0.00
53781.32,10459.32,0.00,0.00
53781.32,10459.32,0.00,0.00
53781.32,10459.32,0.00,0.00
53781.32,10459.32,0.00,0.00
53781.32,10459.32,0.00,0.00
53781.32,10459.32,0.00,0.00
53781.32,10459.32,0.00,0.00
53781.32,10454.71,0.00,-4.61
53781.32,10450.10,0.00,-4.61
53781.32,10445.49,0.00,-4.61
53781.32,10440.88,0.00,-4.61
53781.32,10436.26,0.00,-4.61
53781.32,10431.65,0.00,-4.61
53781.32,10427.04,0.00,-4.61
53781.32,10422.43,0.00,-4.61
53781.32,10417.82,0.00,-4.61
53781.32,10413.21,0.00,-4.61
53781.32,10408.60,0.00,-4.61
53781.32,10403.99,0.00,-4.61
53781.32,10399.38,0.00,-4.61
53781.32,10394.77,0.00,-4.61
53781.32,10390.16,0.00,-4.61
53781.32,10385.55,0.00,-4.61
53781.32,10381.34,0.00,-4.21
53781.32,10377.53,0.00,-3.81
53781.32,10374.12,0.00,-3.41
53781.32,10371.11,0.00,-3.01
53781.32,10368.50,0.00,-2.61
53781.32,10366.29,0.00,-2.21
53781.32,10364.48,0.00,-1.81
53781.32,10363.07,0.00,-1.41
53781.32,10362.06,0.00,-1.01
53781.32,10361.45,0.00,-0.61
53781.32,10361.24,0.00,-0.21
53781.32,10361.43,0.00,0.19
53781.32,10362.02,0.00,0.59
53781.32,10357.41,0.00,-4.61
53781.32,10352.80,0.00,-4.61
53781.32,10348.19,0.00,-4.61
53781.32,10343.58,0.00,-4.61
53781.32,10338.97,0.00,-4.61
53781.32,10334.36,0.00,-4.61
53781.32,10329.75,0.00,-4.61
53781.32,10325.14,0.00,-4.61
53781.32,10320.53,0.00,-4.61
53781.32,10315.92,0.00,-4.61
53781.32,10311.31,0.00,-4.61
53781.32,10306.70,0.00,-4.61
53781.32,10302.49,0.00,-4.21
53781.32,10298.68,0.00,-3.81
53781.32,10295.27,0.00,-3.41
53781.24,10292.26,-0.08,-3.01
53781.08,10289.65,-0.16,-2.61
53780.84,10287.44,-0.24,-2.21
53780.52,10285.63,-0.32,-1.81
53780.30,10284.22,-0.22,-1.41
53780.36,10283.21,0.06,-1.01
53780.50,10282.60,0.14,-0.61
53780.72,10282.39,0.22,-0.21
53781.02,10282.58,0.30,0.19
53781.40,10283.17,0.38,0.59
53781.86,10284.16,0.46,0.99
53782.40,10285.55,0.54,1.39
53783.02,10287.34,0.62,1.79
53783.72,10288.00,0.70,0.66
53784.50,10288.00,0.78,0.00
53785.36,10288.00,0.86,0.00
53786.30,10288.00,0.94,0.00
53787.32,10288.00,1.02,0.00
53788.42,10288.00,1.10,0.00
53789.60,10288.00,1.18,0.00
53790.86,10288.00,1.26,0.00
53792.20,10288.00,1.34,0.00
53793.62,10288.00,1.42,0.00
53795.12,10288.00,1.50,0.00
53796.70,10288.00,1.58,0.00
53798.36,10288.00,1.66,0.00
53800.10,10288.00,1.74,0.00
53801.92,10288.00,1.82,0.00
53803.82,10288.00,1.90,0.00
53805.80,10288.00,1.98,0.00
53807.86,10288.00,2.06,0.00
53810.00,10288.00,2.14,0.00
53812.22,10288.00,2.22,0.00
53814.52,10288.00,2.30,0.00
53816.90,10288.00,2.38,0.00
53819.36,10288.00,2.46,0.00
53821.90,10288.00,2.54,0.00
53824.52,10288.00,2.62,0.00
53827.22,10288.00,2.70,0.00
53830.00,10288.00,2.78,0.00
53832.86,10288.00,2.86,0.00
53835.80,10288.00,2.94,0.00
53838.82,10288.00,3.02,0.00
53841.64,10288.00,2.82,0.00
53844.54,10288.00,2.90,0.00
53847.52,10288.00,2.98,0.00
53850.58,10288.00,3.06,0.00
53853.44,10288.00,2.86,0.00
53856.38,10288.00,2.94,0.00
53859.40,10288.00,3.02,0.00
53862.22,10287.78,2.82,0.00
53865.12,10284.88,2.90,0.00
53868.10,10281.90,2.98,0.00
53871.16,10278.84,3.06,0.00
53874.02,10275.98,2.86,0.00
53876.96,10273.04,2.94,0.00
53879.98,10272.00,3.02,0.00
53882.80,10272.00,2.82,0.00
53885.70,10272.00,2.90,0.00
53888.68,10272.00,2.98,0.00
53891.73,10272.00,3.06,0.00
53894.59,10272.00,2.86,0.00
53897.54,10272.00,2.94,0.00
53900.55,10272.00,3.02,0.00
53903.38,10272.00,2.82,0.00
53906.27,10272.00,2.90,0.00
53909.25,10272.00,2.98,0.00
53912.31,10272.00,3.06,0.00
53915.17,10272.00,2.86,0.00
53918.11,10272.00,2.94,0.00
53921.13,10272.00,3.02,0.00
53923.95,10272.00,2.82,0.00
53926.85,10271.15,2.90,0.00
53929.83,10268.17,2.98,0.00
53932.89,10265.11,3.06,0.00
53935.75,10262.25,2.86,0.00
53938.69,10259.31,2.94,0.00
53941.71,10256.29,3.02,0.00
53944.53,10256.00,2.82,0.00
53947.43,10256.00,2.90,0.00
53950.41,10256.00,2.98,0.00
53953.47,10256.00,3.06,0.00
53956.33,10256.00,2.86,0.00
53959.27,10254.73,2.94,0.00
53962.29,10251.71,3.02,0.00
53965.11,10248.89,2.82,0.00
53968.01,10245.99,2.90,0.00
53970.99,10243.01,2.98,0.00
53974.05,10239.95,3.06,0.00
53976.91,10237.09,2.86,0.00
53979.85,10234.15,2.94,0.00
53982.87,10231.13,3.02,0.00
53985.69,10228.31,2.82,0.00
53988.59,10225.41,2.90,0.00
53991.57,10224.00,2.98,0.00
53994.62,10224.00,3.06,0.00
53997.48,10224.00,2.86,0.00
54000.43,10224.00,2.94,0.00
54003.45,10224.00,3.02,0.00
54006.27,10216.00,2.82,0.00
54009.16,10216.00,2.90,0.00
54012.14,10216.00,2.98,0.00
54015.20,10216.00,3.06,0.00
54018.06,10216.00,2.86,0.00
54021.00,10216.00,2.94,0.00
54024.02,10208.00,3.02,0.00
54026.84,10208.00,2.82,0.00
54029.74,10208.00,2.90,0.00
54032.72,10208.00,2.98,0.00
54035.78,10208.00,3.06,0.00
54038.64,10207.36,2.86,0.00
54041.58,10204.42,2.94,0.00
54044.60,10199.81,3.02,-4.61
54047.52,10195.20,2.92,-4.61
54050.52,10190.59,3.00,-4.61
54053.60,10185.98,3.08,-4.61
54056.58,10181.37,2.98,-4.61
54059.64,10176.76,3.06,-4.61
54062.60,10172.15,2.96,-4.61
54065.64,10167.54,3.04,-4.61
54068.58,10162.92,2.94,-4.61
54071.60,10158.31,3.02,-4.61
54074.52,10153.70,2.92,-4.61
54077.52,10149.09,3.00,-4.61
54080.60,10144.48,3.08,-4.61
54083.58,10139.87,2.98,-4.61
54086.64,10135.26,3.06,-4.61
54089.60,10130.65,2.96,-4.61
54092.64,10126.44,3.04,-4.21
54095.58,10122.63,2.94,-3.81
54098.60,10119.22,3.02,-3.41
54101.52,10116.21,2.92,-3.01
54104.52,10113.60,3.00,-2.61
54107.60,10111.39,3.08,-2.21
54110.58,10109.58,2.98,-1.81
54113.64,10108.17,3.06,-1.41
54116.60,10107.16,2.96,-1.01
54119.64,10106.55,3.04,-0.61
54122.58,10106.34,2.94,-0.21
54125.60,10106.53,3.02,0.19
54128.52,10107.12,2.92,0.59
54131.52,10108.11,3.00,0.99
54134.60,10103.50,3.08,-4.61
54137.58,10098.89,2.98,-4.61
54140.64,10094.28,3.06,-4.61
54143.60,10089.67,2.96,-4.61
54146.64,10085.06,3.04,-4.61
54149.58,10080.45,2.94,-4.61
54152.60,10075.84,3.02,-4.61
54155.52,10071.23,2.92,-4.61
54158.52,10066.62,3.00,-4.61
54161.60,10062.01,3.08,-4.61
54164.58,10057.40,2.98,-4.61
54167.64,10052.79,3.06,-4.61
54170.60,10048.58,2.96,-4.21
54173.64,10044.77,3.04,-3.81
54176.58,10041.36,2.94,-3.41
54179.60,10038.35,3.02,-3.01
54182.52,10035.74,2.92,-2.61
54185.52,10033.53,3.00,-2.21
54188.60,10031.72,3.08,-1.81
54191.58,10030.31,2.98,-1.41
54194.64,10029.30,3.06,-1.01
54197.60,10028.69,2.96,-0.61
54200.64,10028.48,3.04,-0.21
54203.58,10028.67,2.94,0.19
54206.60,10029.26,3.02,0.59
54209.52,10030.25,2.92,0.99
54212.52,10031.64,3.00,1.39
54215.60,10033.43,3.08,1.79
54218.58,10035.62,2.98,2.19
54221.64,10038.21,3.06,2.59
54224.60,10041.20,2.96,2.99
54227.64,10044.59,3.04,3.39
54230.58,10048.38,2.94,3.79
54233.60,10052.57,3.02,4.19
54236.52,10057.16,2.92,4.59
54239.52,10062.15,3.00,4.99
54242.60,10064.00,3.08,1.85
54245.58,10064.00,2.98,0.00
54248.36,10061.64,2.78,0.00
54250.94,10059.06,2.58,0.00
54253.24,10056.76,2.30,0.00
54255.26,10054.74,2.02,0.00
54257.00,10053.00,1.74,0.00
54258.46,10051.54,1.46,0.00
54259.64,10050.36,1.18,0.00
54260.54,10049.46,0.90,0.00
54261.16,10048.84,0.62,0.00
54261.50,10044.23,0.34,-4.61
54261.56,10039.62,0.06,-4.61
54261.54,10035.01,-0.02,-4.61
54261.44,10030.40,-0.10,-4.61
54261.26,10025.79,-0.18,-4.61
54261.00,10021.18,-0.26,-4.61
54260.66,10016.57,-0.34,-4.61
54260.23,10011.96,-0.42,-4.61
54259.73,10007.35,-0.50,-4.61
54259.16,10002.74,-0.58,-4.61
54258.50,9998.13,-0.66,-4.61
54257.76,9993.52,-0.74,-4.61
54256.94,9988.91,-0.82,-4.61
54256.04,9984.70,-0.90,-4.21
54255.06,9980.89,-0.98,-3.81
54254.00,9977.48,-1.06,-3.41
54252.86,9974.47,-1.14,-3.01
54251.64,9971.86,-1.22,-2.61
54250.34,9969.65,-1.30,-2.21
54248.96,9967.84,-1.38,-1.81
54247.50,9963.23,-1.46,-4.61
54245.96,9958.62,-1.54,-4.61
54244.34,9954.01,-1.62,-4.61
54242.64,9949.40,-1.70,-4.61
54240.86,9944.78,-1.78,-4.61
54239.00,9940.17,-1.86,-4.61
54237.06,9935.56,-1.94,-4.61
54235.04,9930.95,-2.02,-4.61
54232.94,9926.34,-2.10,-4.61
54230.76,9921.73,-2.18,-4.61
54228.50,9917.12,-2.26,-4.61
54226.16,9912.51,-2.34,-4.61
54223.73,9908.30,-2.42,-4.21
54221.23,9904.49,-2.50,-3.81
54218.66,9901.08,-2.58,-3.41
54216.00,9898.07,-2.66,-3.01
54213.26,9895.46,-2.74,-2.61
54210.44,9893.25,-2.82,-2.21
54207.54,9891.44,-2.90,-1.81
54204.56,9890.03,-2.98,-1.41
54201.50,9889.02,-3.06,-1.01
54198.54,9888.41,-2.96,-0.61
54195.50,9888.20,-3.04,-0.21
54192.56,9888.39,-2.94,0.19
54189.54,9888.98,-3.02,0.59
54186.62,9889.97,-2.92,0.99
54183.62,9885.62,-3.00,0.00
54180.82,9882.82,-2.80,0.00
54177.94,9879.94,-2.88,0.00
54174.98,9876.98,-2.96,0.00
54172.21,9874.22,-2.76,0.00
54169.66,9871.66,-2.56,0.00
54167.30,9869.30,-2.36,0.00
54165.14,9867.14,-2.16,0.00
54163.18,9865.18,-1.96,0.00
54161.41,9863.41,-1.76,0.00
54159.86,9861.86,-1.56,0.00
54158.50,9860.50,-1.36,0.00
54157.34,9859.34,-1.16,0.00
54156.38,9858.38,-0.96,0.00
54155.61,9857.61,-0.76,0.00
54155.05,9857.06,-0.56,0.00
54154.77,9856.77,-0.28,0.00
54154.77,9856.77,-0.00,0.00
54154.85,9856.85,0.08,0.00
54155.01,9857.01,0.16,0.00
54155.25,9857.25,0.24,0.00
54155.57,9857.57,0.32,0.00
54155.97,9857.97,0.40,0.00
54156.45,9858.45,0.48,0.00
54157.01,9859.01,0.56,0.00
54154.00,9855.51,-3.01,-3.50
54154.00,9852.41,0.00,-3.10
54154.08,9850.01,0.08,-2.40
54154.24,9850.01,0.16,0.00
54154.48,9850.41,0.24,0.40
54154.80,9851.21,0.32,0.80
54155.20,9852.41,0.40,1.20
54155.68,9854.01,0.48,1.60
54156.05,9856.01,0.38,2.00
54156.34,9858.34,0.28,0.00
54156.41,9858.41,0.08,0.00
54156.41,9858.41,0.00,0.00
54156.41,9858.41,0.00,0.00
54156.41,9858.41,0.00,0.00
54156.41,9858.41,0.00,0.00
54156.41,9858.41,0.00,0.00
54156.41,9858.41,0.00,0.00
54156.41,9858.41,0.00,0.00
54156.41,9858.41,0.00,0.00
54156.41,9858.41,0.00,0.00
54156.41,9858.41,0.00,0.00
54156.41,9858.41,0.00,0.00
54156.41,9858.41,0.00,0.00
54156.41,9858.41,0.00,0.00
54156.41,9858.41,0.00,0.00
54156.41,9858.41,0.00,0.00
54156.41,9858.41,0.00,0.00
54156.41,9858.41,0.00,0.00
54156.41,9858.41,0.00,0.00
54156.41,9858.41,0.00,0.00
54156.41,9858.41,0.00,0.00
54156.41,9858.41,0.00,0.00
54156.41,9858.41,0.00,0.00
54156.41,9858.41,0.00,0.00
54156.41,9858.41,0.00,0.00
54156.41,9858.41,0.00,0.00
54156.41,9858.41,0.00,0.00
54156.49,9858.49,0.08,0.00
54156.65,9858.65,0.16,0.00
54156.89,9858.89,0.24,0.00
54157.21,9859.21,0.32,0.00
54157.61,9859.61,0.40,0.00
54158.09,9860.09,0.48,0.00
54158.65,9860.65,0.56,0.00
54159.29,9861.29,0.64,0.00
54160.01,9862.01,0.72,0.00
54160.81,9862.81,0.80,0.00
54161.69,9863.69,0.88,0.00
54162.65,9864.65,0.96,0.00
54163.69,9865.69,1.04,0.00
54164.81,9866.81,1.12,0.00
54166.01,9868.01,1.20,0.00
54167.29,9869.29,1.28,0.00
54168.65,9870.65,1.36,0.00
54170.09,9872.09,1.44,0.00
54171.61,9873.61,1.52,0.00
54173.21,9875.21,1.60,0.00
54174.89,9876.89,1.68,0.00
54176.65,9878.65,1.76,0.00
54178.49,9880.49,1.84,0.00
54180.41,9882.41,1.92,0.00
54182.41,9884.41,2.00,0.00
54184.49,9884.81,2.08,0.40
54186.65,9885.61,2.16,0.80
54188.71,9886.81,2.06,1.20
54190.67,9888.41,1.96,1.60
54192.53,9890.41,1.86,2.00
54194.29,9892.81,1.76,2.40
54195.95,9895.61,1.66,2.80
54197.51,9896.00,1.56,0.39
54198.97,9896.00,1.46,0.00
54200.23,9896.00,1.26,0.00
54201.29,9896.00,1.06,0.00
54202.15,9896.40,0.86,0.40
54202.91,9897.20,0.76,0.80
54203.57,9898.40,0.66,1.20
54204.13,9900.00,0.56,1.60
54204.77,9902.00,0.64,2.00
54205.49,9904.40,0.72,2.40
54206.29,9907.20,0.80,2.80
54207.17,9910.40,0.88,3.20
54208.13,9914.00,0.96,3.60
54209.17,9918.00,1.04,4.00
54210.29,9922.40,1.12,4.40
54211.49,9927.20,1.20,4.80
54212.77,9930.77,1.28,0.00
54214.13,9932.13,1.36,0.00
54215.57,9932.53,1.44,0.40
54217.09,9933.33,1.52,0.80
54218.70,9934.53,1.60,1.20
54220.38,9936.00,1.68,1.47
54222.14,9936.00,1.76,0.00
54223.98,9936.00,1.84,0.00
54225.90,9936.00,1.92,0.00
54227.90,9936.00,2.00,0.00
54229.98,9936.00,2.08,0.00
54232.14,9936.00,2.16,0.00
54234.38,9936.40,2.24,0.40
54236.70,9937.20,2.32,0.80
54238.91,9938.40,2.22,1.20
54241.04,9940.00,2.12,1.60
54243.05,9942.00,2.02,2.00
54244.98,9944.40,1.92,2.40
54246.80,9947.20,1.82,2.80
54248.52,9950.40,1.72,3.20
54250.14,9954.00,1.62,3.60
54251.66,9958.00,1.52,4.00
54253.08,9962.40,1.42,4.40
54254.40,9967.20,1.32,4.80
54255.62,9972.40,1.22,5.20
54256.74,9978.00,1.12,5.60
54257.58,9984.00,0.84,6.00
54258.14,9990.40,0.56,6.40
54258.42,9997.20,0.28,6.80
54258.42,10004.40,0.00,7.20
54258.34,10012.00,-0.08,7.60
54258.18,10020.00,-0.16,8.00
54257.94,10028.40,-0.24,8.40
54257.62,10037.20,-0.32,8.80
54257.22,10046.40,-0.40,9.20
54256.74,10053.26,-0.48,0.00
54256.18,10053.82,-0.56,0.00
54255.82,10054.18,-0.36,0.00
54255.66,10054.34,-0.16,0.00
54255.66,10054.34,0.00,0.00
54255.66,10054.34,0.00,0.00
54255.74,10054.26,0.08,0.00
54255.90,10054.10,0.16,0.00
54256.14,10053.86,0.24,0.00
54256.46,10053.54,0.32,0.00
54256.86,10053.14,0.40,0.00
54257.34,10052.66,0.48,0.00
54257.90,10052.10,0.56,0.00
54258.54,10051.46,0.64,0.00
54259.26,10050.74,0.72,0.00
54260.06,10049.94,0.80,0.00
54260.66,10049.34,0.60,0.00
54261.06,10048.94,0.40,0.00
54261.26,10048.74,0.20,0.00
54261.26,10048.74,0.00,0.00
54261.26,10048.74,0.00,0.00
54261.26,10048.74,0.00,0.00
54261.26,10048.74,0.00,0.00
54261.26,10048.74,0.00,0.00
54261.26,10048.74,0.00,0.00
54261.26,10048.74,0.00,0.00
54261.34,10048.66,0.08,0.00
54261.50,10048.50,0.16,0.00
54261.73,10048.27,0.24,0.00
54262.05,10048.00,0.32,0.00
54262.45,10048.00,0.40,0.00
54262.93,10048.00,0.48,0.00
54263.49,10048.00,0.56,0.00
54264.13,10048.00,0.64,0.00
54264.85,10048.00,0.72,0.00
54265.65,10048.00,0.80,0.00
54266.53,10048.00,0.88,0.00
54267.49,10048.00,0.96,0.00
54268.53,10048.00,1.04,0.00
54269.65,10048.00,1.12,0.00
54270.85,10048.00,1.20,0.00
54272.13,10048.00,1.28,0.00
54273.49,10048.00,1.36,0.00
54274.93,10048.00,1.44,0.00
54276.45,10048.00,1.52,0.00
54277.77,10048.00,1.32,0.00
54278.89,10048.00,1.12,0.00
54279.82,10048.00,0.92,0.00
54280.54,10048.00,0.72,0.00
54281.05,10048.00,0.52,0.00
54281.38,10048.00,0.32,0.00
54281.50,10048.00,0.12,0.00
54281.50,10048.00,0.00,0.00
54281.50,10048.00,0.00,0.00
54281.50,10048.00,0.00,0.00
54281.50,10048.00,0.00,0.00
54281.50,10048.00,0.00,0.00
54281.50,10048.00,0.00,0.00
54281.50,10048.00,0.00,0.00
54281.50,10048.00,0.00,0.00
54281.50,10048.00,0.00,0.00
54281.50,10048.00,0.00,0.00
54281.50,10048.00,0.00,0.00
54281.50,10048.00,0.00,0.00
54281.50,10048.00,0.00,0.00
54281.50,10048.00,0.00,0.00
54281.50,10048.00,0.00,0.00
54281.50,10048.00,0.00,0.00
54281.50,10048.00,0.00,0.00
54281.50,10048.00,0.00,0.00
54281.50,10048.00,0.00,0.00
54281.50,10048.00,0.00,0.00
54281.50,10048.00,0.00,0.00
54281.50,10048.00,0.00,0.00
54281.50,10048.00,0.00,0.00
54281.50,10048.00,0.00,0.00
54281.50,10048.00,0.00,0.00
54281.50,10048.00,0.00,0.00
54281.57,10048.00,0.08,0.00
54281.73,10048.00,0.16,0.00
54281.97,10048.00,0.24,0.00
54282.29,10048.00,0.32,0.00
54282.69,10048.00,0.40,0.00
54283.17,10048.00,0.48,0.00
54283.73,10048.00,0.56,0.00
54284.37,10048.00,0.64,0.00
54285.09,10048.00,0.72,0.00
54280.59,10044.50,-4.50,-3.50
54276.37,10041.40,-4.22,-3.10
54272.43,10038.70,-3.94,-2.70
54268.77,10036.40,-3.66,-2.30
54265.39,10034.50,-3.38,-1.90
54262.29,10033.00,-3.10,-1.50
54259.47,10031.90,-2.82,-1.10
54256.93,10031.20,-2.54,-0.70
54254.67,10030.90,-2.26,-0.30
54252.51,10031.00,-2.16,0.10
54250.45,10031.50,-2.06,0.50
54248.49,10032.40,-1.96,0.90
54246.63,10033.70,-1.86,1.30
54244.87,10035.40,-1.76,1.70
54243.21,10037.50,-1.66,2.10
54241.65,10040.00,-1.56,2.50
54240.19,10042.90,-1.46,2.90
54238.83,10046.20,-1.36,3.30
54237.57,10049.90,-1.26,3.70
54236.41,10054.00,-1.16,4.10
54235.35,10058.50,-1.06,4.50
54234.39,10063.40,-0.96,4.90
54233.53,10064.00,-0.86,0.60
54232.77,10064.00,-0.76,0.00
54232.29,10064.00,-0.48,0.00
54232.09,10064.00,-0.20,0.00
54232.16,10064.00,0.08,0.00
54232.32,10064.00,0.16,0.00
54232.56,10064.00,0.24,0.00
54232.88,10064.00,0.32,0.00
54233.28,10064.00,0.40,0.00
54233.76,10064.00,0.48,0.00
54234.32,10064.00,0.56,0.00
54234.96,10064.00,0.64,0.00
54235.68,10064.00,0.72,0.00
54236.48,10064.00,0.80,0.00
54237.36,10064.00,0.88,0.00
54238.32,10064.00,0.96,0.00
54239.36,10064.00,1.04,0.00
54240.20,10064.00,0.84,0.00
54240.84,10064.00,0.64,0.00
54241.28,10064.00,0.44,0.00
54241.52,10064.00,0.24,0.00
54241.56,10064.00,0.04,0.00
54241.56,10064.00,0.00,0.00
54241.56,10064.00,0.00,0.00
54241.56,10064.00,0.00,0.00
54241.56,10064.00,0.00,0.00
54241.48,10064.00,-0.08,0.00
54241.32,10064.00,-0.16,0.00
54241.08,10064.00,-0.24,0.00
54240.76,10064.00,-0.32,0.00
54240.36,10064.00,-0.40,0.00
54239.88,10064.00,-0.48,0.00
54239.32,10064.00,-0.56,0.00
54238.68,10064.00,-0.64,0.00
54237.96,10064.00,-0.72,0.00
54237.16,10064.00,-0.80,0.00
54236.29,10064.00,-0.88,0.00
54235.32,10064.00,-0.96,0.00
54234.29,10064.00,-1.04,0.00
54233.16,10064.00,-1.12,0.00
54231.96,10064.00,-1.20,0.00
54230.68,10064.00,-1.28,0.00
54229.32,10080.40,-1.36,0.40
54227.88,10081.20,-1.44,0.80
54226.36,10082.40,-1.52,1.20
54224.76,10084.00,-1.60,1.60
54223.08,10086.00,-1.68,2.00
54221.32,10088.40,-1.76,2.40
54219.66,10090.34,-1.66,0.00
54218.20,10091.80,-1.46,0.00
54216.94,10093.06,-1.26,0.00
54215.88,10093.46,-1.06,0.40
54214.92,10094.26,-0.96,0.80
54214.06,10095.46,-0.86,1.20
54213.30,10097.06,-0.76,1.60
54212.64,10099.06,-0.66,2.00
54212.08,10101.46,-0.56,2.40
54211.62,10104.26,-0.46,2.80
54211.26,10107.46,-0.36,3.20
54211.00,10111.06,-0.26,3.60
54210.84,10115.06,-0.16,4.00
54210.78,10119.46,-0.06,4.40
54210.78,10124.26,0.00,4.80
54210.70,10129.46,-0.08,5.20
54210.54,10135.06,-0.16,5.60
54210.30,10141.06,-0.24,6.00
54209.98,10147.46,-0.32,6.40
54209.58,10154.26,-0.40,6.80
54209.10,10160.00,-0.48,5.74
54208.54,10160.00,-0.56,0.00
54207.90,10160.00,-0.64,0.00
54207.18,10160.00,-0.72,0.00
54206.38,10160.00,-0.80,0.00
54205.50,10160.00,-0.88,0.00
54204.54,10160.00,-0.96,0.00
54203.50,10160.00,-1.04,0.00
54202.38,10160.00,-1.12,0.00
54201.18,10160.00,-1.20,0.00
54199.90,10160.00,-1.28,0.00
54198.54,10160.00,-1.36,0.00
54197.10,10176.00,-1.44,0.00
54195.58,10176.00,-1.52,0.00
54193.98,10176.00,-1.60,0.00
54192.30,10176.00,-1.68,0.00
54190.54,10176.00,-1.76,0.00
54188.70,10176.00,-1.84,0.00
54187.06,10176.00,-1.64,0.00
54185.62,10176.00,-1.44,0.00
54184.38,10176.00,-1.24,0.00
54183.34,10176.00,-1.04,0.00
54182.50,10176.00,-0.84,0.00
54181.86,10192.00,-0.64,0.00
54181.42,10192.00,-0.44,0.00
54181.18,10192.00,-0.24,0.00
54181.14,10192.00,-0.04,0.00
54181.14,10192.00,0.00,0.00
54181.14,10192.00,0.00,0.00
54181.14,10192.00,0.00,0.00
54181.14,10192.00,0.00,0.00
54181.14,10192.00,0.00,0.00
54181.14,10192.00,0.00,0.00
54181.06,10192.00,-0.08,0.00
54180.90,10192.00,-0.16,0.00
54180.66,10192.00,-0.24,0.00
54180.34,10192.00,-0.32,0.00
54179.95,10192.00,-0.40,0.00
54179.46,10192.00,-0.48,0.00
54178.91,10192.00,-0.56,0.00
54178.27,10192.00,-0.64,0.00
54177.55,10192.00,-0.72,0.00
54176.75,10192.00,-0.80,0.00
54175.87,10192.00,-0.88,0.00
54174.91,10192.00,-0.96,0.00
54173.87,10192.00,-1.04,0.00
54172.75,10192.00,-1.12,0.00
54171.55,10192.00,-1.20,0.00
54170.27,10192.00,-1.28,0.00
54168.91,10192.00,-1.36,0.00
54167.46,10192.00,-1.44,0.00
54165.95,10208.00,-1.52,0.00
54164.34,10208.00,-1.60,0.00
54162.66,10208.00,-1.68,0.00
54160.90,10208.00,-1.76,0.00
54159.06,10208.00,-1.84,0.00
54157.14,10208.00,-1.92,0.00
54155.14,10208.00,-2.00,0.00
54153.06,10208.00,-2.08,0.00
54150.90,10208.00,-2.16,0.00
54148.66,10224.00,-2.24,0.00
54146.34,10224.00,-2.32,0.00
54143.95,10224.00,-2.40,0.00
54141.46,10224.00,-2.48,0.00
54138.91,10224.00,-2.56,0.00
54136.27,10216.00,-2.64,0.00
54133.55,10216.00,-2.72,0.00
54131.03,10216.00,-2.52,0.00
54128.71,10216.00,-2.32,0.00
54126.59,10216.00,-2.12,0.00
54124.66,10216.00,-1.92,0.00
54122.95,10216.00,-1.72,0.00
54121.50,10208.00,-1.44,0.00
54120.34,10208.00,-1.16,0.00
54119.46,10208.00,-0.88,0.00
54118.86,10208.00,-0.60,0.00
54118.54,10208.00,-0.32,0.00
54118.50,10208.00,-0.04,0.00
54118.54,10208.00,0.04,0.00
54118.66,10208.00,0.12,0.00
54118.86,10208.00,0.20,0.00
54119.14,10208.00,0.28,0.00
54119.50,10208.00,0.36,0.00
54119.95,10208.00,0.44,0.00
54120.46,10208.00,0.52,0.00
54121.07,10208.00,0.60,0.00
54121.75,10208.00,0.68,0.00
54122.51,10216.00,0.76,0.00
54123.35,10216.00,0.84,0.00
54124.27,10211.39,0.92,-4.61
54125.27,10206.78,1.00,-4.61
54126.35,10202.17,1.08,-4.61
54127.51,10197.56,1.16,-4.61
54128.75,10192.95,1.24,-4.61
54130.07,10188.34,1.32,-4.61
54131.46,10183.73,1.40,-4.61
54132.95,10179.12,1.48,-4.61
54134.50,10174.51,1.56,-4.61
54136.14,10169.90,1.64,-4.61
54137.86,10165.29,1.72,-4.61
54139.66,10160.68,1.80,-4.61
54141.54,10156.07,1.88,-4.61
54143.50,10151.46,1.96,-4.61
54145.54,10146.84,2.04,-4.61
54147.66,10142.23,2.12,-4.61
54149.86,10138.02,2.20,-4.21
54152.14,10134.21,2.28,-3.81
54154.50,10130.80,2.36,-3.41
54156.95,10127.79,2.44,-3.01
54159.46,10125.18,2.52,-2.61
54162.07,10120.57,2.60,-4.61
54164.75,10115.96,2.68,-4.61
54167.51,10111.35,2.76,-4.61
54170.35,10106.74,2.84,-4.61
54173.27,10102.13,2.92,-4.61
54176.27,10097.52,3.00,-4.61
54179.17,10092.91,2.90,-4.61
54182.15,10088.30,2.98,-4.61
54185.21,10083.69,3.06,-4.61
54188.17,10079.08,2.96,-4.61
54191.21,10074.47,3.04,-4.61
54194.15,10070.26,2.94,-4.21
54197.17,10066.45,3.02,-3.81
54200.09,10063.04,2.92,-3.41
54203.09,10060.03,3.00,-3.01
54205.99,10057.42,2.90,-2.61
54208.97,10055.21,2.98,-2.21
54212.03,10053.40,3.06,-1.81
54214.99,10051.99,2.96,-1.41
54218.03,10050.98,3.04,-1.01
54220.97,10050.37,2.94,-0.61
54223.99,10050.16,3.02,-0.21
54226.91,10050.35,2.92,0.19
54229.91,10050.94,3.00,0.59
54232.81,10051.93,2.90,0.99
54235.79,10053.32,2.98,1.39
54238.85,10055.11,3.06,1.79
54241.81,10057.30,2.96,2.19
54244.85,10059.89,3.04,2.59
54247.79,10062.21,2.94,0.00
54250.81,10059.19,3.02,0.00
54253.63,10056.37,2.82,0.00
54256.53,10053.47,2.90,0.00
54259.51,10050.49,2.98,0.00
54262.57,10048.00,3.06,0.00
54265.43,10048.00,2.86,0.00
54268.37,10048.00,2.94,0.00
54271.39,10048.00,3.02,0.00
54274.21,10048.00,2.82,0.00
54277.11,10043.39,2.90,-4.61
54280.09,10038.78,2.98,-4.61
54282.79,10034.17,2.70,-4.61
54285.21,10029.56,2.42,-4.61
54287.35,10024.95,2.14,-4.61
54289.21,10020.34,1.86,-4.61
54290.79,10015.73,1.58,-4.61
54292.09,10011.12,1.30,-4.61
54293.11,10006.51,1.02,-4.61
54293.84,10001.90,0.74,-4.61
54294.30,9997.29,0.46,-4.61
54294.48,9992.68,0.18,-4.61
54294.59,9988.07,0.10,-4.61
54294.61,9983.46,0.02,-4.61
54294.55,9978.85,-0.06,-4.61
54294.41,9974.64,-0.14,-4.21
54294.19,9970.83,-0.22,-3.81
54293.89,9967.42,-0.30,-3.41
54293.51,9964.41,-0.38,-3.01
54293.05,9961.80,-0.46,-2.61
54292.51,9959.59,-0.54,-2.21
54291.89,9957.78,-0.62,-1.81
54291.19,9956.37,-0.70,-1.41
54290.41,9955.36,-0.78,-1.01
54289.55,9954.75,-0.86,-0.61
54288.61,9954.54,-0.94,-0.21
54287.59,9954.73,-1.02,0.19
54286.48,9955.32,-1.10,0.59
54285.30,9956.31,-1.18,0.99
54284.04,9957.70,-1.26,1.39
54282.70,9953.09,-1.34,-4.61
54281.28,9948.48,-1.42,-4.61
54279.78,9943.86,-1.50,-4.61
54278.20,9939.25,-1.58,-4.61
54276.54,9934.64,-1.66,-4.61
54274.80,9930.03,-1.74,-4.61
54272.98,9925.42,-1.82,-4.61
54271.09,9920.81,-1.90,-4.61
54269.11,9916.20,-1.98,-4.61
54267.05,9911.59,-2.06,-4.61
54264.91,9906.98,-2.14,-4.61
54262.69,9902.37,-2.22,-4.61
54260.39,9898.16,-2.30,-4.21
54258.01,9894.35,-2.38,-3.81
54255.55,9890.94,-2.46,-3.41
54253.01,9887.93,-2.54,-3.01
54250.39,9885.32,-2.62,-2.61
54247.69,9883.11,-2.70,-2.21
54244.91,9881.30,-2.78,-1.81
54242.05,9879.89,-2.86,-1.41
54239.11,9878.88,-2.94,-1.01
54236.09,9878.27,-3.02,-0.61
54233.16,9878.06,-2.92,-0.21
54230.16,9878.25,-3.00,0.19
54227.27,9878.84,-2.90,0.59
54224.29,9879.83,-2.98,0.99
54221.23,9881.22,-3.06,1.39
54218.27,9883.01,-2.96,1.79
54215.23,9885.20,-3.04,2.19
54212.29,9887.79,-2.94,2.59
54209.45,9890.78,-2.84,2.99
54206.71,9894.17,-2.74,3.39
54204.07,9897.96,-2.64,3.79
54201.53,9896.00,-2.54,0.00
54199.19,9896.00,-2.34,0.00
54197.05,9896.00,-2.14,0.00
54195.19,9896.00,-1.86,0.00
54193.61,9896.00,-1.58,0.00
54192.31,9896.00,-1.30,0.00
54191.29,9896.00,-1.02,0.00
54190.55,9896.00,-0.74,0.00
54190.09,9896.00,-0.46,0.00
54189.91,9896.00,-0.18,0.00
54189.81,9896.00,-0.10,0.00
54189.79,9896.00,-0.02,0.00
54189.85,9896.00,0.06,0.00
54189.99,9896.00,0.14,0.00
54190.21,9896.00,0.22,0.00
54190.51,9896.00,0.30,0.00
54190.89,9896.00,0.38,0.00
54191.35,9896.00,0.46,0.00
54191.89,9891.39,0.54,-4.61
54192.51,9886.78,0.62,-4.61
54193.21,9882.17,0.70,-4.61
54193.99,9877.56,0.78,-4.61
54194.85,9872.95,0.86,-4.61
54195.79,9868.34,0.94,-4.61
54196.81,9863.73,1.02,-4.61
54197.91,9859.12,1.10,-4.61
54199.09,9854.51,1.18,-4.61
54200.35,9849.90,1.26,-4.61
54201.69,9845.29,1.34,-4.61
54203.11,9840.68,1.42,-4.61
54204.61,9836.07,1.50,-4.61
54206.19,9831.46,1.58,-4.61
54207.85,9826.85,1.66,-4.61
54209.59,9822.23,1.74,-4.61
54211.41,9818.02,1.82,-4.21
54213.31,9814.22,1.90,-3.81
54215.29,9810.81,1.98,-3.41
54217.35,9807.80,2.06,-3.01
54219.31,9805.19,1.96,-2.61
54220.99,9802.98,1.68,-2.21
54222.39,9801.17,1.40,-1.81
54223.51,9799.76,1.12,-1.41
54224.35,9798.75,0.84,-1.01
54224.91,9798.14,0.56,-0.61
54225.19,9797.93,0.28,-0.21
54225.19,9793.31,-0.00,-4.61
54225.11,9788.70,-0.08,-4.61
54224.95,9784.09,-0.16,-4.61
54224.71,9779.48,-0.24,-4.61
54224.39,9774.87,-0.32,-4.61
54223.99,9770.26,-0.40,-4.61
54223.51,9765.65,-0.48,-4.61
54222.95,9761.04,-0.56,-4.61
54222.31,9756.43,-0.64,-4.61
54221.59,9751.82,-0.72,-4.61
54220.79,9747.21,-0.80,-4.61
54219.91,9742.60,-0.88,-4.61
54218.95,9738.39,-0.96,-4.21
54217.91,9734.58,-1.04,-3.81
54216.79,9731.17,-1.12,-3.41
54215.59,9728.16,-1.20,-3.01
54214.31,9725.55,-1.28,-2.61
54212.95,9723.34,-1.36,-2.21
54211.51,9721.53,-1.44,-1.81
54209.99,9720.12,-1.52,-1.41
54208.39,9719.11,-1.60,-1.01
54206.71,9718.50,-1.68,-0.61
54204.95,9718.29,-1.76,-0.21
54203.11,9718.48,-1.84,0.19
54201.19,9719.07,-1.92,0.59
54199.19,9720.06,-2.00,0.99
54197.11,9721.45,-2.08,1.39
54194.95,9723.24,-2.16,1.79
54192.71,9725.43,-2.24,2.19
54190.39,9728.02,-2.32,2.59
54187.99,9731.01,-2.40,2.99
54185.51,9734.40,-2.48,3.39
54182.95,9738.19,-2.56,3.79
54180.31,9742.38,-2.64,4.19
54177.59,9744.00,-2.72,1.62
54174.79,9744.00,-2.80,0.00
54171.91,9744.00,-2.88,0.00
54168.95,9736.00,-2.96,0.00
54165.91,9736.00,-3.04,0.00
54163.07,9736.00,-2.84,0.00
54160.15,9736.00,-2.92,0.00
54157.15,9736.00,-3.00,0.00
54154.07,9736.00,-3.08,0.00
54151.20,9728.00,-2.88,0.00
54148.23,9728.00,-2.96,0.00
54145.20,9728.00,-3.04,0.00
54142.36,9723.39,-2.84,-4.61
54139.43,9718.78,-2.92,-4.61
54138.00,9714.17,-1.43,-4.61
54136.49,9709.56,-1.51,-4.61
54134.89,9704.95,-1.59,-4.61
54133.22,9700.34,-1.67,-4.61
54131.47,9695.73,-1.75,-4.61
54129.64,9691.12,-1.83,-4.61
54127.72,9686.51,-1.91,-4.61
54125.73,9681.90,-1.99,-4.61
54123.66,9677.29,-2.07,-4.61
54121.50,9672.68,-2.15,-4.61
54119.27,9668.07,-2.23,-4.61
54116.96,9663.46,-2.31,-4.61
54114.56,9659.25,-2.39,-4.21
54112.09,9655.44,-2.47,-3.81
54109.54,9652.03,-2.55,-3.41
54106.90,9649.02,-2.63,-3.01
54104.19,9646.41,-2.71,-2.61
54101.39,9644.20,-2.79,-2.21
54098.52,9642.39,-2.87,-1.81
54095.57,9640.98,-2.95,-1.41
54092.53,9639.97,-3.03,-1.01
54089.60,9639.36,-2.93,-0.61
54086.59,9639.15,-3.01,-0.21
54083.67,9639.34,-2.91,0.19
54080.68,9639.93,-2.99,0.59
54077.61,9640.92,-3.07,0.99
54074.63,9642.31,-2.97,1.39
54071.58,9644.10,-3.05,1.79
54068.62,9646.29,-2.95,2.19
54065.59,9648.88,-3.03,2.59
54062.66,9651.87,-2.93,2.99
54059.64,9655.26,-3.01,3.39
54056.73,9659.05,-2.91,3.79
54053.74,9663.24,-2.99,4.19
54050.66,9667.83,-3.07,4.59
54047.69,9672.82,-2.97,4.99
54044.64,9678.21,-3.05,5.39
54041.68,9684.00,-2.95,5.79
54038.65,9688.00,-3.03,4.00
54035.71,9688.00,-2.93,0.00
54032.70,9688.00,-3.01,0.00
54029.89,9688.00,-2.81,0.00
54027.00,9688.00,-2.89,0.00
54024.02,9680.00,-2.97,0.00
54020.97,9680.00,-3.05,0.00
54018.11,9680.00,-2.85,0.00
54015.18,9680.00,-2.93,0.00
54012.17,9680.00,-3.01,0.00
54009.36,9679.36,-2.81,0.00
54006.46,9676.46,-2.89,0.00
54003.49,9673.49,-2.97,0.00
54000.43,9670.43,-3.05,0.00
53997.58,9667.58,-2.85,0.00
53994.64,9664.65,-2.93,0.00
53991.63,9664.00,-3.01,0.00
53988.82,9664.00,-2.81,0.00
53985.93,9664.00,-2.89,0.00
53982.95,9664.00,-2.97,0.00
53979.90,9664.00,-3.05,0.00
53977.04,9663.04,-2.85,0.00
53974.11,9660.11,-2.93,0.00
53971.10,9657.10,-3.01,0.00
53968.29,9654.29,-2.81,0.00
53965.39,9651.39,-2.89,0.00
53962.42,9648.42,-2.97,0.00
53959.36,9648.00,-3.05,0.00
53956.51,9648.00,-2.85,0.00
53953.57,9648.00,-2.93,0.00
53950.56,9648.00,-3.01,0.00
53947.75,9648.00,-2.81,0.00
53944.86,9646.86,-2.89,0.00
53941.88,9643.88,-2.97,0.00
53938.83,9640.83,-3.05,0.00
53935.97,9637.97,-2.85,0.00
53933.04,9635.04,-2.93,0.00
53930.03,9632.03,-3.01,0.00
53930.00,9632.00,-0.03,0.00
53930.00,9632.00,0.00,0.00
53930.00,9632.00,0.00,0.00
53930.00,9632.00,0.00,0.00
53930.00,9632.00,0.00,0.00
53930.00,9632.00,0.00,0.00
53930.00,9632.00,0.00,0.00
53930.00,9632.00,0.00,0.00
53930.00,9632.00,0.00,0.00
53930.00,9632.00,0.00,0.00
53930.00,9632.00,0.00,0.00
53930.00,9632.00,0.00,0.00
53930.00,9632.00,0.00,0.00
53930.00,9632.00,0.00,0.00
53930.00,9632.00,0.00,0.00
53930.00,9632.00,0.00,0.00
53930.00,9632.00,0.00,0.00
53930.00,9632.00,0.00,0.00
53930.00,9632.00,0.00,0.00
53930.00,9632.00,0.00,0.00
53930.00,9632.00,0.00,0.00
53930.00,9632.00,0.00,0.00
53930.00,9632.00,0.00,0.00
53930.00,9632.00,0.00,0.00
53930.00,9632.00,0.00,0.00
53930.00,9632.00,0.00,0.00
53930.00,9632.00,0.00,0.00
53930.00,9632.00,0.00,0.00
53930.00,9632.00,0.00,0.00
53930.00,9632.00,0.00,0.00
53930.00,9632.00,0.00,0.00
53930.00,9632.00,0.00,0.00
53930.00,9632.00,0.00,0.00
53930.00,9632.00,0.00,0.00
53930.00,9632.00,0.00,0.00
53930.00,9632.00,0.00,0.00
53930.00,9632.00,0.00,0.00
53930.00,9632.00,0.00,0.00
53930.00,9632.00,0.00,0.00
53930.00,9632.00,0.00,0.00
53930.00,9632.00,0.00,0.00
53930.00,9632.00,0.00,0.00
53930.00,9632.00,0.00,0.00
53930.00,9632.00,0.00,0.00
53930.00,9632.00,0.00,0.00
53930.00,9632.00,0.00,0.00
53930.00,9632.00,0.00,0.00
53930.00,9632.00,0.00,0.00
53930.00,9632.00,0.00,0.00
53930.00,9632.00,0.00,0.00
53930.00,9632.00,0.00,0.00
53930.00,9632.00,0.00,0.00
53930.00,9632.00,0.00,0.00
53930.00,9632.00,0.00,0.00
53930.00,9632.00,0.00,0.00
53930.00,9632.00,0.00,0.00
53930.00,9632.00,0.00,0.00
53930.00,9632.00,0.00,0.00
53930.00,9632.00,0.00,0.00
53930.00,9632.00,0.00,0.00
53930.00,9632.00,0.00,0.00
53930.00,9632.00,0.00,0.00
53930.00,9632.00,0.00,0.00
53930.00,9632.00,0.00,0.00
53930.00,9632.00,0.00,0.00
53930.00,9632.00,0.00,0.00
53930.00,9632.00,0.00,0.00
53930.00,9632.00,0.00,0.00
53930.00,9632.00,0.00,0.00
53930.00,9632.00,0.00,0.00
53930.00,9632.00,0.00,0.00
53930.00,9632.00,0.00,0.00
53930.00,9632.00,0.00,0.00
53930.00,9632.00,0.00,0.00
53930.00,9632.00,0.00,0.00
53930.00,9632.00,0.00,0.00
53930.00,9632.00,0.00,0.00
53930.00,9632.00,0.00,0.00
53930.00,9632.00,0.00,0.00
53930.00,9632.00,0.00,0.00
53930.00,9632.00,0.00,0.00
53930.00,9632.00,0.00,0.00
53930.00,9632.00,0.00,0.00
53930.00,9632.00,0.00,0.00
53930.00,9632.00,0.00,0.00
53930.00,9632.00,0.00,0.00
53930.00,9632.00,0.00,0.00
53930.00,9632.00,0.00,0.00
53930.00,9632.00,0.00,0.00
53930.00,9632.00,0.00,0.00
53930.00,9632.00,0.00,0.00
53930.00,9632.00,0.00,0.00
53930.00,9632.00,0.00,0.00
53930.00,9632.00,0.00,0.00
53930.00,9632.00,0.00,0.00
53930.00,9632.00,0.00,0.00
53930.00,9632.00,0.00,0.00
53930.00,9632.00,0.00,0.00
53930.00,9632.00,0.00,0.00
53930.00,9632.00,0.00,0.00
53930.00,9632.00,0.00,0.00
53930.00,9632.00,0.00,0.00
53930.00,9632.00,0.00,0.00
53930.00,9632.00,0.00,0.00
53930.00,9632.00,0.00,0.00
53930.00,9632.00,0.00,0.00
53930.00,9632.00,0.00,0.00
53930.00,9632.00,0.00,0.00
53930.00,9632.00,0.00,0.00
53930.00,9632.00,0.00,0.00
53930.00,9632.00,0.00,0.00
53930.00,9632.00,0.00,0.00
53929.92,9632.00,-0.08,0.00
53929.76,9632.00,-0.16,0.00
53929.52,9632.00,-0.24,0.00
53929.20,9632.00,-0.32,0.00
53928.80,9632.00,-0.40,0.00
53928.32,9632.00,-0.48,0.00
53927.77,9632.00,-0.56,0.00
53927.12,9632.00,-0.64,0.00
53926.41,9632.00,-0.72,0.00
53925.61,9632.00,-0.80,0.00
53924.73,9632.00,-0.88,0.00
53923.77,9632.00,-0.96,0.00
53922.73,9632.00,-1.04,0.00
53921.61,9632.00,-1.12,0.00
53920.41,9632.00,-1.20,0.00
53919.12,9632.00,-1.28,0.00
53917.77,9632.00,-1.36,0.00
53916.32,9632.00,-1.44,0.00
53914.80,9632.00,-1.52,0.00
53914.00,9632.00,-0.80,0.00
53914.00,9632.00,0.00,0.00
53914.00,9632.00,0.00,0.00
53914.00,9632.00,0.00,0.00
53914.00,9632.00,0.00,0.00
53914.00,9632.00,0.00,0.00
53914.00,9632.00,0.00,0.00
53914.00,9632.00,0.00,0.00
53914.00,9632.00,0.00,0.00
53914.00,9632.00,0.00,0.00
53914.00,9632.00,0.00,0.00
53914.00,9632.00,0.00,0.00
53914.00,9632.00,0.00,0.00
53914.00,9632.00,0.00,0.00
53914.00,9632.00,0.00,0.00
53914.00,9632.00,0.00,0.00
53914.00,9632.00,0.00,0.00
53914.00,9632.00,0.00,0.00
53914.00,9632.00,0.00,0.00
53914.00,9632.00,0.00,0.00
53914.00,9632.00,0.00,0.00
53914.00,9632.00,0.00,0.00
53914.00,9632.00,0.00,0.00
53914.00,9632.00,0.00,0.00
53914.00,9632.00,0.00,0.00
53914.00,9632.00,0.00,0.00
53914.00,9632.00,0.00,0.00
53914.00,9632.00,0.00,0.00
53914.00,9632.00,0.00,0.00
53914.00,9632.00,0.00,0.00
53914.00,9632.00,0.00,0.00
53914.00,9632.00,0.00,0.00
53914.00,9632.00,0.00,0.00
53914.00,9632.00,0.00,0.00
53914.00,9632.00,0.00,0.00
53914.00,9632.00,0.00,0.00
53914.00,9632.00,0.00,0.00
53914.00,9632.00,0.00,0.00
53914.00,9632.00,0.00,0.00
53914.00,9632.00,0.00,0.00
53914.00,9632.00,0.00,0.00
53914.00,9632.00,0.00,0.00
53914.00,9632.00,0.00,0.00
53914.00,9632.00,0.00,0.00
53914.00,9632.00,0.00,0.00
53914.00,9632.00,0.00,0.00
53914.00,9632.00,0.00,0.00
53914.00,9632.00,0.00,0.00
53914.00,9632.00,0.00,0.00
53914.00,9632.00,0.00,0.00
53914.00,9632.00,0.00,0.00
53914.00,9632.00,0.00,0.00
53914.00,9632.00,0.00,0.00
53914.00,9632.00,0.00,0.00
53914.00,9632.00,0.00,0.00
53914.00,9632.00,0.00,0.00
53914.00,9632.00,0.00,0.00
53914.00,9632.00,0.00,0.00
53914.00,9632.00,0.00,0.00
53914.00,9632.00,0.00,0.00
53914.00,9632.00,0.00,0.00
53914.00,9632.00,0.00,0.00
53914.00,9632.00,0.00,0.00
53914.00,9632.00,0.00,0.00
53914.00,9632.00,0.00,0.00
53914.00,9632.00,0.00,0.00
53914.00,9632.00,0.00,0.00
53914.00,9632.00,0.00,0.00
53914.00,9632.00,0.00,0.00
53914.00,9632.00,0.00,0.00
53914.00,9632.00,0.00,0.00
53914.00,9632.00,0.00,0.00
53914.00,9632.00,0.00,0.00
53914.00,9632.00,0.00,0.00
53914.00,9632.00,0.00,0.00
53914.00,9632.00,0.00,0.00
53914.00,9632.00,0.00,0.00
53914.00,9632.00,0.00,0.00
53914.00,9632.00,0.00,0.00
53914.00,9632.00,0.00,0.00
53914.00,9632.00,0.00,0.00
53914.00,9632.00,0.00,0.00
53914.00,9632.00,0.00,0.00
53914.00,9632.00,0.00,0.00
53914.00,9632.00,0.00,0.00
53914.00,9632.00,0.00,0.00
53914.00,9632.00,0.00,0.00
53914.00,9632.00,0.00,0.00
53914.00,9632.00,0.00,0.00
53914.00,9632.00,0.00,0.00
53914.00,9632.00,0.00,0.00
53914.00,9632.00,0.00,0.00
53914.00,9632.00,0.00,0.00
53914.00,9632.00,0.00,0.00
53914.00,9632.00,0.00,0.00
53914.00,9632.00,0.00,0.00
53914.00,9632.00,0.00,0.00
53914.00,9632.00,0.00,0.00
53914.00,9632.00,0.00,0.00
53914.00,9632.00,0.00,0.00
53914.00,9632.00,0.00,0.00
53914.00,9632.00,0.00,0.00
53914.00,9632.00,0.00,0.00
53914.00,9632.00,0.00,0.00
53914.00,9632.00,0.00,0.00
53914.00,9632.00,0.00,0.00
53914.00,9632.00,0.00,0.00
53914.00,9632.00,0.00,0.00
53914.00,9632.00,0.00,0.00
53914.00,9632.00,0.00,0.00
53914.00,9632.00,0.00,0.00
53914.00,9632.00,0.00,0.00
53914.00,9632.00,0.00,0.00
53914.00,9632.00,0.00,0.00
53914.00,9632.00,0.00,0.00
53914.00,9632.00,0.00,0.00
53914.00,9632.00,0.00,0.00
53914.00,9632.00,0.00,0.00
53914.00,9632.00,0.00,0.00
53914.00,9632.00,0.00,0.00
53914.00,9632.00,0.00,0.00
53914.00,9632.00,0.00,0.00
53914.00,9632.00,0.00,0.00
53914.00,9632.00,0.00,0.00
53914.00,9632.00,0.00,0.00
53914.00,9632.00,0.00,0.00
53914.00,9632.00,0.00,0.00
53914.00,9632.00,0.00,0.00
53914.00,9632.00,0.00,0.00
53914.00,9632.00,0.00,0.00
53914.00,9632.00,0.00,0.00
53914.00,9632.00,0.00,0.00
53914.00,9632.00,0.00,0.00
53914.00,9632.00,0.00,0.00
53914.00,9632.00,0.00,0.00
53914.00,9632.00,0.00,0.00
53914.00,9632.00,0.00,0.00
53914.00,9632.00,0.00,0.00
53914.00,9632.00,0.00,0.00
53914.00,9632.00,0.00,0.00
53914.00,9632.00,0.00,0.00
53914.00,9632.00,0.00,0.00
53914.00,9632.00,0.00,0.00
53914.00,9632.00,0.00,0.00
53914.00,9632.00,0.00,0.00
53914.00,9632.00,0.00,0.00
53914.00,9632.00,0.00,0.00
53914.00,9632.00,0.00,0.00
53914.00,9632.00,0.00,0.00
53914.00,9632.00,0.00,0.00
53914.00,9632.00,0.00,0.00
53914.00,9632.00,0.00,0.00
53914.00,9632.00,0.00,0.00
53914.00,9632.00,0.00,0.00
53914.00,9632.00,0.00,0.00
53914.00,9632.00,0.00,0.00
53914.00,9632.00,0.00,0.00
53914.00,9632.00,0.00,0.00
53914.00,9632.00,0.00,0.00
53914.00,9632.00,0.00,0.00
53914.00,9632.00,0.00,0.00
53914.00,9632.00,0.00,0.00
53914.00,9632.00,0.00,0.00
53914.00,9632.00,0.00,0.00
53914.00,9632.00,0.00,0.00
53914.00,9632.00,0.00,0.00
53914.00,9632.00,0.00,0.00
53914.00,9632.00,0.00,0.00
53914.00,9632.00,0.00,0.00
53914.00,9632.00,0.00,0.00
53914.00,9632.00,0.00,0.00
53914.00,9632.00,0.00,0.00
53914.00,9632.00,0.00,0.00
53914.00,9632.00,0.00,0.00
53914.00,9632.00,0.00,0.00
53914.00,9632.00,0.00,0.00
53914.00,9632.00,0.00,0.00
53914.00,9632.00,0.00,0.00
53914.00,9632.00,0.00,0.00
53914.00,9632.00,0.00,0.00
53914.00,9632.00,0.00,0.00
53914.00,9632.00,0.00,0.00
53914.00,9632.00,0.00,0.00
53914.00,9632.00,0.00,0.00
53914.00,9632.00,0.00,0.00
53914.00,9632.00,0.00,0.00
53914.00,9632.00,0.00,0.00
53914.00,9632.00,0.00,0.00
53914.00,9632.00,0.00,0.00
53914.00,9632.00,0.00,0.00
53914.00,9632.00,0.00,0.00
53914.00,9632.00,0.00,0.00
53914.00,9632.00,0.00,0.00
53914.00,9632.00,0.00,0.00
53914.00,9632.00,0.00,0.00
53914.00,9632.00,0.00,0.00
53914.00,9632.00,0.00,0.00
53914.00,9632.00,0.00,0.00
53914.00,9632.00,0.00,0.00
53914.00,9632.00,0.00,0.00
53914.00,9632.00,0.00,0.00
53914.00,9632.00,0.00,0.00
53914.00,9632.00,0.00,0.00
53914.00,9632.00,0.00,0.00
53914.00,9632.00,0.00,0.00
53914.00,9632.00,0.00,0.00
53914.00,9632.00,0.00,0.00
53914.00,9632.00,0.00,0.00
53914.00,9632.00,0.00,0.00
53914.00,9632.00,0.00,0.00
53914.00,9632.00,0.00,0.00
53914.00,9632.00,0.00,0.00
53914.00,9632.00,0.00,0.00
53914.00,9632.00,0.00,0.00
53914.00,9632.00,0.00,0.00
53914.00,9632.00,0.00,0.00
53914.00,9632.00,0.00,0.00
53914.00,9632.00,0.00,0.00
53914.00,9632.00,0.00,0.00
53914.00,9632.00,0.00,0.00
53914.00,9632.00,0.00,0.00
53914.00,9632.00,0.00,0.00
53914.00,9632.00,0.00,0.00
53914.00,9632.00,0.00,0.00
53914.00,9632.00,0.00,0.00
53914.00,9632.00,0.00,0.00
53914.00,9632.00,0.00,0.00
53914.00,9632.00,0.00,0.00
53914.00,9632.00,0.00,0.00
53914.00,9632.00,0.00,0.00
53914.00,9632.00,0.00,0.00
53914.00,9632.00,0.00,0.00
53914.00,9632.00,0.00,0.00
53914.00,9632.00,0.00,0.00
53914.00,9632.00,0.00,0.00
53914.00,9632.00,0.00,0.00
53914.00,9632.00,0.00,0.00
53914.00,9632.00,0.00,0.00
53914.00,9632.00,0.00,0.00
53914.00,9632.00,0.00,0.00
53914.00,9632.00,0.00,0.00
53914.00,9632.00,0.00,0.00
53914.00,9632.00,0.00,0.00
53914.00,9632.00,0.00,0.00
53914.00,9632.00,0.00,0.00
53914.00,9632.00,0.00,0.00
53914.00,9632.00,0.00,0.00
53914.00,9632.00,0.00,0.00
53914.00,9632.00,0.00,0.00
53914.00,9632.00,0.00,0.00
53914.00,9632.00,0.00,0.00
53914.00,9632.00,0.00,0.00
53914.00,9632.00,0.00,0.00
53914.00,9632.00,0.00,0.00
53914.00,9632.00,0.00,0.00
53914.00,9632.00,0.00,0.00
53914.00,9632.00,0.00,0.00
53914.00,9632.00,0.00,0.00
53914.00,9632.00,0.00,0.00
53914.00,9632.00,0.00,0.00
53914.00,9632.00,0.00,0.00
53914.00,9632.00,0.00,0.00
53914.00,9632.00,0.00,0.00
53914.00,9632.00,0.00,0.00
53913.92,9632.00,-0.08,0.00
53913.76,9632.00,-0.16,0.00
53913.52,9632.00,-0.24,0.00
53913.20,9632.00,-0.32,0.00
53912.80,9632.00,-0.40,0.00
53912.32,9632.00,-0.48,0.00
53911.77,9632.00,-0.56,0.00
53911.12,9632.00,-0.64,0.00
53910.41,9632.00,-0.72,0.00
53909.61,9632.00,-0.80,0.00
53908.73,9632.00,-0.88,0.00
53907.77,9632.00,-0.96,0.00
53906.73,9632.00,-1.04,0.00
53905.61,9632.00,-1.12,0.00
53904.41,9632.00,-1.20,0.00
53903.12,9632.00,-1.28,0.00
53901.77,9632.00,-1.36,0.00
53900.32,9632.00,-1.44,0.00
53898.80,9632.00,-1.52,0.00
53897.20,9632.00,-1.60,0.00
53895.52,9632.00,-1.68,0.00
53893.76,9632.00,-1.76,0.00
53891.92,9632.00,-1.84,0.00
53890.28,9632.00,-1.64,0.00
53888.84,9632.00,-1.44,0.00
53887.60,9632.00,-1.24,0.00
53886.56,9632.00,-1.04,0.00
53885.72,9632.00,-0.84,0.00
53885.08,9632.00,-0.64,0.00
53884.64,9632.00,-0.44,0.00
53884.40,9632.00,-0.24,0.00
53884.36,9632.00,-0.04,0.00
53884.36,9632.00,0.00,0.00
53884.36,9632.00,0.00,0.00
53884.36,9632.00,0.00,0.00
53884.36,9632.00,0.00,0.00
53884.36,9632.00,0.00,0.00
53884.36,9632.00,0.00,0.00
53884.36,9632.00,0.00,0.00
53884.36,9632.00,0.00,0.00
53884.36,9632.00,0.00,0.00
53884.36,9632.00,0.00,0.00
53884.36,9632.00,0.00,0.00
53884.36,9632.00,0.00,0.00
53884.36,9632.00,0.00,0.00
53884.36,9632.00,0.00,0.00
53884.36,9632.00,0.00,0.00
53884.36,9632.00,0.00,0.00
53884.36,9632.00,0.00,0.00
53884.36,9632.00,0.00,0.00
53884.36,9632.00,0.00,0.00
53884.36,9632.00,0.00,0.00
53884.36,9632.00,0.00,0.00
53884.36,9632.00,0.00,0.00
53884.36,9632.00,0.00,0.00
53884.36,9632.00,0.00,0.00
53884.36,9632.00,0.00,0.00
53884.36,9632.00,0.00,0.00
53884.36,9632.00,0.00,0.00
53884.36,9632.00,0.00,0.00
53884.36,9632.00,0.00,0.00
53884.36,9632.00,0.00,0.00
53884.36,9632.00,0.00,0.00
53884.36,9632.00,0.00,0.00
53884.36,9632.00,0.00,0.00
53884.36,9632.00,0.00,0.00
53884.36,9632.00,0.00,0.00
53884.36,9632.00,0.00,0.00
53884.36,9632.00,0.00,0.00
53884.36,9632.00,0.00,0.00
53884.36,9632.00,0.00,0.00
53884.36,9632.00,0.00,0.00
53884.36,9632.00,0.00,0.00
53884.36,9632.00,0.00,0.00
53884.36,9632.00,0.00,0.00
53884.36,9632.00,0.00,0.00
53884.36,9632.00,0.00,0.00
53884.36,9632.00,0.00,0.00
53884.36,9632.00,0.00,0.00
53884.36,9632.00,0.00,0.00
53884.36,9632.00,0.00,0.00
53884.36,9632.00,0.00,0.00
53884.36,9632.00,0.00,0.00
53884.36,9632.00,0.00,0.00
53884.36,9632.00,0.00,0.00
53884.36,9632.00,0.00,0.00
53884.36,9632.00,0.00,0.00
53884.36,9632.00,0.00,0.00
53884.36,9632.00,0.00,0.00
53884.36,9632.00,0.00,0.00
53884.36,9632.00,0.00,0.00
53884.36,9632.00,0.00,0.00
53884.36,9632.00,0.00,0.00
53884.36,9632.00,0.00,0.00
53884.36,9632.00,0.00,0.00
53884.36,9632.00,0.00,0.00
53884.44,9632.00,0.08,0.00
53884.60,9632.00,0.16,0.00
53884.84,9632.00,0.24,0.00
53885.16,9632.00,0.32,0.00
53885.56,9632.00,0.40,0.00
53886.04,9632.00,0.48,0.00
53886.60,9632.00,0.56,0.00
53887.24,9632.00,0.64,0.00
53887.96,9632.00,0.72,0.00
53888.76,9632.00,0.80,0.00
53889.64,9632.00,0.88,0.00
53890.60,9632.00,0.96,0.00
53891.64,9632.00,1.04,0.00
53892.76,9632.00,1.12,0.00
53893.96,9632.00,1.20,0.00
53895.24,9632.00,1.28,0.00
53896.60,9632.00,1.36,0.00
53898.04,9632.00,1.44,0.00
53899.56,9632.00,1.52,0.00
53901.16,9632.00,1.60,0.00
53902.84,9632.00,1.68,0.00
53904.60,9632.00,1.76,0.00
53906.44,9632.00,1.84,0.00
53908.36,9632.00,1.92,0.00
53910.36,9632.00,2.00,0.00
53912.44,9632.00,2.08,0.00
53914.60,9632.00,2.16,0.00
53916.84,9632.00,2.24,0.00
53919.16,9632.00,2.32,0.00
53921.56,9632.00,2.40,0.00
53924.04,9632.00,2.48,0.00
53926.60,9632.00,2.56,0.00
53929.24,9632.00,2.64,0.00
53931.96,9633.96,2.72,0.00
53934.76,9636.76,2.80,0.00
53937.64,9639.64,2.88,0.00
53940.60,9642.60,2.96,0.00
53943.64,9645.64,3.04,0.00
53946.48,9648.00,2.84,2.36
53949.40,9648.00,2.92,0.00
53952.40,9648.00,3.00,0.00
53955.48,9648.00,3.08,0.00
53958.36,9648.00,2.88,0.00
53961.32,9648.00,2.96,0.00
53964.36,9650.36,3.04,0.00
53967.20,9653.20,2.84,0.00
53970.12,9656.12,2.92,0.00
53973.12,9659.12,3.00,0.00
53976.20,9662.20,3.08,0.00
53979.07,9664.00,2.88,1.80
53982.04,9664.00,2.96,0.00
53985.07,9664.00,3.04,0.00
53987.91,9664.00,2.84,0.00
53990.84,9664.00,2.92,0.00
53993.84,9664.00,3.00,0.00
53996.91,9666.91,3.08,0.00
53999.79,9669.79,2.88,0.00
54002.75,9672.75,2.96,0.00
54005.79,9675.79,3.04,0.00
54008.63,9678.63,2.84,0.00
54011.55,9679.03,2.92,0.40
54014.55,9679.83,3.00,0.80
54017.63,9680.00,3.08,0.17
54020.61,9680.00,2.98,0.00
54023.67,9680.00,3.06,0.00
54026.53,9688.00,2.86,0.00
54029.47,9688.00,2.94,0.00
54032.49,9688.00,3.02,0.00
54035.31,9688.00,2.82,0.00
54038.21,9688.00,2.90,0.00
54041.19,9688.00,2.98,0.00
54044.25,9696.00,3.06,0.00
54047.11,9696.00,2.86,0.00
54050.05,9696.00,2.94,0.00
54053.07,9696.00,3.02,0.00
54055.89,9696.00,2.82,0.00
54058.79,9696.00,2.90,0.00
54061.49,9696.00,2.70,0.00
54063.99,9696.00,2.50,0.00
54066.29,9696.00,2.30,0.00
54068.39,9696.00,2.10,0.00
54070.29,9696.00,1.90,0.00
54071.99,9696.00,1.70,0.00
54073.49,9696.00,1.50,0.00
54074.79,9696.00,1.30,0.00
54075.89,9696.00,1.10,0.00
54076.79,9696.00,0.90,0.00
54077.49,9696.00,0.70,0.00
54077.99,9696.00,0.50,0.00
54078.29,9696.00,0.30,0.00
54078.39,9696.00,0.10,0.00
54078.39,9696.00,0.00,0.00
54078.39,9696.00,0.00,0.00
54078.39,9696.00,0.00,0.00
54078.39,9696.00,0.00,0.00
54078.39,9696.00,0.00,0.00
54078.39,9696.00,0.00,0.00
54078.39,9696.00,0.00,0.00
54078.39,9696.00,0.00,0.00
54078.39,9696.00,0.00,0.00
54078.39,9696.00,0.00,0.00
54078.47,9696.00,0.08,0.00
54078.63,9696.00,0.16,0.00
54078.87,9696.00,0.24,0.00
54079.19,9696.00,0.32,0.00
54079.59,9696.00,0.40,0.00
54080.07,9696.00,0.48,0.00
54080.62,9696.00,0.56,0.00
54081.27,9696.00,0.64,0.00
54081.98,9696.00,0.72,0.00
54082.79,9696.00,0.80,0.00
54083.66,9696.00,0.88,0.00
54084.62,9696.00,0.96,0.00
54085.66,9696.00,1.04,0.00
54086.79,9696.00,1.12,0.00
54087.98,9696.00,1.20,0.00
54089.27,9696.00,1.28,0.00
54090.62,9696.00,1.36,0.00
54092.07,9696.00,1.44,0.00
54093.59,9696.00,1.52,0.00
54095.19,9696.00,1.60,0.00
54096.87,9696.00,1.68,0.00
54098.63,9696.00,1.76,0.00
54100.47,9696.00,1.84,0.00
54102.39,9696.00,1.92,0.00
54104.39,9696.00,2.00,0.00
54106.47,9696.47,2.08,0.00
54108.63,9698.63,2.16,0.00
54110.87,9700.87,2.24,0.00
54113.19,9703.19,2.32,0.00
54115.59,9705.59,2.40,0.00
54118.07,9708.07,2.48,0.00
54120.62,9708.47,2.56,0.40
54123.27,9709.27,2.64,0.80
54125.98,9710.47,2.72,1.20
54128.79,9712.00,2.80,1.53
54131.66,9712.00,2.88,0.00
54134.62,9712.00,2.96,0.00
54137.66,9712.00,3.04,0.00
54140.50,9728.00,2.84,0.00
54143.43,9728.00,2.92,0.00
54146.43,9728.00,3.00,0.00
54149.50,9728.00,3.08,0.00
54152.38,9728.00,2.88,0.00
54155.34,9736.00,2.96,0.00
54158.38,9736.00,3.04,0.00
54161.22,9736.00,2.84,0.00
54164.14,9736.00,2.92,0.00
54167.14,9736.00,3.00,0.00
54170.22,9744.00,3.08,0.00
54173.10,9744.00,2.88,0.00
54176.06,9744.00,2.96,0.00
54179.10,9744.00,3.04,0.00
54181.94,9744.00,2.84,0.00
54184.58,9744.00,2.64,0.00
54187.02,9760.00,2.44,0.00
54189.26,9760.00,2.24,0.00
54191.30,9760.00,2.04,0.00
54193.14,9760.00,1.84,0.00
54194.78,9760.00,1.64,0.00
54196.22,9760.00,1.44,0.00
54197.46,9760.00,1.24,0.00
54198.50,9760.00,1.04,0.00
54199.26,9760.00,0.76,0.00
54199.74,9760.00,0.48,0.00
54199.94,9760.00,0.20,0.00
54200.06,9760.00,0.12,0.00
54200.10,9760.00,0.04,0.00
54200.06,9760.00,-0.04,0.00
54199.94,9760.00,-0.12,0.00
54199.74,9760.00,-0.20,0.00
54199.46,9760.00,-0.28,0.00
54199.10,9760.00,-0.36,0.00
54198.66,9760.00,-0.44,0.00
54198.14,9760.00,-0.52,0.00
54197.54,9760.00,-0.60,0.00
54196.86,9760.00,-0.68,0.00
54196.10,9760.00,-0.76,0.00
54195.54,9760.00,-0.56,0.00
54195.18,9760.00,-0.36,0.00
54195.10,9760.00,-0.08,0.00
54195.10,9760.00,-0.00,0.00
54195.18,9760.00,0.08,0.00
54195.34,9760.00,0.16,0.00
54195.58,9760.00,0.24,0.00
54195.90,9760.00,0.32,0.00
54196.30,9760.00,0.40,0.00
54196.78,9760.00,0.48,0.00
54197.34,9760.00,0.56,0.00
54197.98,9760.00,0.64,0.00
54198.70,9760.00,0.72,0.00
54199.50,9760.00,0.80,0.00
54200.38,9760.00,0.88,0.00
54201.34,9760.00,0.96,0.00
54202.38,9760.40,1.04,0.40
54203.50,9761.20,1.12,0.80
54204.70,9762.40,1.20,1.20
54205.98,9764.00,1.28,1.60
54207.34,9766.00,1.36,2.00
54208.78,9768.40,1.44,2.40
54210.30,9771.20,1.52,2.80
54211.72,9774.40,1.42,3.20
54212.86,9778.00,1.14,3.60
54213.72,9782.00,0.86,4.00
54214.30,9786.40,0.58,4.40
54214.60,9791.20,0.30,4.80
54214.62,9796.40,0.02,5.20
54214.56,9802.00,-0.06,5.60
54214.42,9808.00,-0.14,6.00
54214.20,9814.40,-0.22,6.40
54213.90,9821.20,-0.30,6.80
54213.52,9828.40,-0.38,7.20
54213.06,9836.00,-0.46,7.60
54212.52,9844.00,-0.54,8.00
54211.90,9852.40,-0.62,8.40
54211.20,9861.20,-0.70,8.80
54210.42,9870.40,-0.78,9.20
54209.56,9880.00,-0.86,9.60
54208.62,9890.00,-0.94,10.00
54207.60,9900.01,-1.02,10.01
54206.50,9910.02,-1.10,10.01
54205.32,9920.03,-1.18,10.01
54204.24,9922.24,-1.08,0.00
54203.36,9921.36,-0.88,0.00
54202.68,9920.68,-0.68,0.00
54202.28,9920.28,-0.40,0.00
54202.16,9920.16,-0.12,0.00
54202.12,9920.12,-0.04,0.00
54202.16,9920.16,0.04,0.00
54202.28,9920.28,0.12,0.00
54202.48,9920.48,0.20,0.00
54202.76,9920.76,0.28,0.00
54203.12,9921.12,0.36,0.00
54203.56,9921.56,0.44,0.00
54204.08,9922.08,0.52,0.00
54204.68,9922.68,0.60,0.00
54205.36,9923.36,0.68,0.00
54206.12,9924.13,0.76,0.00
54206.96,9924.97,0.84,0.00
54207.89,9925.89,0.92,0.00
54208.89,9926.89,1.00,0.00
54209.96,9927.97,1.08,0.00
54211.12,9929.13,1.16,0.00
54212.36,9930.36,1.24,0.00
54213.68,9931.68,1.32,0.00
54215.08,9933.08,1.40,0.00
54216.56,9933.48,1.48,0.40
54218.12,9934.28,1.56,0.80
54219.76,9935.48,1.64,1.20
54221.30,9936.00,1.54,0.52
54222.74,9936.00,1.44,0.00
54223.98,9931.39,1.24,-4.61
54225.12,9926.78,1.14,-4.61
54226.16,9922.17,1.04,-4.61
54227.10,9917.56,0.94,-4.61
54227.94,9912.95,0.84,-4.61
54228.68,9908.34,0.74,-4.61
54229.32,9903.73,0.64,-4.61
54229.86,9899.12,0.54,-4.61
54230.30,9894.51,0.44,-4.61
54230.64,9889.90,0.34,-4.61
54230.88,9885.69,0.24,-4.21
54231.02,9881.88,0.14,-3.81
54231.06,9878.47,0.04,-3.41
54231.02,9875.46,-0.04,-3.01
54230.90,9872.85,-0.12,-2.61
54230.70,9870.64,-0.20,-2.21
54230.42,9868.83,-0.28,-1.81
54230.06,9867.42,-0.36,-1.41
54229.62,9866.41,-0.44,-1.01
54229.10,9865.80,-0.52,-0.61
54228.50,9865.59,-0.60,-0.21
54227.82,9865.78,-0.68,0.19
54227.05,9866.37,-0.76,0.59
54226.21,9867.36,-0.84,0.99
54225.29,9868.75,-0.92,1.39
54224.29,9870.54,-1.00,1.79
54223.21,9872.73,-1.08,2.19
54222.05,9875.32,-1.16,2.59
54220.82,9878.31,-1.24,2.99
54219.50,9881.70,-1.32,3.39
54218.10,9885.49,-1.40,3.79
54216.62,9889.68,-1.48,4.19
54215.06,9894.27,-1.56,4.59
54213.42,9899.26,-1.64,4.99
54211.88,9904.65,-1.54,5.39
54210.44,9910.44,-1.44,5.79
54209.10,9916.63,-1.34,6.19
54207.86,9923.22,-1.24,6.59
54206.90,9924.90,-0.96,0.00
54206.22,9924.22,-0.68,0.00
54205.82,9923.82,-0.40,0.00
54205.70,9923.70,-0.12,0.00
54205.66,9923.66,-0.04,0.00
54205.70,9923.70,0.04,0.00
54205.82,9923.82,0.12,0.00
54206.02,9924.02,0.20,0.00
54206.30,9924.30,0.28,0.00
54206.66,9924.66,0.36,0.00
54207.10,9925.10,0.44,0.00
54207.62,9925.62,0.52,0.00
54208.22,9926.22,0.60,0.00
54208.90,9926.90,0.68,0.00
54209.66,9927.66,0.76,0.00
54210.50,9928.50,0.84,0.00
54211.43,9929.43,0.92,0.00
54212.43,9930.43,1.00,0.00
54213.50,9931.50,1.08,0.00
54214.66,9932.66,1.16,0.00
54215.90,9933.06,1.24,0.40
54217.22,9933.86,1.32,0.80
54218.62,9935.06,1.40,1.20
54220.10,9936.00,1.48,0.94
54221.66,9936.00,1.56,0.00
54223.30,9936.00,1.64,0.00
54225.02,9936.00,1.72,0.00
54226.82,9936.00,1.80,0.00
54228.70,9936.00,1.88,0.00
54230.66,9936.00,1.96,0.00
54232.70,9936.00,2.04,0.00
54234.82,9936.40,2.12,0.40
54237.02,9937.20,2.20,0.80
54239.30,9938.40,2.28,1.20
54241.66,9940.00,2.36,1.60
54244.10,9942.00,2.44,2.00
54246.62,9944.40,2.52,2.40
54249.22,9947.20,2.60,2.80
54251.90,9950.40,2.68,3.20
54254.66,9954.00,2.76,3.60
54257.50,9958.00,2.84,4.00
54260.43,9962.40,2.92,4.40
54263.43,9967.20,3.00,4.80
54266.50,9972.40,3.08,5.20
54269.48,9978.00,2.98,5.60
54272.54,9984.00,3.06,6.00
54275.50,9990.40,2.96,6.40
54278.54,9997.20,3.04,6.80
54281.48,10004.40,2.94,7.20
54284.50,10012.00,3.02,7.60
54287.43,10020.00,2.92,8.00
54290.43,10028.40,3.00,8.40
54293.50,10037.20,3.08,8.80
54296.48,10046.40,2.98,9.20
54299.54,10056.00,3.06,9.60
54302.50,10066.00,2.96,10.00
54305.54,10076.01,3.04,10.01
54308.48,10086.02,2.94,10.01
54311.50,10096.00,3.02,9.98
54314.43,10096.43,2.92,0.00
54317.43,10099.43,3.00,0.00
54320.50,10102.50,3.08,0.00
54323.38,10105.38,2.88,0.00
54326.34,10108.34,2.96,0.00
54329.38,10111.38,3.04,0.00
54332.22,10114.22,2.84,0.00
54335.14,10117.14,2.92,0.00
54338.14,10120.14,3.00,0.00
54341.22,10123.22,3.08,0.00
54344.10,10126.10,2.88,0.00
54347.06,10128.00,2.96,1.90
54350.10,10128.00,3.04,0.00
54352.94,10128.00,2.84,0.00
54355.86,10128.00,2.92,0.00
54358.86,10128.00,3.00,0.00
54361.94,10128.00,3.08,0.00
54364.82,10130.82,2.88,0.00
54367.78,10133.78,2.96,0.00
54370.82,10136.82,3.04,0.00
54373.66,10139.66,2.84,0.00
54376.58,10142.58,2.92,0.00
54379.58,10144.00,3.00,1.42
54382.66,10144.00,3.08,0.00
54385.54,10144.00,2.88,0.00
54388.50,10144.00,2.96,0.00
54391.54,10144.00,3.04,0.00
54394.38,10144.00,2.84,0.00
54397.30,10144.00,2.92,0.00
54400.30,10144.00,3.00,0.00
54403.38,10144.00,3.08,0.00
54406.26,10144.00,2.88,0.00
54409.22,10144.00,2.96,0.00
54412.26,10144.00,3.04,0.00
54415.10,10144.00,2.84,0.00
54418.02,10144.00,2.92,0.00
54421.02,10144.00,3.00,0.00
54424.10,10144.00,3.08,0.00
54426.98,10144.00,2.88,0.00
54429.94,10144.00,2.96,0.00
54432.70,10144.00,2.76,0.00
54435.18,10144.00,2.48,0.00
54437.38,10144.00,2.20,0.00
54439.30,10144.00,1.92,0.00
54440.94,10144.00,1.64,0.00
54442.30,10144.40,1.36,0.40
54443.38,10145.20,1.08,0.80
54444.18,10146.40,0.80,1.20
54444.70,10148.00,0.52,1.60
54444.94,10150.00,0.24,2.00
54444.90,10152.40,-0.04,2.40
54444.78,10155.20,-0.12,2.80
54444.58,10158.40,-0.20,3.20
54444.30,10162.00,-0.28,3.60
54443.94,10166.00,-0.36,4.00
54443.50,10170.40,-0.44,4.40
54443.16,10175.20,-0.34,4.80
54442.92,10180.40,-0.24,5.20
54442.96,10186.00,0.04,5.60
54443.08,10192.00,0.12,6.00
54443.28,10198.40,0.20,6.40
54443.56,10205.20,0.28,6.80
54443.92,10212.40,0.36,7.20
54444.18,10220.00,0.26,7.60
54444.26,10224.00,0.16,4.00
54444.29,10224.00,0.06,0.00
54444.29,10224.00,0.00,0.00
54444.29,10224.00,0.00,0.00
54444.29,10224.00,0.00,0.00
54444.29,10224.00,0.00,0.00
54444.29,10224.00,0.00,0.00
54444.29,10224.00,0.00,0.00
54444.29,10224.00,0.00,0.00
54444.29,10224.00,0.00,0.00
54444.29,10224.00,0.00,0.00
54444.25,10224.00,-0.08,0.00
54444.17,10224.00,-0.16,0.00
54444.05,10224.00,-0.24,0.00
54443.89,10224.00,-0.32,0.00
54443.69,10221.09,-0.40,-5.81
54443.45,10218.19,-0.48,-5.81
54443.17,10215.28,-0.56,-5.81
54442.53,10209.47,-0.64,-5.81
54441.81,10204.86,-0.72,-4.61
54441.01,10200.25,-0.80,-4.61
54440.13,10195.64,-0.88,-4.61
54439.17,10191.03,-0.96,-4.61
54438.13,10186.42,-1.04,-4.61
54437.01,10181.81,-1.12,-4.61
54435.81,10177.60,-1.20,-4.21
54434.53,10173.79,-1.28,-3.81
54433.17,10170.38,-1.36,-3.41
54431.73,10167.37,-1.44,-3.01
54430.21,10164.76,-1.52,-2.61
54428.61,10162.55,-1.60,-2.21
54426.93,10160.74,-1.68,-1.81
54425.17,10159.33,-1.76,-1.41
54423.33,10158.32,-1.84,-1.01
54421.41,10157.71,-1.92,-0.61
54419.41,10157.50,-2.00,-0.21
54417.33,10157.69,-2.08,0.19
54415.17,10158.28,-2.16,0.59
54412.93,10159.27,-2.24,0.99
54410.61,10160.66,-2.32,1.39
54410.00,10162.45,-0.61,1.79
54409.31,10159.31,-0.69,0.00
54408.54,10158.54,-0.77,0.00
54407.70,10157.70,-0.85,0.00
54406.77,10156.77,-0.93,0.00
54405.76,10155.76,-1.01,0.00
54404.67,10154.67,-1.09,0.00
54403.50,10153.50,-1.17,0.00
54402.25,10152.25,-1.25,0.00
54400.92,10150.92,-1.33,0.00
54399.51,10149.51,-1.41,0.00
54398.02,10148.02,-1.49,0.00
54396.45,10146.45,-1.57,0.00
54394.80,10144.80,-1.65,0.00
54393.07,10144.00,-1.73,0.00
54391.27,10144.00,-1.81,0.00
54389.38,10144.00,-1.89,0.00
54387.41,10144.00,-1.97,0.00
54385.36,10144.00,-2.05,0.00
54383.23,10144.00,-2.13,0.00
54381.02,10144.00,-2.21,0.00
54378.73,10144.00,-2.29,0.00
54376.36,10142.36,-2.37,0.00
54373.91,10139.91,-2.45,0.00
54371.38,10135.30,-2.53,-4.61
54368.77,10130.69,-2.61,-4.61
54366.08,10126.08,-2.69,-4.61
54363.31,10121.46,-2.77,-4.61
54360.46,10116.85,-2.85,-4.61
54357.53,10112.24,-2.93,-4.61
54354.52,10107.63,-3.01,-4.61
54351.61,10103.02,-2.91,-4.61
54348.62,10098.41,-2.99,-4.61
54345.55,10093.80,-3.07,-4.61
54342.59,10089.19,-2.97,-4.61
54339.54,10084.58,-3.05,-4.61
54336.59,10079.97,-2.95,-4.61
54333.55,10075.36,-3.03,-4.61
54330.62,10070.75,-2.93,-4.61
54327.62,10066.14,-3.01,-4.61
54324.71,10061.93,-2.91,-4.21
54321.72,10058.12,-2.99,-3.81
54318.65,10054.71,-3.07,-3.41
54315.68,10051.70,-2.97,-3.01
54312.63,10049.09,-3.05,-2.61
54309.68,10046.88,-2.95,-2.21
54306.65,10045.07,-3.03,-1.81
54303.72,10043.66,-2.93,-1.41
54300.71,10042.65,-3.01,-1.01
54297.80,10042.04,-2.91,-0.61
54294.81,10041.83,-2.99,-0.21
54291.74,10042.02,-3.07,0.19
54288.77,10042.61,-2.97,0.59
54285.90,10043.60,-2.87,0.99
54283.13,10044.99,-2.77,1.39
54280.46,10046.78,-2.67,1.79
54277.89,10048.00,-2.57,1.22
54275.43,10048.00,-2.47,0.00
54273.16,10048.00,-2.27,0.00
54271.09,10048.00,-2.07,0.00
54269.21,10048.00,-1.87,0.00
54267.55,10048.00,-1.67,0.00
54266.16,10048.00,-1.39,0.00
54265.05,10048.00,-1.11,0.00
54264.22,10048.00,-0.83,0.00
54263.67,10048.00,-0.55,0.00
54263.40,10048.00,-0.27,0.00
54263.41,10048.00,0.01,0.00
54263.50,10048.00,0.09,0.00
54263.67,10043.39,0.17,-4.61
54263.92,10038.78,0.25,-4.61
54264.25,10034.17,0.33,-4.61
54264.30,10029.56,0.05,-4.61
54264.27,10024.95,-0.03,-4.61
54264.16,10020.34,-0.11,-4.61
54263.98,10015.73,-0.19,-4.61
54263.71,10011.12,-0.27,-4.61
54263.36,10006.51,-0.35,-4.61
54262.93,10001.90,-0.43,-4.61
54262.42,9997.29,-0.51,-4.61
54261.83,9992.68,-0.59,-4.61
54261.16,9988.07,-0.67,-4.61
54260.41,9983.46,-0.75,-4.61
54259.59,9978.85,-0.83,-4.61
54258.68,9974.64,-0.91,-4.21
54257.69,9970.83,-0.99,-3.81
54256.62,9967.42,-1.07,-3.41
54255.47,9964.41,-1.15,-3.01
54254.24,9961.80,-1.23,-2.61
54252.93,9957.19,-1.31,-4.61
54251.54,9952.57,-1.39,-4.61
54250.07,9947.96,-1.47,-4.61
54248.52,9943.35,-1.55,-4.61
54246.89,9938.74,-1.63,-4.61
54245.18,9934.13,-1.71,-4.61
54243.39,9929.52,-1.79,-4.61
54241.52,9924.91,-1.87,-4.61
54239.57,9920.30,-1.95,-4.61
54237.54,9915.69,-2.03,-4.61
54235.43,9911.08,-2.11,-4.61
54233.24,9906.47,-2.19,-4.61
54230.97,9902.26,-2.27,-4.21
54228.62,9898.45,-2.35,-3.81
54226.20,9895.04,-2.43,-3.41
54223.69,9892.03,-2.51,-3.01
54221.10,9889.42,-2.59,-2.61
54218.43,9887.21,-2.67,-2.21
54215.68,9885.40,-2.75,-1.81
54212.85,9883.99,-2.83,-1.41
54210.12,9882.98,-2.73,-1.01
54207.49,9882.37,-2.63,-0.61
54204.96,9882.16,-2.53,-0.21
54202.53,9882.35,-2.43,0.19
54200.20,9882.94,-2.33,0.59
54197.97,9883.93,-2.23,0.99
54195.84,9885.32,-2.13,1.39
54193.81,9887.11,-2.03,1.79
54191.88,9889.30,-1.93,2.19
54190.05,9891.89,-1.83,2.59
54188.32,9894.88,-1.73,2.99
54186.70,9896.00,-1.63,1.12
54185.35,9887.35,-1.35,0.00
54184.28,9886.28,-1.07,0.00
54183.49,9885.49,-0.79,0.00
54182.98,9884.98,-0.51,0.00
54182.75,9884.75,-0.23,0.00
54182.80,9884.80,0.05,0.00
54182.93,9884.93,0.13,0.00
54183.14,9885.14,0.21,0.00
54183.43,9885.43,0.29,0.00
54183.80,9885.80,0.37,0.00
54184.25,9886.20,0.45,0.40
54184.78,9886.78,0.53,0.00
54185.39,9887.18,0.61,0.40
54186.08,9887.98,0.69,0.80
54186.85,9889.18,0.77,1.20
54187.70,9890.78,0.85,1.60
54188.63,9892.78,0.93,2.00
54189.64,9888.17,1.01,-4.61
54190.73,9883.56,1.09,-4.61
54191.91,9878.95,1.17,-4.61
54193.16,9874.34,1.25,-4.61
54194.49,9869.73,1.33,-4.61
54195.90,9865.12,1.41,-4.61
54197.39,9860.51,1.49,-4.61
54198.96,9855.90,1.57,-4.61
54200.61,9851.29,1.65,-4.61
54202.34,9846.68,1.73,-4.61
54204.16,9842.07,1.81,-4.61
54206.05,9837.46,1.89,-4.61
54208.02,9833.25,1.97,-4.21
54210.07,9829.44,2.05,-3.81
54212.20,9826.03,2.13,-3.41
54214.41,9823.02,2.21,-3.01
54216.52,9820.41,2.11,-2.61
54218.53,9818.20,2.01,-2.21
54220.26,9816.39,1.73,-1.81
54221.71,9814.98,1.45,-1.41
54222.88,9813.97,1.17,-1.01
54223.77,9813.36,0.89,-0.61
54224.38,9813.15,0.61,-0.21
54224.71,9813.34,0.33,0.19
54224.76,9813.93,0.05,0.59
54224.73,9814.92,-0.03,0.99
54224.62,9816.31,-0.11,1.39
54224.43,9818.10,-0.19,1.79
54224.16,9820.29,-0.27,2.19
54223.82,9822.88,-0.35,2.59
54223.39,9825.87,-0.43,2.99
54222.88,9829.26,-0.51,3.39
54222.29,9833.05,-0.59,3.79
54221.62,9837.24,-0.67,4.19
54220.87,9841.83,-0.75,4.59
54220.04,9846.82,-0.83,4.99
54219.13,9852.21,-0.91,5.39
54218.14,9858.00,-0.99,5.79
54217.07,9864.19,-1.07,6.19
54215.93,9870.78,-1.15,6.59
54214.70,9877.77,-1.23,6.99
54213.39,9885.16,-1.31,7.39
54212.00,9892.95,-1.39,7.79
54210.53,9901.14,-1.47,8.19
54208.98,9909.73,-1.55,8.59
54207.35,9918.72,-1.63,8.99
54205.64,9923.64,-1.71,0.00
54203.85,9921.85,-1.79,0.00
54202.00,9920.00,-1.85,0.00
54202.00,9920.00,0.00,0.00
54202.00,9920.00,0.00,0.00
54202.00,9920.00,0.00,0.00
54202.00,9920.00,0.00,0.00
54202.00,9920.00,0.00,0.00
54202.00,9920.00,0.00,0.00
54202.00,9920.00,0.00,0.00
54202.00,9920.00,0.00,0.00
54202.00,9920.00,0.00,0.00
54202.00,9920.00,0.00,0.00
54202.00,9920.00,0.00,0.00
54202.08,9920.08,0.08,0.00
54202.24,9920.24,0.16,0.00
54202.48,9920.48,0.24,0.00
54202.80,9920.80,0.32,0.00
54203.20,9916.19,0.40,-4.61
54203.68,9911.58,0.48,-4.61
54204.23,9906.97,0.56,-4.61
54204.88,9902.36,0.64,-4.61
54205.59,9897.75,0.72,-4.61
54206.39,9893.14,0.80,-4.61
54207.27,9888.52,0.88,-4.61
54208.23,9883.91,0.96,-4.61
54209.27,9879.30,1.04,-4.61
54210.39,9874.69,1.12,-4.61
54211.59,9870.08,1.20,-4.61
54212.88,9865.47,1.28,-4.61
54214.23,9860.86,1.36,-4.61
54215.68,9856.25,1.44,-4.61
54217.02,9851.64,1.34,-4.61
54218.25,9847.03,1.24,-4.61
54219.21,9842.82,0.96,-4.21
54219.89,9839.01,0.68,-3.81
54220.29,9835.60,0.40,-3.41
54220.41,9832.59,0.12,-3.01
54220.45,9829.98,0.04,-2.61
54220.41,9827.77,-0.04,-2.21
54220.29,9825.96,-0.12,-1.81
54220.09,9824.55,-0.20,-1.41
54219.81,9823.54,-0.28,-1.01
54219.45,9822.93,-0.36,-0.61
54219.01,9818.32,-0.44,-4.61
54218.49,9813.71,-0.52,-4.61
54217.89,9809.10,-0.60,-4.61
54217.21,9804.49,-0.68,-4.61
54216.45,9799.88,-0.76,-4.61
54215.61,9795.27,-0.84,-4.61
54214.69,9790.66,-0.92,-4.61
54213.69,9786.05,-1.00,-4.61
54212.61,9781.44,-1.08,-4.61
54211.45,9776.83,-1.16,-4.61
54210.21,9772.22,-1.24,-4.61
54208.89,9767.61,-1.32,-4.61
54207.49,9763.40,-1.40,-4.21
54206.01,9759.59,-1.48,-3.81
54204.45,9756.18,-1.56,-3.41
54202.81,9753.17,-1.64,-3.01
54201.09,9750.56,-1.72,-2.61
54199.29,9748.35,-1.80,-2.21
54197.41,9746.54,-1.88,-1.81
54195.45,9745.13,-1.96,-1.41
54193.41,9744.12,-2.04,-1.01
54191.29,9743.51,-2.12,-0.61
54189.09,9743.30,-2.20,-0.21
54186.81,9743.49,-2.28,0.19
54184.45,9744.00,-2.36,0.51
54182.01,9744.00,-2.44,0.00
54179.49,9744.00,-2.52,0.00
54176.89,9744.00,-2.60,0.00
54174.21,9744.00,-2.68,0.00
54171.45,9744.00,-2.76,0.00
54168.61,9736.00,-2.84,0.00
54165.69,9736.00,-2.92,0.00
54162.69,9736.00,-3.00,0.00
54159.61,9736.00,-3.08,0.00
54156.73,9736.00,-2.88,0.00
54153.77,9728.00,-2.96,0.00
54150.73,9728.00,-3.04,0.00
54147.89,9728.00,-2.84,0.00
54144.97,9728.00,-2.92,0.00
54141.97,9728.00,-3.00,0.00
54138.89,9728.00,-3.08,0.00
54136.01,9712.00,-2.88,0.00
54133.05,9712.00,-2.96,0.00
54130.01,9712.00,-3.04,0.00
54127.17,9712.00,-2.84,0.00
54124.25,9712.00,-2.92,0.00
54121.25,9711.25,-3.00,0.00
54118.17,9708.17,-3.08,0.00
54115.29,9705.29,-2.88,0.00
54112.33,9702.33,-2.96,0.00
54109.29,9699.29,-3.04,0.00
54106.45,9696.45,-2.84,0.00
54103.53,9696.00,-2.92,0.00
54100.53,9696.00,-3.00,0.00
54097.45,9696.00,-3.08,0.00
54094.57,9696.00,-2.88,0.00
54091.61,9696.00,-2.96,0.00
54088.57,9696.00,-3.04,0.00
54085.73,9696.00,-2.84,0.00
54082.81,9696.00,-2.92,0.00
54079.81,9696.00,-3.00,0.00
54076.73,9696.00,-3.08,0.00
54073.86,9696.00,-2.88,0.00
54070.89,9696.00,-2.96,0.00
54067.86,9696.00,-3.04,0.00
54065.02,9696.00,-2.84,0.00
54062.09,9696.00,-2.92,0.00
54059.09,9696.00,-3.00,0.00
54056.02,9696.00,-3.08,0.00
54053.14,9696.00,-2.88,0.00
54050.18,9696.00,-2.96,0.00
54047.14,9696.00,-3.04,0.00
54044.30,9696.00,-2.84,0.00
54041.38,9688.00,-2.92,0.00
54038.38,9688.00,-3.00,0.00
54035.30,9688.00,-3.08,0.00
54032.42,9688.00,-2.88,0.00
54029.46,9688.00,-2.96,0.00
54026.42,9688.00,-3.04,0.00
54023.58,9680.00,-2.84,0.00
54020.66,9680.00,-2.92,0.00
54017.66,9680.00,-3.00,0.00
54014.58,9680.00,-3.08,0.00
54011.70,9680.00,-2.88,0.00
54008.74,9678.74,-2.96,0.00
54005.70,9675.70,-3.04,0.00
54002.86,9672.86,-2.84,0.00
53999.94,9669.94,-2.92,0.00
53996.94,9666.94,-3.00,0.00
53993.86,9664.00,-3.08,0.00
53990.98,9664.00,-2.88,0.00
53988.02,9664.00,-2.96,0.00
53984.98,9664.00,-3.04,0.00
53982.14,9664.00,-2.84,0.00
53979.22,9664.00,-2.92,0.00
53976.22,9662.22,-3.00,0.00
53973.14,9659.14,-3.08,0.00
53970.26,9656.26,-2.88,0.00
53967.30,9653.30,-2.96,0.00
53964.26,9650.26,-3.04,0.00
53961.42,9648.00,-2.84,0.00
53958.50,9648.00,-2.92,0.00
53955.50,9648.00,-3.00,0.00
53952.42,9648.00,-3.08,0.00
53949.54,9648.00,-2.88,0.00
53946.58,9648.00,-2.96,0.00
53943.54,9645.54,-3.04,0.00
53940.70,9642.70,-2.84,0.00
53937.78,9639.78,-2.92,0.00
53934.78,9636.78,-3.00,0.00
53931.70,9633.70,-3.08,0.00
53928.82,9632.00,-2.88,0.00
53925.86,9632.00,-2.96,0.00
53922.82,9632.00,-3.04,0.00
53919.98,9632.00,-2.84,0.00
53917.06,9632.00,-2.92,0.00
53914.06,9632.00,-3.00,0.00
53910.98,9632.00,-3.08,0.00
53908.11,9632.00,-2.88,0.00
53905.14,9632.00,-2.96,0.00
53902.11,9632.00,-3.04,0.00
53899.27,9632.00,-2.84,0.00
53896.34,9632.00,-2.92,0.00
53893.34,9632.00,-3.00,0.00
53890.27,9632.00,-3.08,0.00
53887.39,9632.00,-2.88,0.00
53884.43,9632.00,-2.96,0.00
53881.39,9632.00,-3.04,0.00
53878.55,9632.00,-2.84,0.00
53875.62,9632.00,-2.92,0.00
53872.62,9632.00,-3.00,0.00
53869.55,9632.00,-3.08,0.00
53866.67,9632.00,-2.88,0.00
53863.71,9632.00,-2.96,0.00
53860.67,9632.00,-3.04,0.00
53857.83,9632.00,-2.84,0.00
53854.91,9632.00,-2.92,0.00
53851.91,9632.00,-3.00,0.00
53850.00,9632.00,-1.91,0.00
53850.00,9632.00,0.00,0.00
53850.00,9632.00,0.00,0.00
53850.00,9632.00,0.00,0.00
53850.00,9632.00,0.00,0.00
53850.00,9632.00,0.00,0.00
53850.00,9632.00,0.00,0.00
53850.00,9632.00,0.00,0.00
53850.00,9632.00,0.00,0.00
53850.00,9632.00,0.00,0.00
53850.00,9632.00,0.00,0.00
53850.00,9632.00,0.00,0.00
53850.00,9632.00,0.00,0.00
53850.00,9632.00,0.00,0.00
53850.00,9632.00,0.00,0.00
53850.00,9632.00,0.00,0.00
53850.00,9632.00,0.00,0.00
53850.00,9632.00,0.00,0.00
53850.00,9632.00,0.00,0.00
53850.00,9632.00,0.00,0.00
53850.00,9632.00,0.00,0.00
53850.00,9632.00,0.00,0.00
53850.00,9632.00,0.00,0.00
53850.00,9632.00,0.00,0.00
53850.00,9632.00,0.00,0.00
53850.00,9632.00,0.00,0.00
53850.00,9632.00,0.00,0.00
53850.00,9632.00,0.00,0.00
53850.00,9632.00,0.00,0.00
53850.00,9632.00,0.00,0.00
53850.00,9632.00,0.00,0.00
53850.00,9632.00,0.00,0.00
53850.00,9632.00,0.00,0.00
53850.00,9632.00,0.00,0.00
53850.00,9632.00,0.00,0.00
53850.00,9632.00,0.00,0.00
53850.00,9632.00,0.00,0.00
53850.00,9632.00,0.00,0.00
53850.00,9632.00,0.00,0.00
53850.00,9632.00,0.00,0.00
53850.00,9632.00,0.00,0.00
53850.00,9632.00,0.00,0.00
53850.00,9632.00,0.00,0.00
53850.00,9632.00,0.00,0.00
53850.00,9632.00,0.00,0.00
53850.00,9632.00,0.00,0.00
53850.00,9632.00,0.00,0.00
53850.00,9632.00,0.00,0.00
53850.00,9632.00,0.00,0.00
53850.00,9632.00,0.00,0.00
53850.00,9632.00,0.00,0.00
53850.00,9632.00,0.00,0.00
53850.00,9632.00,0.00,0.00
53850.00,9632.00,0.00,0.00
53850.00,9632.00,0.00,0.00
53850.00,9632.00,0.00,0.00
53850.00,9632.00,0.00,0.00
53850.00,9632.00,0.00,0.00
53850.00,9632.00,0.00,0.00
53850.00,9632.00,0.00,0.00
53850.00,9632.00,0.00,0.00
53850.00,9632.00,0.00,0.00
53850.00,9632.00,0.00,0.00
53850.00,9632.00,0.00,0.00
53850.00,9632.00,0.00,0.00
53850.00,9632.00,0.00,0.00
53850.00,9632.00,0.00,0.00
53850.00,9632.00,0.00,0.00
53850.00,9632.00,0.00,0.00
53850.00,9632.00,0.00,0.00
53850.00,9632.00,0.00,0.00
53850.00,9632.00,0.00,0.00
53850.00,9632.00,0.00,0.00
53850.00,9632.00,0.00,0.00
53850.00,9632.00,0.00,0.00
53850.00,9632.00,0.00,0.00
53850.00,9632.00,0.00,0.00
53850.00,9632.00,0.00,0.00
53850.00,9632.00,0.00,0.00
53850.00,9632.00,0.00,0.00
53850.00,9632.00,0.00,0.00
53850.00,9632.00,0.00,0.00
53850.00,9632.00,0.00,0.00
53850.00,9632.00,0.00,0.00
53850.00,9632.00,0.00,0.00
53850.00,9632.00,0.00,0.00
53850.00,9632.00,0.00,0.00
53850.00,9632.00,0.00,0.00
53850.00,9632.00,0.00,0.00
53850.00,9632.00,0.00,0.00
53850.00,9632.00,0.00,0.00
53850.00,9632.00,0.00,0.00
53850.00,9632.00,0.00,0.00
53850.00,9632.00,0.00,0.00
53850.00,9632.00,0.00,0.00
53850.00,9632.00,0.00,0.00
53850.00,9632.00,0.00,0.00
53850.00,9632.00,0.00,0.00
53850.00,9632.00,0.00,0.00
53850.00,9632.00,0.00,0.00
53850.00,9632.00,0.00,0.00
53850.00,9632.00,0.00,0.00
53850.00,9632.00,0.00,0.00
53850.00,9632.00,0.00,0.00
53850.00,9632.00,0.00,0.00
53850.00,9632.00,0.00,0.00
53850.00,9632.00,0.00,0.00
53850.00,9632.00,0.00,0.00
53850.00,9632.00,0.00,0.00
53850.00,9632.00,0.00,0.00
53850.00,9632.00,0.00,0.00
53849.92,9632.00,-0.08,0.00
53849.76,9632.00,-0.16,0.00
53849.52,9632.00,-0.24,0.00
53849.20,9632.00,-0.32,0.00
53848.80,9632.00,-0.40,0.00
53848.32,9632.00,-0.48,0.00
53847.77,9632.00,-0.56,0.00
53847.12,9632.00,-0.64,0.00
53846.41,9632.00,-0.72,0.00
53845.61,9632.00,-0.80,0.00
53844.73,9632.00,-0.88,0.00
53843.77,9632.00,-0.96,0.00
53842.73,9632.00,-1.04,0.00
53841.61,9632.00,-1.12,0.00
53840.41,9632.00,-1.20,0.00
53839.12,9632.00,-1.28,0.00
53837.77,9632.00,-1.36,0.00
53836.32,9632.00,-1.44,0.00
53834.80,9632.00,-1.52,0.00
53834.00,9632.00,-0.80,0.00
53834.00,9632.00,0.00,0.00
53834.00,9632.00,0.00,0.00
53834.00,9632.00,0.00,0.00
53834.00,9632.00,0.00,0.00
53834.00,9632.00,0.00,0.00
53834.00,9632.00,0.00,0.00
53834.00,9632.00,0.00,0.00
53834.00,9632.00,0.00,0.00
53834.00,9632.00,0.00,0.00
53834.00,9632.00,0.00,0.00
53834.00,9632.00,0.00,0.00
53834.00,9632.00,0.00,0.00
53834.00,9632.00,0.00,0.00
53834.00,9632.00,0.00,0.00
53834.00,9632.00,0.00,0.00
53834.00,9632.00,0.00,0.00
53834.00,9632.00,0.00,0.00
53834.00,9632.00,0.00,0.00
53834.00,9632.00,0.00,0.00
53834.00,9632.00,0.00,0.00
53834.00,9632.00,0.00,0.00
53834.00,9632.00,0.00,0.00
53834.00,9632.00,0.00,0.00
53834.00,9632.00,0.00,0.00
53834.00,9632.00,0.00,0.00
53834.00,9632.00,0.00,0.00
53834.00,9632.00,0.00,0.00
53834.00,9632.00,0.00,0.00
53834.00,9632.00,0.00,0.00
53834.00,9632.00,0.00,0.00
53834.00,9632.00,0.00,0.00
53834.00,9632.00,0.00,0.00
53834.00,9632.00,0.00,0.00
53834.00,9632.00,0.00,0.00
53834.00,9632.00,0.00,0.00
53833.92,9632.00,-0.08,0.00
53833.76,9632.00,-0.16,0.00
53833.52,9632.00,-0.24,0.00
53833.48,9632.00,-0.04,0.00
53833.48,9632.00,0.00,0.00
53833.48,9632.00,0.00,0.00
53833.48,9632.00,0.00,0.00
53833.48,9632.00,0.00,0.00
53833.48,9632.00,0.00,0.00
53833.48,9632.00,0.00,0.00
53833.48,9632.00,0.00,0.00
53833.48,9632.00,0.00,0.00
53833.48,9632.00,0.00,0.00
53833.48,9632.00,0.00,0.00
53833.48,9632.00,0.00,0.00
53833.48,9632.00,0.00,0.00
53833.48,9632.00,0.00,0.00
53833.48,9632.00,0.00,0.00
53833.48,9632.00,0.00,0.00
53833.48,9632.00,0.00,0.00
53833.48,9632.00,0.00,0.00
53833.48,9632.00,0.00,0.00
53833.48,9632.00,0.00,0.00
53833.48,9632.00,0.00,0.00
53833.48,9632.00,0.00,0.00
53833.48,9632.00,0.00,0.00
53833.48,9632.00,0.00,0.00
53833.48,9632.00,0.00,0.00
53833.48,9632.00,0.00,0.00
53833.48,9632.00,0.00,0.00
53833.48,9632.00,0.00,0.00
53833.48,9632.00,0.00,0.00
53833.48,9632.00,0.00,0.00
53833.48,9632.00,0.00,0.00
53833.48,9632.00,0.00,0.00
53833.48,9632.00,0.00,0.00
53833.48,9632.00,0.00,0.00
53833.48,9632.00,0.00,0.00
53833.48,9632.00,0.00,0.00
53833.48,9632.00,0.00,0.00
53833.48,9632.00,0.00,0.00
53833.48,9632.00,0.00,0.00
53833.48,9632.00,0.00,0.00
53833.48,9632.00,0.00,0.00
53833.48,9632.00,0.00,0.00
53833.48,9632.00,0.00,0.00
53833.48,9632.00,0.00,0.00
53833.48,9632.00,0.00,0.00
53833.48,9632.00,0.00,0.00
53833.48,9632.00,0.00,0.00
53833.48,9632.00,0.00,0.00
53833.48,9632.00,0.00,0.00
53833.48,9632.00,0.00,0.00
53833.48,9632.00,0.00,0.00
53833.48,9632.00,0.00,0.00
53833.48,9632.00,0.00,0.00
53833.48,9632.00,0.00,0.00
53833.48,9632.00,0.00,0.00
53833.48,9632.00,0.00,0.00
53833.48,9632.00,0.00,0.00
53833.48,9632.00,0.00,0.00
53833.48,9632.00,0.00,0.00
53833.48,9632.00,0.00,0.00
53833.48,9632.00,0.00,0.00
53833.48,9632.00,0.00,0.00
53833.48,9632.00,0.00,0.00
53833.48,9632.00,0.00,0.00
53833.48,9632.00,0.00,0.00
53833.48,9632.00,0.00,0.00
53833.48,9632.00,0.00,0.00
53833.48,9632.00,0.00,0.00
53833.48,9632.00,0.00,0.00
53833.48,9632.00,0.00,0.00
53833.48,9632.00,0.00,0.00
53833.48,9632.00,0.00,0.00
53833.48,9632.00,0.00,0.00
53833.48,9632.00,0.00,0.00
53833.48,9632.00,0.00,0.00
53833.48,9632.00,0.00,0.00
53833.48,9632.00,0.00,0.00
53833.48,9632.00,0.00,0.00
53833.48,9632.00,0.00,0.00
53833.48,9632.00,0.00,0.00
53833.48,9632.00,0.00,0.00
53833.48,9632.00,0.00,0.00
53833.48,9632.00,0.00,0.00
53833.48,9632.00,0.00,0.00
53833.48,9632.00,0.00,0.00
53833.48,9632.00,0.00,0.00
53833.48,9632.00,0.00,0.00
53833.41,9632.00,-0.08,0.00
53833.25,9632.00,-0.16,0.00
53833.01,9632.00,-0.24,0.00
53832.69,9632.00,-0.32,0.00
53832.29,9632.00,-0.40,0.00
53831.81,9632.00,-0.48,0.00
53831.25,9632.00,-0.56,0.00
53830.61,9632.00,-0.64,0.00
53829.89,9632.00,-0.72,0.00
53829.09,9632.00,-0.80,0.00
53828.21,9632.00,-0.88,0.00
53827.25,9632.00,-0.96,0.00
53826.21,9632.00,-1.04,0.00
53825.09,9632.00,-1.12,0.00
53823.89,9632.00,-1.20,0.00
53822.61,9632.00,-1.28,0.00
53821.25,9632.00,-1.36,0.00
53819.81,9632.00,-1.44,0.00
53818.29,9632.00,-1.52,0.00
53816.69,9632.00,-1.60,0.00
53815.01,9632.00,-1.68,0.00
53813.25,9632.00,-1.76,0.00
53811.41,9632.00,-1.84,0.00
53809.48,9632.00,-1.92,0.00
53807.48,9632.00,-2.00,0.00
53805.41,9632.00,-2.08,0.00
53803.25,9632.00,-2.16,0.00
53802.00,9632.00,-1.25,0.00
53802.00,9632.00,0.00,0.00
53802.00,9632.00,0.00,0.00
53802.00,9632.00,0.00,0.00
53802.00,9632.00,0.00,0.00
53802.00,9632.00,0.00,0.00
53802.00,9632.00,0.00,0.00
53802.00,9632.00,0.00,0.00
53802.00,9632.00,0.00,0.00
53802.00,9632.00,0.00,0.00
53802.00,9632.00,0.00,0.00
53802.00,9632.00,0.00,0.00
53802.00,9632.00,0.00,0.00
53802.00,9632.00,0.00,0.00
53802.00,9632.00,0.00,0.00
53802.00,9632.00,0.00,0.00
53802.00,9632.00,0.00,0.00
53802.00,9632.00,0.00,0.00
53802.00,9632.00,0.00,0.00
53802.00,9632.00,0.00,0.00
53802.00,9632.00,0.00,0.00
53802.00,9632.00,0.00,0.00
53802.00,9632.00,0.00,0.00
53802.00,9632.00,0.00,0.00
53802.00,9632.00,0.00,0.00
53802.00,9632.00,0.00,0.00
53802.00,9632.00,0.00,0.00
53802.00,9632.00,0.00,0.00
53802.00,9632.00,0.00,0.00
53802.00,9632.00,0.00,0.00
53802.00,9632.00,0.00,0.00
53802.00,9632.00,0.00,0.00
53802.00,9632.00,0.00,0.00
53802.00,9632.00,0.00,0.00
53802.00,9632.00,0.00,0.00
53802.00,9632.00,0.00,0.00
53802.00,9632.00,0.00,0.00
53802.00,9632.00,0.00,0.00
53802.00,9632.00,0.00,0.00
53802.00,9632.00,0.00,0.00
53802.00,9632.00,0.00,0.00
53802.00,9632.00,0.00,0.00
53802.00,9632.00,0.00,0.00
53802.00,9632.00,0.00,0.00
53802.00,9632.00,0.00,0.00
53802.00,9632.00,0.00,0.00
53802.00,9632.00,0.00,0.00
53802.00,9632.00,0.00,0.00
53802.00,9632.00,0.00,0.00
53802.00,9632.00,0.00,0.00
53802.00,9632.00,0.00,0.00
53802.00,9632.00,0.00,0.00
53802.00,9632.00,0.00,0.00
53802.00,9632.00,0.00,0.00
53802.00,9632.00,0.00,0.00
53802.00,9632.00,0.00,0.00
53802.00,9632.00,0.00,0.00
53802.00,9632.00,0.00,0.00
53802.00,9632.00,0.00,0.00
53802.00,9632.00,0.00,0.00
53802.00,9632.00,0.00,0.00
53802.00,9632.00,0.00,0.00
53802.00,9632.00,0.00,0.00
53802.00,9632.00,0.00,0.00
53802.00,9632.00,0.00,0.00
53802.00,9632.00,0.00,0.00
53802.00,9632.00,0.00,0.00
53802.00,9632.00,0.00,0.00
53802.00,9632.00,0.00,0.00
53802.00,9632.00,0.00,0.00
53802.00,9632.00,0.00,0.00
53802.00,9632.00,0.00,0.00
53802.00,9632.00,0.00,0.00
53802.00,9632.00,0.00,0.00
53802.00,9632.00,0.00,0.00
53802.00,9632.00,0.00,0.00
53802.00,9632.00,0.00,0.00
53802.00,9632.00,0.00,0.00
53802.00,9632.00,0.00,0.00
53802.00,9632.00,0.00,0.00
53802.00,9632.00,0.00,0.00
53802.00,9632.00,0.00,0.00
53802.00,9632.00,0.00,0.00
53802.00,9632.00,0.00,0.00
53802.00,9632.00,0.00,0.00
53802.00,9632.00,0.00,0.00
53802.00,9632.00,0.00,0.00
53802.00,9632.00,0.00,0.00
53802.00,9632.00,0.00,0.00
53802.00,9632.00,0.00,0.00
53802.00,9632.00,0.00,0.00
53802.00,9632.00,0.00,0.00
53802.00,9632.00,0.00,0.00
53802.00,9632.00,0.00,0.00
53802.00,9632.00,0.00,0.00
53802.00,9632.00,0.00,0.00
53802.00,9632.00,0.00,0.00
53802.00,9632.00,0.00,0.00
53802.00,9632.00,0.00,0.00
53802.00,9632.00,0.00,0.00
53802.00,9632.00,0.00,0.00
53802.00,9632.00,0.00,0.00
53802.00,9632.00,0.00,0.00
53802.00,9632.00,0.00,0.00
53802.00,9632.00,0.00,0.00
53802.00,9632.00,0.00,0.00
53802.00,9632.00,0.00,0.00
53802.00,9632.00,0.00,0.00
53802.00,9632.00,0.00,0.00
53802.00,9632.00,0.00,0.00
53802.00,9632.00,0.00,0.00
53802.00,9632.00,0.00,0.00
53802.00,9632.00,0.00,0.00
53802.00,9632.00,0.00,0.00
53802.00,9632.00,0.00,0.00
53802.00,9632.00,0.00,0.00
53802.00,9632.00,0.00,0.00
53802.00,9632.00,0.00,0.00
53802.00,9632.00,0.00,0.00
53802.00,9632.00,0.00,0.00
53802.00,9632.00,0.00,0.00
53802.00,9632.00,0.00,0.00
53802.00,9632.00,0.00,0.00
53802.00,9632.00,0.00,0.00
53802.00,9632.00,0.00,0.00
53802.00,9632.00,0.00,0.00
53802.00,9632.00,0.00,0.00
53802.00,9632.00,0.00,0.00
53802.00,9632.00,0.00,0.00
53802.00,9632.00,0.00,0.00
53802.00,9632.00,0.00,0.00
53802.00,9632.00,0.00,0.00
53802.00,9632.00,0.00,0.00
53802.00,9632.00,0.00,0.00
53802.00,9632.00,0.00,0.00
53802.00,9632.00,0.00,0.00
53802.00,9632.00,0.00,0.00
53802.00,9632.00,0.00,0.00
53802.00,9632.00,0.00,0.00
53802.00,9632.00,0.00,0.00
53802.00,9632.00,0.00,0.00
53802.00,9632.00,0.00,0.00
53802.00,9632.00,0.00,0.00
53802.00,9632.00,0.00,0.00
53802.00,9632.00,0.00,0.00
53802.00,9632.00,0.00,0.00
53802.00,9632.00,0.00,0.00
53802.00,9632.00,0.00,0.00
53802.00,9632.00,0.00,0.00
53802.00,9632.00,0.00,0.00
53802.00,9632.00,0.00,0.00
53802.00,9632.00,0.00,0.00
53802.00,9632.00,0.00,0.00
53802.00,9632.00,0.00,0.00
53802.00,9632.00,0.00,0.00
53801.92,9632.00,-0.08,0.00
53801.76,9632.00,-0.16,0.00
53801.52,9632.00,-0.24,0.00
53801.20,9632.00,-0.32,0.00
53800.80,9632.00,-0.40,0.00
53800.32,9632.00,-0.48,0.00
53799.77,9632.00,-0.56,0.00
53799.12,9632.00,-0.64,0.00
53798.41,9632.00,-0.72,0.00
53797.61,9632.00,-0.80,0.00
53796.73,9632.00,-0.88,0.00
53795.77,9632.00,-0.96,0.00
53794.73,9632.00,-1.04,0.00
53793.61,9632.00,-1.12,0.00
53792.41,9632.00,-1.20,0.00
53791.12,9632.00,-1.28,0.00
53789.77,9632.00,-1.36,0.00
53788.32,9632.00,-1.44,0.00
53786.80,9632.00,-1.52,0.00
53786.00,9632.00,-0.80,0.00
53786.00,9632.00,0.00,0.00
53786.00,9632.00,0.00,0.00
53786.00,9632.00,0.00,0.00
53786.00,9632.00,0.00,0.00
53786.00,9632.00,0.00,0.00
53786.00,9632.00,0.00,0.00
53786.00,9632.00,0.00,0.00
53786.00,9632.00,0.00,0.00
53786.00,9632.00,0.00,0.00
53786.00,9632.00,0.00,0.00
53786.00,9632.00,0.00,0.00
53786.00,9632.00,0.00,0.00
53786.00,9632.00,0.00,0.00
53786.00,9632.00,0.00,0.00
53786.00,9632.00,0.00,0.00
53786.00,9632.00,0.00,0.00
53786.00,9632.00,0.00,0.00
53786.00,9632.00,0.00,0.00
53786.00,9632.00,0.00,0.00
53786.00,9632.00,0.00,0.00
53786.00,9632.00,0.00,0.00
53786.00,9632.00,0.00,0.00
53786.00,9632.00,0.00,0.00
53786.00,9632.00,0.00,0.00
53786.00,9632.00,0.00,0.00
53786.00,9632.00,0.00,0.00
53786.00,9632.00,0.00,0.00
53786.00,9632.00,0.00,0.00
53786.00,9632.00,0.00,0.00
53786.00,9632.00,0.00,0.00
53786.00,9632.00,0.00,0.00
53786.00,9632.00,0.00,0.00
53786.00,9632.00,0.00,0.00
53786.00,9632.00,0.00,0.00
53786.00,9632.00,0.00,0.00
53786.00,9632.00,0.00,0.00
53786.00,9632.00,0.00,0.00
53786.00,9632.00,0.00,0.00
53786.00,9632.00,0.00,0.00
53786.00,9632.00,0.00,0.00
53786.00,9632.00,0.00,0.00
53786.00,9632.00,0.00,0.00
53786.00,9632.00,0.00,0.00
53786.00,9632.00,0.00,0.00
53786.00,9632.00,0.00,0.00
53786.00,9632.00,0.00,0.00
53786.00,9632.00,0.00,0.00
53786.00,9632.00,0.00,0.00
53786.00,9632.00,0.00,0.00
53786.00,9632.00,0.00,0.00
53786.00,9632.00,0.00,0.00
53786.00,9632.00,0.00,0.00
53786.00,9632.00,0.00,0.00
53786.00,9632.00,0.00,0.00
53786.00,9632.00,0.00,0.00
53786.00,9632.00,0.00,0.00
53786.00,9632.00,0.00,0.00
53786.00,9632.00,0.00,0.00
53786.00,9632.00,0.00,0.00
53786.00,9632.00,0.00,0.00
53786.00,9632.00,0.00,0.00
53786.00,9632.00,0.00,0.00
53786.00,9632.00,0.00,0.00
53786.00,9632.00,0.00,0.00
53786.00,9632.00,0.00,0.00
53786.00,9632.00,0.00,0.00
53786.00,9632.00,0.00,0.00
53786.00,9632.00,0.00,0.00
53786.00,9632.00,0.00,0.00
53786.00,9632.00,0.00,0.00
53786.00,9632.00,0.00,0.00
53786.00,9632.00,0.00,0.00
53786.00,9632.00,0.00,0.00
53786.00,9632.00,0.00,0.00
53786.00,9632.00,0.00,0.00
53786.00,9632.00,0.00,0.00
53786.00,9632.00,0.00,0.00
53786.00,9632.00,0.00,0.00
53785.92,9632.00,-0.08,0.00
53785.76,9632.00,-0.16,0.00
53785.52,9632.00,-0.24,0.00
53785.20,9632.00,-0.32,0.00
53784.80,9632.00,-0.40,0.00
53784.32,9632.00,-0.48,0.00
53783.77,9632.00,-0.56,0.00
53783.12,9632.00,-0.64,0.00
53782.41,9632.00,-0.72,0.00
53781.61,9632.00,-0.80,0.00
53780.73,9632.00,-0.88,0.00
53779.77,9632.00,-0.96,0.00
53778.73,9632.00,-1.04,0.00
53777.61,9632.00,-1.12,0.00
53776.41,9632.00,-1.20,0.00
53775.12,9632.00,-1.28,0.00
53773.77,9632.00,-1.36,0.00
53772.32,9632.00,-1.44,0.00
53770.80,9632.00,-1.52,0.00
53770.00,9632.00,-0.80,0.00
53770.00,9632.00,0.00,0.00
53770.00,9632.00,0.00,0.00
53770.00,9632.00,0.00,0.00
53770.00,9632.00,0.00,0.00
53770.00,9632.00,0.00,0.00
53770.00,9632.00,0.00,0.00
53770.00,9632.00,0.00,0.00
53770.00,9632.00,0.00,0.00
53770.00,9632.00,0.00,0.00
53770.00,9632.00,0.00,0.00
53770.00,9632.00,0.00,0.00
53770.00,9632.00,0.00,0.00
53770.00,9632.00,0.00,0.00
53770.00,9632.00,0.00,0.00
53770.00,9632.00,0.00,0.00
53770.00,9632.00,0.00,0.00
53770.00,9632.00,0.00,0.00
53770.00,9632.00,0.00,0.00
53770.00,9632.00,0.00,0.00
53770.00,9632.00,0.00,0.00
53770.00,9632.00,0.00,0.00
53770.00,9632.00,0.00,0.00
53770.00,9632.00,0.00,0.00
53770.00,9632.00,0.00,0.00
53770.00,9632.00,0.00,0.00
53770.00,9632.00,0.00,0.00
53770.00,9632.00,0.00,0.00
53770.00,9632.00,0.00,0.00
53770.00,9632.00,0.00,0.00
53770.00,9632.00,0.00,0.00
53770.00,9632.00,0.00,0.00
53770.00,9632.00,0.00,0.00
53770.00,9632.00,0.00,0.00
53770.00,9632.00,0.00,0.00
53770.00,9632.00,0.00,0.00
53770.00,9632.00,0.00,0.00
53770.00,9632.00,0.00,0.00
53770.00,9632.00,0.00,0.00
53770.00,9632.00,0.00,0.00
53770.00,9632.00,0.00,0.00
53770.00,9632.00,0.00,0.00
53770.00,9632.00,0.00,0.00
53770.00,9632.00,0.00,0.00
53770.00,9632.00,0.00,0.00
53770.00,9632.00,0.00,0.00
53770.00,9632.00,0.00,0.00
53770.00,9632.00,0.00,0.00
53770.00,9632.00,0.00,0.00
53770.00,9632.00,0.00,0.00
53770.00,9632.00,0.00,0.00
53770.00,9632.00,0.00,0.00
53770.00,9632.00,0.00,0.00
53770.00,9632.00,0.00,0.00
53770.00,9632.00,0.00,0.00
53770.00,9632.00,0.00,0.00
53770.00,9632.00,0.00,0.00
53770.00,9632.00,0.00,0.00
53770.00,9632.00,0.00,0.00
53770.00,9632.00,0.00,0.00
53770.00,9632.00,0.00,0.00
53770.00,9632.00,0.00,0.00
53770.00,9632.00,0.00,0.00
53770.00,9632.00,0.00,0.00
53770.00,9632.00,0.00,0.00
53769.92,9632.00,-0.08,0.00
53769.76,9632.00,-0.16,0.00
53769.52,9632.00,-0.24,0.00
53769.20,9632.00,-0.32,0.00
53768.80,9632.00,-0.40,0.00
53768.32,9632.00,-0.48,0.00
53767.77,9632.00,-0.56,0.00
53767.12,9632.00,-0.64,0.00
53766.41,9632.00,-0.72,0.00
53765.61,9632.00,-0.80,0.00
53764.73,9632.00,-0.88,0.00
53763.77,9632.00,-0.96,0.00
53762.73,9632.00,-1.04,0.00
53761.61,9632.00,-1.12,0.00
53760.41,9632.00,-1.20,0.00
53759.12,9632.00,-1.28,0.00
53757.77,9632.00,-1.36,0.00
53756.32,9632.00,-1.44,0.00
53754.80,9632.00,-1.52,0.00
53754.00,9632.00,-0.80,0.00
53754.00,9632.00,0.00,0.00
53754.00,9632.00,0.00,0.00
53754.00,9632.00,0.00,0.00
53754.00,9632.00,0.00,0.00
53754.00,9632.00,0.00,0.00
53754.00,9632.00,0.00,0.00
53754.00,9632.00,0.00,0.00
53754.00,9632.00,0.00,0.00
53754.00,9632.00,0.00,0.00
53754.00,9632.00,0.00,0.00
53754.00,9632.00,0.00,0.00
53754.00,9632.00,0.00,0.00
53754.00,9632.00,0.00,0.00
53754.00,9632.00,0.00,0.00
53754.00,9632.00,0.00,0.00
53754.00,9632.00,0.00,0.00
53754.00,9632.00,0.00,0.00
53754.00,9632.00,0.00,0.00
53754.00,9632.00,0.00,0.00
53754.00,9632.00,0.00,0.00
53754.00,9632.00,0.00,0.00
53754.00,9632.00,0.00,0.00
53754.00,9632.00,0.00,0.00
53754.00,9632.00,0.00,0.00
53754.00,9632.00,0.00,0.00
53754.00,9632.00,0.00,0.00
53754.00,9632.00,0.00,0.00
53754.00,9632.00,0.00,0.00
53754.00,9632.00,0.00,0.00
53754.00,9632.00,0.00,0.00
53754.00,9632.00,0.00,0.00
53754.00,9632.00,0.00,0.00
53754.00,9632.00,0.00,0.00
53754.00,9632.00,0.00,0.00
53754.00,9632.00,0.00,0.00
53754.00,9632.00,0.00,0.00
53754.00,9632.00,0.00,0.00
53754.00,9632.00,0.00,0.00
53754.00,9632.00,0.00,0.00
53754.00,9632.00,0.00,0.00
53754.00,9632.00,0.00,0.00
53754.00,9632.00,0.00,0.00
53754.00,9632.00,0.00,0.00
53754.00,9632.00,0.00,0.00
53754.00,9632.00,0.00,0.00
53754.00,9632.00,0.00,0.00
53754.00,9632.00,0.00,0.00
53754.00,9632.00,0.00,0.00
53754.00,9632.00,0.00,0.00
53754.00,9632.00,0.00,0.00
53754.00,9632.00,0.00,0.00
53754.00,9632.00,0.00,0.00
53754.00,9632.00,0.00,0.00
53754.00,9632.00,0.00,0.00
53754.00,9632.00,0.00,0.00
53754.00,9632.00,0.00,0.00
53754.00,9632.00,0.00,0.00
53754.00,9632.00,0.00,0.00
53754.00,9632.00,0.00,0.00
53754.00,9632.00,0.00,0.00
53754.00,9632.00,0.00,0.00
53754.00,9632.00,0.00,0.00
53754.00,9632.00,0.00,0.00
53754.00,9632.00,0.00,0.00
53754.00,9632.00,0.00,0.00
53754.00,9632.00,0.00,0.00
53753.92,9632.00,-0.08,0.00
53753.76,9632.00,-0.16,0.00
53753.52,9632.00,-0.24,0.00
53753.20,9632.00,-0.32,0.00
53752.80,9632.00,-0.40,0.00
53752.32,9632.00,-0.48,0.00
53752.04,9632.00,-0.28,0.00
53751.96,9632.00,-0.08,0.00
53751.96,9632.00,0.00,0.00
53751.96,9632.00,0.00,0.00
53751.96,9632.00,0.00,0.00
53751.96,9632.00,0.00,0.00
53751.89,9632.00,-0.08,0.00
53751.73,9632.00,-0.16,0.00
53751.49,9632.00,-0.24,0.00
53751.17,9632.00,-0.32,0.00
53750.77,9632.00,-0.40,0.00
53750.29,9632.00,-0.48,0.00
53749.73,9632.00,-0.56,0.00
53749.09,9632.00,-0.64,0.00
53748.37,9632.00,-0.72,0.00
53747.57,9632.00,-0.80,0.00
53746.69,9632.00,-0.88,0.00
53745.73,9632.00,-0.96,0.00
53744.69,9632.00,-1.04,0.00
53743.57,9632.00,-1.12,0.00
53742.37,9632.00,-1.20,0.00
53741.09,9632.00,-1.28,0.00
53739.73,9632.00,-1.36,0.00
53738.29,9632.00,-1.44,0.00
53738.00,9632.00,-0.29,0.00
53738.00,9632.00,0.00,0.00
53738.00,9632.00,0.00,0.00
53738.00,9632.00,0.00,0.00
53738.00,9632.00,0.00,0.00
53738.00,9632.00,0.00,0.00
53738.00,9632.00,0.00,0.00
53738.00,9632.00,0.00,0.00
53738.00,9632.00,0.00,0.00
53738.00,9632.00,0.00,0.00
53738.00,9632.00,0.00,0.00
53738.00,9632.00,0.00,0.00
53738.00,9632.00,0.00,0.00
53738.00,9632.00,0.00,0.00
53738.00,9632.00,0.00,0.00
53738.00,9632.00,0.00,0.00
53738.00,9632.00,0.00,0.00
53738.00,9632.00,0.00,0.00
53738.00,9632.00,0.00,0.00
53738.00,9632.00,0.00,0.00
53738.00,9632.00,0.00,0.00
53738.00,9632.00,0.00,0.00
53738.00,9632.00,0.00,0.00
53738.00,9632.00,0.00,0.00
53738.00,9632.00,0.00,0.00
53738.00,9632.00,0.00,0.00
53738.00,9632.00,0.00,0.00
53738.00,9632.00,0.00,0.00
53738.00,9632.00,0.00,0.00
53738.00,9632.00,0.00,0.00
53738.00,9632.00,0.00,0.00
53738.00,9632.00,0.00,0.00
53738.00,9632.00,0.00,0.00
53738.00,9632.00,0.00,0.00
53738.00,9632.00,0.00,0.00
53738.00,9632.00,0.00,0.00
53738.00,9632.00,0.00,0.00
53738.00,9632.00,0.00,0.00
53738.00,9632.00,0.00,0.00
53738.00,9632.00,0.00,0.00
53738.00,9632.00,0.00,0.00
53738.00,9632.00,0.00,0.00
53738.00,9632.00,0.00,0.00
53738.00,9632.00,0.00,0.00
53738.00,9632.00,0.00,0.00
53738.00,9632.00,0.00,0.00
53738.00,9632.00,0.00,0.00
53738.00,9632.00,0.00,0.00
53738.00,9632.00,0.00,0.00
53738.00,9632.00,0.00,0.00
53738.00,9632.00,0.00,0.00
53738.00,9632.00,0.00,0.00
53738.00,9632.00,0.00,0.00
53738.00,9632.00,0.00,0.00
53738.00,9632.00,0.00,0.00
53738.00,9632.00,0.00,0.00
53738.00,9632.00,0.00,0.00
53738.00,9632.00,0.00,0.00
53738.00,9632.00,0.00,0.00
53738.00,9632.00,0.00,0.00
53738.00,9632.00,0.00,0.00
53738.00,9632.00,0.00,0.00
53738.00,9632.00,0.00,0.00
53738.00,9632.00,0.00,0.00
53738.00,9632.00,0.00,0.00
53738.00,9632.00,0.00,0.00
53738.00,9632.00,0.00,0.00
53738.00,9632.00,0.00,0.00
53738.00,9632.00,0.00,0.00
53738.00,9632.00,0.00,0.00
53738.00,9632.00,0.00,0.00
53738.00,9632.00,0.00,0.00
53738.00,9632.00,0.00,0.00
53738.00,9632.00,0.00,0.00
53738.00,9632.00,0.00,0.00
53738.00,9632.00,0.00,0.00
53738.00,9632.00,0.00,0.00
53738.00,9632.00,0.00,0.00
53738.00,9632.00,0.00,0.00
53738.00,9632.00,0.00,0.00
53738.00,9632.00,0.00,0.00
53738.00,9632.00,0.00,0.00
53738.00,9632.00,0.00,0.00
53738.00,9632.00,0.00,0.00
53738.00,9632.00,0.00,0.00
53738.00,9632.00,0.00,0.00
53738.00,9632.00,0.00,0.00
53738.00,9632.00,0.00,0.00
53738.00,9632.00,0.00,0.00
53738.00,9632.00,0.00,0.00
53738.00,9632.00,0.00,0.00
53738.00,9632.00,0.00,0.00
53738.00,9632.00,0.00,0.00
53738.00,9632.00,0.00,0.00
53738.00,9632.00,0.00,0.00
53738.00,9632.00,0.00,0.00
53738.00,9632.00,0.00,0.00
53738.00,9632.00,0.00,0.00
53738.00,9632.00,0.00,0.00
53738.00,9632.00,0.00,0.00
53738.00,9632.00,0.00,0.00
53738.00,9632.00,0.00,0.00
53738.00,9632.00,0.00,0.00
53738.00,9632.00,0.00,0.00
53738.00,9632.00,0.00,0.00
53738.00,9632.00,0.00,0.00
53738.00,9632.00,0.00,0.00
53738.00,9632.00,0.00,0.00
53738.00,9632.00,0.00,0.00
53738.00,9632.00,0.00,0.00
53738.00,9632.00,0.00,0.00
53738.00,9632.00,0.00,0.00
53738.00,9632.00,0.00,0.00
53738.00,9632.00,0.00,0.00
53738.00,9632.00,0.00,0.00
53738.00,9632.00,0.00,0.00
53738.00,9632.00,0.00,0.00
53738.00,9632.00,0.00,0.00
53738.00,9632.00,0.00,0.00
53738.00,9632.00,0.00,0.00
53738.00,9632.00,0.00,0.00
53738.00,9632.00,0.00,0.00
53738.00,9632.00,0.00,0.00
53738.00,9632.00,0.00,0.00
53738.00,9632.00,0.00,0.00
53738.00,9632.00,0.00,0.00
53738.00,9632.00,0.00,0.00
53738.00,9632.00,0.00,0.00
53738.00,9632.00,0.00,0.00
53738.00,9632.00,0.00,0.00
53738.00,9632.00,0.00,0.00
53738.00,9632.00,0.00,0.00
53738.00,9632.00,0.00,0.00
53738.00,9632.00,0.00,0.00
53738.00,9632.00,0.00,0.00
53738.00,9632.00,0.00,0.00
53738.00,9632.00,0.00,0.00
53738.00,9632.00,0.00,0.00
53738.00,9632.00,0.00,0.00
53738.00,9632.00,0.00,0.00
53738.00,9632.00,0.00,0.00
53738.00,9632.00,0.00,0.00
53738.00,9632.00,0.00,0.00
53738.00,9632.00,0.00,0.00
53738.00,9632.00,0.00,0.00
53738.00,9632.00,0.00,0.00
53738.00,9632.00,0.00,0.00
53738.00,9632.00,0.00,0.00
53738.00,9632.00,0.00,0.00
53738.00,9632.00,0.00,0.00
53738.00,9632.00,0.00,0.00
53738.00,9632.00,0.00,0.00
53738.00,9632.00,0.00,0.00
53738.00,9632.00,0.00,0.00
53738.00,9632.00,0.00,0.00
53738.00,9632.00,0.00,0.00
53738.00,9632.00,0.00,0.00
53738.00,9632.00,0.00,0.00
53738.00,9632.00,0.00,0.00
53738.00,9632.00,0.00,0.00
53738.00,9632.00,0.00,0.00
53738.00,9632.00,0.00,0.00
53738.00,9632.00,0.00,0.00
53738.00,9632.00,0.00,0.00
53738.00,9632.00,0.00,0.00
53738.00,9632.00,0.00,0.00
53738.00,9632.00,0.00,0.00
53738.00,9632.00,0.00,0.00
53738.00,9632.00,0.00,0.00
53738.00,9632.00,0.00,0.00
53738.00,9632.00,0.00,0.00
53738.00,9632.00,0.00,0.00
53738.00,9632.00,0.00,0.00
53738.00,9632.00,0.00,0.00
53738.00,9632.00,0.00,0.00
53738.00,9632.00,0.00,0.00
53738.00,9632.00,0.00,0.00
53738.00,9632.00,0.00,0.00
53738.00,9632.00,0.00,0.00
53738.00,9632.00,0.00,0.00
53738.00,9632.00,0.00,0.00
53738.00,9632.00,0.00,0.00
53738.00,9632.00,0.00,0.00
53738.00,9632.00,0.00,0.00
53738.00,9632.00,0.00,0.00
53738.00,9632.00,0.00,0.00
53738.00,9632.00,0.00,0.00
53738.00,9632.00,0.00,0.00
53738.00,9632.00,0.00,0.00
53738.00,9632.00,0.00,0.00
53738.00,9632.00,0.00,0.00
53738.00,9632.00,0.00,0.00
53738.00,9632.00,0.00,0.00
53738.00,9632.00,0.00,0.00
53738.00,9632.00,0.00,0.00
53738.00,9632.00,0.00,0.00
53738.00,9632.00,0.00,0.00
53738.00,9632.00,0.00,0.00
53738.00,9632.00,0.00,0.00
53738.00,9632.00,0.00,0.00
53738.00,9632.00,0.00,0.00
53738.00,9632.00,0.00,0.00
53738.00,9632.00,0.00,0.00
53738.00,9632.00,0.00,0.00
53738.00,9632.00,0.00,0.00
53738.00,9632.00,0.00,0.00
53738.00,9632.00,0.00,0.00
53738.00,9632.00,0.00,0.00
53738.00,9632.00,0.00,0.00
53738.00,9632.00,0.00,0.00
53738.00,9632.00,0.00,0.00
53738.00,9632.00,0.00,0.00
53738.00,9632.00,0.00,0.00
53738.00,9632.00,0.00,0.00
53738.00,9632.00,0.00,0.00
53738.00,9632.00,0.00,0.00
53738.00,9632.00,0.00,0.00
53738.00,9632.00,0.00,0.00
53738.00,9632.00,0.00,0.00
53738.00,9632.00,0.00,0.00
53738.00,9632.00,0.00,0.00
53738.00,9632.00,0.00,0.00
53738.00,9632.00,0.00,0.00
53738.00,9632.00,0.00,0.00
53738.00,9632.00,0.00,0.00
53738.00,9632.00,0.00,0.00
53738.00,9632.00,0.00,0.00
53738.00,9632.00,0.00,0.00
53738.00,9632.00,0.00,0.00
53738.00,9632.00,0.00,0.00
53738.00,9632.00,0.00,0.00
53738.00,9632.00,0.00,0.00
53738.00,9632.00,0.00,0.00
53738.00,9632.00,0.00,0.00
53738.00,9632.00,0.00,0.00
53738.00,9632.00,0.00,0.00
53738.00,9632.00,0.00,0.00
53738.00,9632.00,0.00,0.00
53738.00,9632.00,0.00,0.00
53738.00,9632.00,0.00,0.00
53738.00,9632.00,0.00,0.00
53738.00,9632.00,0.00,0.00
53738.00,9632.00,0.00,0.00
53738.00,9632.00,0.00,0.00
53738.00,9632.00,0.00,0.00
53738.00,9632.00,0.00,0.00
53738.00,9632.00,0.00,0.00
53738.00,9632.00,0.00,0.00
53738.00,9632.00,0.00,0.00
53738.00,9632.00,0.00,0.00
53738.00,9632.00,0.00,0.00
53738.00,9632.00,0.00,0.00
53738.00,9632.00,0.00,0.00
53738.00,9632.00,0.00,0.00
53738.00,9632.00,0.00,0.00
53738.00,9632.00,0.00,0.00
53738.00,9632.00,0.00,0.00
53738.00,9632.00,0.00,0.00
53738.00,9632.00,0.00,0.00
53738.00,9632.00,0.00,0.00
53738.00,9632.00,0.00,0.00
53738.00,9632.00,0.00,0.00
53738.00,9632.00,0.00,0.00
53738.00,9632.00,0.00,0.00
53738.00,9632.00,0.00,0.00
53738.00,9632.00,0.00,0.00
53738.00,9632.00,0.00,0.00
53738.00,9632.00,0.00,0.00
53738.00,9632.00,0.00,0.00
53738.00,9632.00,0.00,0.00
53738.00,9632.00,0.00,0.00
53738.00,9632.00,0.00,0.00
53738.00,9632.00,0.00,0.00
53738.00,9632.00,0.00,0.00
53738.00,9632.00,0.00,0.00
53738.00,9632.00,0.00,0.00
53738.00,9632.00,0.00,0.00
53738.00,9632.00,0.00,0.00
53738.00,9632.00,0.00,0.00
53738.00,9632.00,0.00,0.00
53738.00,9632.00,0.00,0.00
53738.00,9632.00,0.00,0.00
53738.00,9632.00,0.00,0.00
53738.00,9632.00,0.00,0.00
53738.00,9632.00,0.00,0.00
53738.00,9632.00,0.00,0.00
53738.00,9632.00,0.00,0.00
53738.00,9632.00,0.00,0.00
53738.00,9632.00,0.00,0.00
53738.00,9632.00,0.00,0.00
53738.00,9632.00,0.00,0.00
53738.00,9632.00,0.00,0.00
53738.00,9632.00,0.00,0.00
53738.00,9632.00,0.00,0.00
53738.00,9632.00,0.00,0.00
53738.00,9632.00,0.00,0.00
53738.00,9632.00,0.00,0.00
53738.00,9632.00,0.00,0.00
53738.00,9632.00,0.00,0.00
53738.00,9632.00,0.00,0.00
53738.00,9632.00,0.00,0.00
53738.00,9632.00,0.00,0.00
53738.00,9632.00,0.00,0.00
53738.00,9632.00,0.00,0.00
53738.00,9632.00,0.00,0.00
53738.00,9632.00,0.00,0.00
53738.00,9632.00,0.00,0.00
53738.00,9632.00,0.00,0.00
53738.00,9632.00,0.00,0.00
53738.00,9632.00,0.00,0.00
53738.00,9632.00,0.00,0.00
53738.00,9632.00,0.00,0.00
53738.00,9632.00,0.00,0.00
53738.00,9632.00,0.00,0.00
53738.00,9632.00,0.00,0.00
53738.00,9632.00,0.00,0.00
53738.00,9632.00,0.00,0.00
53738.00,9632.00,0.00,0.00
53738.00,9632.00,0.00,0.00
53738.00,9632.00,0.00,0.00
53738.00,9632.00,0.00,0.00
53738.00,9632.00,0.00,0.00
53738.00,9632.00,0.00,0.00
53738.00,9632.00,0.00,0.00
53738.00,9632.00,0.00,0.00
53738.00,9632.00,0.00,0.00
53738.00,9632.00,0.00,0.00
53738.00,9632.00,0.00,0.00
53738.00,9632.00,0.00,0.00
53738.00,9632.00,0.00,0.00
53738.00,9632.00,0.00,0.00
53738.00,9632.00,0.00,0.00
53738.00,9632.00,0.00,0.00
53738.00,9632.00,0.00,0.00
53738.00,9632.00,0.00,0.00
53738.00,9632.00,0.00,0.00
53738.00,9632.00,0.00,0.00
53738.00,9632.00,0.00,0.00
53738.00,9632.00,0.00,0.00
53738.00,9632.00,0.00,0.00
53738.00,9632.00,0.00,0.00
53738.00,9632.00,0.00,0.00
53738.00,9632.00,0.00,0.00
53738.00,9632.00,0.00,0.00
53738.00,9632.00,0.00,0.00
53738.00,9632.00,0.00,0.00
53738.00,9632.00,0.00,0.00
53738.00,9632.00,0.00,0.00
53738.00,9632.00,0.00,0.00
53738.00,9632.00,0.00,0.00
53738.00,9632.00,0.00,0.00
53738.00,9632.00,0.00,0.00
53738.00,9632.00,0.00,0.00
53738.00,9632.00,0.00,0.00
53738.00,9632.00,0.00,0.00
53738.00,9632.00,0.00,0.00
53738.00,9632.00,0.00,0.00
53738.00,9632.00,0.00,0.00
53738.00,9632.00,0.00,0.00
53738.00,9632.00,0.00,0.00
53738.00,9632.00,0.00,0.00
53738.00,9632.00,0.00,0.00
53738.00,9632.00,0.00,0.00
53738.00,9632.00,0.00,0.00
53738.00,9632.00,0.00,0.00
53738.00,9632.00,0.00,0.00
53738.00,9632.00,0.00,0.00
53738.00,9632.00,0.00,0.00
53738.00,9632.00,0.00,0.00
53738.00,9632.00,0.00,0.00
53738.00,9632.00,0.00,0.00
53738.00,9632.00,0.00,0.00
53738.00,9632.00,0.00,0.00
53738.00,9632.00,0.00,0.00
53738.00,9632.00,0.00,0.00
53738.00,9632.00,0.00,0.00
53738.00,9632.00,0.00,0.00
53738.00,9632.00,0.00,0.00
53738.00,9632.00,0.00,0.00
53738.00,9632.00,0.00,0.00
53738.00,9632.00,0.00,0.00
53738.00,9632.00,0.00,0.00
53738.00,9632.00,0.00,0.00
53738.00,9632.00,0.00,0.00
53738.00,9632.00,0.00,0.00
53738.00,9632.00,0.00,0.00
53738.00,9632.00,0.00,0.00
53738.00,9632.00,0.00,0.00
53738.00,9632.00,0.00,0.00
53738.00,9632.00,0.00,0.00
53738.00,9632.00,0.00,0.00
53738.00,9632.00,0.00,0.00
53738.00,9632.00,0.00,0.00
53738.00,9632.00,0.00,0.00
53738.00,9632.00,0.00,0.00
53738.00,9632.00,0.00,0.00
53738.00,9632.00,0.00,0.00
53738.00,9632.00,0.00,0.00
53738.00,9632.00,0.00,0.00
53738.00,9632.00,0.00,0.00
53738.00,9632.00,0.00,0.00
53738.00,9632.00,0.00,0.00
53738.00,9632.00,0.00,0.00
53738.00,9632.00,0.00,0.00
53738.00,9632.00,0.00,0.00
53738.00,9632.00,0.00,0.00
53738.00,9632.00,0.00,0.00
53738.00,9632.00,0.00,0.00
53738.00,9632.00,0.00,0.00
53738.00,9632.00,0.00,0.00
53738.00,9632.00,0.00,0.00
53738.00,9632.00,0.00,0.00
53738.00,9632.00,0.00,0.00
53738.00,9632.00,0.00,0.00
53738.00,9632.00,0.00,0.00
53738.00,9632.00,0.00,0.00
53738.00,9632.00,0.00,0.00
53738.00,9632.00,0.00,0.00
53738.00,9632.00,0.00,0.00
53738.00,9632.00,0.00,0.00
53738.00,9632.00,0.00,0.00
53738.00,9632.00,0.00,0.00
53738.00,9632.00,0.00,0.00
53738.00,9632.00,0.00,0.00
53738.00,9632.00,0.00,0.00
53738.00,9632.00,0.00,0.00
53738.00,9632.00,0.00,0.00
53738.00,9632.00,0.00,0.00
53738.00,9632.00,0.00,0.00
53738.00,9632.00,0.00,0.00
53738.00,9632.00,0.00,0.00
53738.00,9632.00,0.00,0.00
53738.00,9632.00,0.00,0.00
53738.00,9632.00,0.00,0.00
53738.00,9632.00,0.00,0.00
53738.00,9632.00,0.00,0.00
53738.00,9632.00,0.00,0.00
53738.00,9632.00,0.00,0.00
53738.00,9632.00,0.00,0.00
53738.00,9632.00,0.00,0.00
53738.00,9632.00,0.00,0.00
53738.00,9632.00,0.00,0.00
53738.00,9632.00,0.00,0.00
53738.00,9632.00,0.00,0.00
53738.00,9632.00,0.00,0.00
53738.00,9632.00,0.00,0.00
53738.00,9632.00,0.00,0.00
53738.00,9632.00,0.00,0.00
53738.00,9632.00,0.00,0.00
53738.00,9632.00,0.00,0.00
53738.00,9632.00,0.00,0.00
53738.00,9632.00,0.00,0.00
53738.00,9632.00,0.00,0.00
53738.00,9632.00,0.00,0.00
53738.00,9632.00,0.00,0.00
53738.00,9632.00,0.00,0.00
53738.00,9632.00,0.00,0.00
53738.00,9632.00,0.00,0.00
53738.00,9632.00,0.00,0.00
53738.00,9632.00,0.00,0.00
53738.00,9632.00,0.00,0.00
53738.00,9632.00,0.00,0.00
53738.00,9632.00,0.00,0.00
53738.00,9632.00,0.00,0.00
53738.00,9632.00,0.00,0.00
53738.00,9632.00,0.00,0.00
53738.00,9632.00,0.00,0.00
53738.00,9632.00,0.00,0.00
53738.00,9632.00,0.00,0.00
53738.00,9632.00,0.00,0.00
53738.00,9632.00,0.00,0.00
53738.00,9632.00,0.00,0.00
53738.00,9632.00,0.00,0.00
53738.00,9632.00,0.00,0.00
53738.00,9632.00,0.00,0.00
53738.00,9632.00,0.00,0.00
53738.00,9632.00,0.00,0.00
53738.00,9632.00,0.00,0.00
53738.00,9632.00,0.00,0.00
53738.00,9632.00,0.00,0.00
53738.00,9632.00,0.00,0.00
53738.08,9632.00,0.08,0.00
53738.24,9632.00,0.16,0.00
53738.48,9632.00,0.24,0.00
53738.80,9632.00,0.32,0.00
53739.20,9632.00,0.40,0.00
53739.68,9632.00,0.48,0.00
53740.23,9632.00,0.56,0.00
53740.88,9632.00,0.64,0.00
53741.59,9632.00,0.72,0.00
53742.39,9632.00,0.80,0.00
53743.27,9632.00,0.88,0.00
53744.23,9632.00,0.96,0.00
53745.27,9632.00,1.04,0.00
53746.39,9632.00,1.12,0.00
53747.32,9632.00,0.92,0.00
53748.04,9632.00,0.72,0.00
53748.55,9632.00,0.52,0.00
53748.88,9632.00,0.32,0.00
53749.00,9632.00,0.12,0.00
53749.00,9632.00,0.00,0.00
53749.00,9632.00,0.00,0.00
53749.00,9632.00,0.00,0.00
53749.00,9632.00,0.00,0.00
53749.00,9632.00,0.00,0.00
53749.00,9632.00,0.00,0.00
53749.00,9632.00,0.00,0.00
53749.00,9632.00,0.00,0.00
53749.00,9632.00,0.00,0.00
53749.00,9632.00,0.00,0.00
53749.00,9632.00,0.00,0.00
53749.00,9632.00,0.00,0.00
53749.00,9632.00,0.00,0.00
53749.00,9632.00,0.00,0.00
53749.00,9632.00,0.00,0.00
53749.00,9632.00,0.00,0.00
53749.00,9632.00,0.00,0.00
53749.00,9632.00,0.00,0.00
53749.00,9632.00,0.00,0.00
53749.00,9632.00,0.00,0.00
53749.00,9632.00,0.00,0.00
53749.00,9632.00,0.00,0.00
53749.00,9632.00,0.00,0.00
53749.00,9632.00,0.00,0.00
53749.00,9632.00,0.00,0.00
53749.00,9632.00,0.00,0.00
53749.00,9632.00,0.00,0.00
53749.00,9632.00,0.00,0.00
53749.00,9632.00,0.00,0.00
53749.00,9632.00,0.00,0.00
53749.00,9632.00,0.00,0.00
53749.00,9632.00,0.00,0.00
53749.00,9632.00,0.00,0.00
53749.00,9632.00,0.00,0.00
53749.00,9632.00,0.00,0.00
53749.00,9632.00,0.00,0.00
53749.00,9632.00,0.00,0.00
53749.00,9632.00,0.00,0.00
53749.00,9632.00,0.00,0.00
53749.00,9632.00,0.00,0.00
53749.00,9632.00,0.00,0.00
53749.00,9632.00,0.00,0.00
53749.00,9632.00,0.00,0.00
53749.00,9632.00,0.00,0.00
53749.00,9632.00,0.00,0.00
53749.00,9632.00,0.00,0.00
53749.00,9632.00,0.00,0.00
53749.00,9632.00,0.00,0.00
53749.00,9632.00,0.00,0.00
53749.00,9632.00,0.00,0.00
53749.00,9632.00,0.00,0.00
53749.00,9632.00,0.00,0.00
53749.00,9632.00,0.00,0.00
53749.00,9632.00,0.00,0.00
53748.92,9632.00,-0.08,0.00
53748.76,9632.00,-0.16,0.00
53748.52,9632.00,-0.24,0.00
53748.20,9632.00,-0.32,0.00
53747.80,9632.00,-0.40,0.00
53747.32,9632.00,-0.48,0.00
53746.76,9632.00,-0.56,0.00
53746.40,9632.00,-0.36,0.00
53746.24,9632.00,-0.16,0.00
53746.24,9632.00,0.00,0.00
53746.24,9632.00,0.00,0.00
53746.24,9632.00,0.00,0.00
53746.24,9632.00,0.00,0.00
53746.24,9632.00,0.00,0.00
53746.24,9632.00,0.00,0.00
53746.24,9632.00,0.00,0.00
53746.24,9632.00,0.00,0.00
53746.24,9632.00,0.00,0.00
53746.24,9632.00,0.00,0.00
53746.24,9632.00,0.00,0.00
53746.24,9632.00,0.00,0.00
53746.32,9632.00,0.08,0.00
53746.48,9632.00,0.16,0.00
53746.72,9632.00,0.24,0.00
53747.04,9632.00,0.32,0.00
53747.44,9632.00,0.40,0.00
53747.92,9632.00,0.48,0.00
53748.48,9632.00,0.56,0.00
53749.12,9632.00,0.64,0.00
53749.84,9632.00,0.72,0.00
53750.64,9632.00,0.80,0.00
53751.52,9632.00,0.88,0.00
53752.48,9632.00,0.96,0.00
53753.52,9632.00,1.04,0.00
53754.64,9632.00,1.12,0.00
53755.84,9632.00,1.20,0.00
53756.84,9632.00,1.00,0.00
53757.64,9632.00,0.80,0.00
53758.24,9632.00,0.60,0.00
53758.64,9632.00,0.40,0.00
53758.84,9632.00,0.20,0.00
53758.84,9632.00,0.00,0.00
53758.84,9632.00,0.00,0.00
53758.84,9632.00,0.00,0.00
53758.84,9632.00,0.00,0.00
53758.84,9632.00,0.00,0.00
53758.84,9632.00,0.00,0.00
53758.84,9632.00,0.00,0.00
53758.84,9632.00,0.00,0.00
53758.84,9632.00,0.00,0.00
53758.84,9632.00,0.00,0.00
53758.84,9632.00,0.00,0.00
53758.84,9632.00,0.00,0.00
53758.84,9632.00,0.00,0.00
53758.84,9632.00,0.00,0.00
53758.84,9632.00,0.00,0.00
53758.84,9632.00,0.00,0.00
53758.84,9632.00,0.00,0.00
53758.84,9632.00,0.00,0.00
53758.84,9632.00,0.00,0.00
53758.84,9632.00,0.00,0.00
53758.84,9632.00,0.00,0.00
53758.84,9632.00,0.00,0.00
53758.84,9632.00,0.00,0.00
53758.84,9632.00,0.00,0.00
53758.84,9632.00,0.00,0.00
53758.84,9632.00,0.00,0.00
53758.84,9632.00,0.00,0.00
53758.84,9632.00,0.00,0.00
53758.84,9632.00,0.00,0.00
53758.84,9632.00,0.00,0.00
53758.84,9632.00,0.00,0.00
53758.84,9632.00,0.00,0.00
53758.84,9632.00,0.00,0.00
53758.84,9632.00,0.00,0.00
53758.84,9632.00,0.00,0.00
53758.84,9632.00,0.00,0.00
53758.84,9632.00,0.00,0.00
53758.84,9632.00,0.00,0.00
53758.84,9632.00,0.00,0.00
53758.84,9632.00,0.00,0.00
53758.84,9632.00,0.00,0.00
53758.84,9632.00,0.00,0.00
53758.84,9632.00,0.00,0.00
53758.84,9632.00,0.00,0.00
53758.84,9632.00,0.00,0.00
53758.84,9632.00,0.00,0.00
53758.84,9632.00,0.00,0.00
53758.84,9632.00,0.00,0.00
53758.84,9632.00,0.00,0.00
53758.84,9632.00,0.00,0.00
53758.84,9632.00,0.00,0.00
53758.84,9632.00,0.00,0.00
53758.84,9632.00,0.00,0.00
53758.84,9632.00,0.00,0.00
53758.84,9632.00,0.00,0.00
53758.84,9632.00,0.00,0.00
53758.84,9632.00,0.00,0.00
53758.84,9632.00,0.00,0.00
53758.84,9632.00,0.00,0.00
53758.84,9632.00,0.00,0.00
53758.84,9632.00,0.00,0.00
53758.84,9632.00,0.00,0.00
53758.84,9632.00,0.00,0.00
53758.84,9632.00,0.00,0.00
53758.84,9632.00,0.00,0.00
53758.84,9632.00,0.00,0.00
53758.84,9632.00,0.00,0.00
53758.84,9632.00,0.00,0.00
53758.84,9632.00,0.00,0.00
53758.84,9632.00,0.00,0.00
53758.84,9632.00,0.00,0.00
53758.84,9632.00,0.00,0.00
53758.84,9632.00,0.00,0.00
53758.84,9632.00,0.00,0.00
53758.84,9632.00,0.00,0.00
53758.84,9632.00,0.00,0.00
53758.84,9632.00,0.00,0.00
53758.84,9632.00,0.00,0.00
53758.84,9632.00,0.00,0.00
53758.84,9632.00,0.00,0.00
53758.84,9632.00,0.00,0.00
53758.84,9632.00,0.00,0.00
53758.84,9632.00,0.00,0.00
53758.84,9632.00,0.00,0.00
53758.84,9632.00,0.00,0.00
53758.84,9632.00,0.00,0.00
53758.84,9632.00,0.00,0.00
53758.84,9632.00,0.00,0.00
53758.84,9632.00,0.00,0.00
53758.84,9632.00,0.00,0.00
53758.84,9632.00,0.00,0.00
53758.84,9632.00,0.00,0.00
53758.84,9632.00,0.00,0.00
53758.84,9632.00,0.00,0.00
53758.84,9632.00,0.00,0.00
53758.84,9632.00,0.00,0.00
53758.84,9632.00,0.00,0.00
53758.84,9632.00,0.00,0.00
53758.84,9632.00,0.00,0.00
53758.84,9632.00,0.00,0.00
53758.84,9632.00,0.00,0.00
53758.84,9632.00,0.00,0.00
53758.84,9632.00,0.00,0.00
53758.84,9632.00,0.00,0.00
53758.84,9632.00,0.00,0.00
53758.84,9632.00,0.00,0.00
53758.84,9632.00,0.00,0.00
53758.84,9632.00,0.00,0.00
53758.84,9632.00,0.00,0.00
53758.84,9632.00,0.00,0.00
53758.84,9632.00,0.00,0.00
53758.84,9632.00,0.00,0.00
53758.84,9632.00,0.00,0.00
53758.84,9632.00,0.00,0.00
53758.84,9632.00,0.00,0.00
53758.84,9632.00,0.00,0.00
53758.84,9632.00,0.00,0.00
53758.84,9632.00,0.00,0.00
53758.84,9632.00,0.00,0.00
53758.84,9632.00,0.00,0.00
53758.84,9632.00,0.00,0.00
53758.84,9632.00,0.00,0.00
53758.84,9632.00,0.00,0.00
53758.84,9632.00,0.00,0.00
53758.84,9632.00,0.00,0.00
53758.84,9632.00,0.00,0.00
53758.84,9632.00,0.00,0.00
53758.84,9632.00,0.00,0.00
53758.84,9632.00,0.00,0.00
53758.84,9632.00,0.00,0.00
53758.84,9632.00,0.00,0.00
53758.84,9632.00,0.00,0.00
53758.84,9632.00,0.00,0.00
53758.84,9632.00,0.00,0.00
53758.84,9632.00,0.00,0.00
53758.84,9632.00,0.00,0.00
53758.84,9632.00,0.00,0.00
53758.84,9632.00,0.00,0.00
53758.84,9632.00,0.00,0.00
53758.84,9632.00,0.00,0.00
53758.84,9632.00,0.00,0.00
53758.84,9632.00,0.00,0.00
53758.84,9632.00,0.00,0.00
53758.84,9632.00,0.00,0.00
53758.84,9632.00,0.00,0.00
53758.84,9632.00,0.00,0.00
53758.84,9632.00,0.00,0.00
53758.84,9632.00,0.00,0.00
53758.84,9632.00,0.00,0.00
53758.84,9632.00,0.00,0.00
53758.84,9632.00,0.00,0.00
53758.84,9632.00,0.00,0.00
53758.84,9632.00,0.00,0.00
53758.84,9632.00,0.00,0.00
53758.84,9632.00,0.00,0.00
53758.84,9632.00,0.00,0.00
53758.84,9632.00,0.00,0.00
53758.84,9632.00,0.00,0.00
53758.84,9632.00,0.00,0.00
53758.84,9632.00,0.00,0.00
53758.84,9632.00,0.00,0.00
53758.84,9632.00,0.00,0.00
53758.84,9632.00,0.00,0.00
53758.84,9632.00,0.00,0.00
53758.84,9632.00,0.00,0.00
53758.84,9632.00,0.00,0.00
53758.84,9632.00,0.00,0.00
53758.84,9632.00,0.00,0.00
53758.84,9632.00,0.00,0.00
53758.84,9632.00,0.00,0.00
53758.84,9632.00,0.00,0.00
53758.84,9632.00,0.00,0.00
53758.84,9632.00,0.00,0.00
53758.84,9632.00,0.00,0.00
53758.84,9632.00,0.00,0.00
53758.84,9632.00,0.00,0.00
53758.84,9632.00,0.00,0.00
53758.84,9632.00,0.00,0.00
53758.84,9632.00,0.00,0.00
53758.84,9632.00,0.00,0.00
53758.84,9632.00,0.00,0.00
53758.84,9632.00,0.00,0.00
53758.84,9632.00,0.00,0.00
53758.84,9632.00,0.00,0.00
53758.84,9632.00,0.00,0.00
53758.84,9632.00,0.00,0.00
53758.84,9632.00,0.00,0.00
53758.84,9632.00,0.00,0.00
53758.84,9632.00,0.00,0.00
53758.84,9632.00,0.00,0.00
53758.84,9632.00,0.00,0.00
53758.84,9632.00,0.00,0.00
53758.84,9632.00,0.00,0.00
53758.84,9632.00,0.00,0.00
53758.84,9632.00,0.00,0.00
53758.84,9632.00,0.00,0.00
53758.84,9632.00,0.00,0.00
53758.84,9632.00,0.00,0.00
53758.84,9632.00,0.00,0.00
53758.84,9632.00,0.00,0.00
53758.84,9632.00,0.00,0.00
53758.84,9632.00,0.00,0.00
53758.84,9632.00,0.00,0.00
53758.84,9632.00,0.00,0.00
53758.84,9632.00,0.00,0.00
53758.84,9632.00,0.00,0.00
53758.84,9632.00,0.00,0.00
53758.84,9632.00,0.00,0.00
53758.84,9632.00,0.00,0.00
53758.84,9632.00,0.00,0.00
53758.84,9632.00,0.00,0.00
53758.84,9632.00,0.00,0.00
53758.84,9632.00,0.00,0.00
53758.84,9632.00,0.00,0.00
53758.84,9632.00,0.00,0.00
53758.84,9632.00,0.00,0.00
53758.84,9632.00,0.00,0.00
53758.84,9632.00,0.00,0.00
53758.84,9632.00,0.00,0.00
53758.84,9632.00,0.00,0.00
53758.84,9632.00,0.00,0.00
53758.84,9632.00,0.00,0.00
53758.84,9632.00,0.00,0.00
53758.84,9632.00,0.00,0.00
53758.84,9632.00,0.00,0.00
53758.84,9632.00,0.00,0.00
53758.84,9632.00,0.00,0.00
53758.84,9632.00,0.00,0.00
53758.84,9632.00,0.00,0.00
53758.84,9632.00,0.00,0.00
53758.84,9632.00,0.00,0.00
53758.84,9632.00,0.00,0.00
53758.84,9632.00,0.00,0.00
53758.84,9632.00,0.00,0.00
53758.84,9632.00,0.00,0.00
53758.84,9632.00,0.00,0.00
53758.84,9632.00,0.00,0.00
53758.84,9632.00,0.00,0.00
53758.84,9632.00,0.00,0.00
53758.84,9632.00,0.00,0.00
53758.84,9632.00,0.00,0.00
53758.84,9632.00,0.00,0.00
53758.84,9632.00,0.00,0.00
53758.84,9632.00,0.00,0.00
53758.84,9632.00,0.00,0.00
53758.84,9632.00,0.00,0.00
53758.84,9632.00,0.00,0.00
53758.84,9632.00,0.00,0.00
53758.84,9632.00,0.00,0.00
53758.84,9632.00,0.00,0.00
53758.84,9632.00,0.00,0.00
53758.84,9632.00,0.00,0.00
53758.84,9632.00,0.00,0.00
53758.84,9632.00,0.00,0.00
53758.84,9632.00,0.00,0.00
53758.84,9632.00,0.00,0.00
53758.84,9632.00,0.00,0.00
53758.84,9632.00,0.00,0.00
53758.84,9632.00,0.00,0.00
53758.84,9632.00,0.00,0.00
53758.84,9632.00,0.00,0.00
53758.84,9632.00,0.00,0.00
53758.84,9632.00,0.00,0.00
53758.84,9632.00,0.00,0.00
53758.84,9632.00,0.00,0.00
53758.84,9632.00,0.00,0.00
53758.84,9632.00,0.00,0.00
53758.84,9632.00,0.00,0.00
53758.84,9632.00,0.00,0.00
53758.84,9632.00,0.00,0.00
53758.84,9632.00,0.00,0.00
53758.84,9632.00,0.00,0.00
53758.84,9632.00,0.00,0.00
53758.84,9632.00,0.00,0.00
53758.84,9632.00,0.00,0.00
53758.84,9632.00,0.00,0.00
53758.84,9632.00,0.00,0.00
53758.84,9632.00,0.00,0.00
53758.84,9632.00,0.00,0.00
53758.84,9632.00,0.00,0.00
53758.84,9632.00,0.00,0.00
53758.84,9632.00,0.00,0.00
53758.84,9632.00,0.00,0.00
53758.84,9632.00,0.00,0.00
53758.84,9632.00,0.00,0.00
53758.84,9632.00,0.00,0.00
53758.84,9632.00,0.00,0.00
53758.84,9632.00,0.00,0.00
53758.84,9632.00,0.00,0.00
53758.84,9632.00,0.00,0.00
53758.84,9632.00,0.00,0.00
53758.84,9632.00,0.00,0.00
53758.84,9632.00,0.00,0.00
53758.84,9632.00,0.00,0.00
53758.84,9632.00,0.00,0.00
53758.84,9632.00,0.00,0.00
53758.84,9632.00,0.00,0.00
53758.84,9632.00,0.00,0.00
53758.84,9632.00,0.00,0.00
53758.84,9632.00,0.00,0.00
53758.84,9632.00,0.00,0.00
53758.84,9632.00,0.00,0.00
53758.84,9632.00,0.00,0.00
53758.84,9632.00,0.00,0.00
53758.84,9632.00,0.00,0.00
53758.84,9632.00,0.00,0.00
53758.84,9632.00,0.00,0.00
53758.84,9632.00,0.00,0.00
53758.84,9632.00,0.00,0.00
53758.84,9632.00,0.00,0.00
53758.84,9632.00,0.00,0.00
53758.84,9632.00,0.00,0.00
53758.84,9632.00,0.00,0.00
53758.84,9632.00,0.00,0.00
53758.84,9632.00,0.00,0.00
53758.84,9632.00,0.00,0.00
53758.84,9632.00,0.00,0.00
53758.84,9632.00,0.00,0.00
53758.84,9632.00,0.00,0.00
53758.84,9632.00,0.00,0.00
53758.84,9632.00,0.00,0.00
53758.84,9632.00,0.00,0.00
53758.84,9632.00,0.00,0.00
53758.84,9632.00,0.00,0.00
53758.84,9632.00,0.00,0.00
53758.84,9632.00,0.00,0.00
53758.84,9632.00,0.00,0.00
53758.84,9632.00,0.00,0.00
53758.84,9632.00,0.00,0.00
53758.84,9632.00,0.00,0.00
53758.84,9632.00,0.00,0.00
53758.84,9632.00,0.00,0.00
53758.84,9632.00,0.00,0.00
53758.84,9632.00,0.00,0.00
53758.84,9632.00,0.00,0.00
53758.84,9632.00,0.00,0.00
53758.84,9632.00,0.00,0.00
53758.84,9632.00,0.00,0.00
53758.84,9632.00,0.00,0.00
53758.84,9632.00,0.00,0.00
53758.84,9632.00,0.00,0.00
53758.84,9632.00,0.00,0.00
53758.84,9632.00,0.00,0.00
53758.84,9632.00,0.00,0.00
53758.84,9632.00,0.00,0.00
53758.84,9632.00,0.00,0.00
53758.84,9632.00,0.00,0.00
53758.84,9632.00,0.00,0.00
53758.84,9632.00,0.00,0.00
53758.84,9632.00,0.00,0.00
53758.84,9632.00,0.00,0.00
53758.84,9632.00,0.00,0.00
53758.84,9632.00,0.00,0.00
53758.84,9632.00,0.00,0.00
53758.84,9632.00,0.00,0.00
53758.84,9632.00,0.00,0.00
53758.84,9632.00,0.00,0.00
53758.84,9632.00,0.00,0.00
53758.84,9632.00,0.00,0.00
53758.84,9632.00,0.00,0.00
53758.84,9632.00,0.00,0.00
53758.84,9632.00,0.00,0.00
53758.84,9632.00,0.00,0.00
53758.84,9632.00,0.00,0.00
53758.84,9632.00,0.00,0.00
53758.84,9632.00,0.00,0.00
53758.84,9632.00,0.00,0.00
53758.84,9632.00,0.00,0.00
53758.84,9632.00,0.00,0.00
53758.84,9632.00,0.00,0.00
53758.84,9632.00,0.00,0.00
53758.84,9632.00,0.00,0.00
53758.84,9632.00,0.00,0.00
53758.84,9632.00,0.00,0.00
53758.84,9632.00,0.00,0.00
53758.84,9632.00,0.00,0.00
53758.84,9632.00,0.00,0.00
53758.84,9632.00,0.00,0.00
53758.84,9632.00,0.00,0.00
53758.84,9632.00,0.00,0.00
53758.84,9632.00,0.00,0.00
53758.84,9632.00,0.00,0.00
53758.84,9632.00,0.00,0.00
53758.84,9632.00,0.00,0.00
53758.84,9632.00,0.00,0.00
53758.84,9632.00,0.00,0.00
53758.84,9632.00,0.00,0.00
53758.84,9632.00,0.00,0.00
53758.84,9632.00,0.00,0.00
53758.84,9632.00,0.00,0.00
53758.84,9632.00,0.00,0.00
53758.84,9632.00,0.00,0.00
53758.84,9632.00,0.00,0.00
53758.84,9632.00,0.00,0.00
53758.84,9632.00,0.00,0.00
53758.76,9632.00,-0.08,0.00
53758.60,9632.00,-0.16,0.00
53758.36,9632.00,-0.24,0.00
53758.04,9632.00,-0.32,0.00
53757.64,9632.00,-0.40,0.00
53757.16,9632.00,-0.48,0.00
53756.60,9632.00,-0.56,0.00
53755.96,9632.00,-0.64,0.00
53755.24,9632.00,-0.72,0.00
53754.44,9632.00,-0.80,0.00
53753.56,9632.00,-0.88,0.00
53752.60,9632.00,-0.96,0.00
53751.56,9632.00,-1.04,0.00
53750.44,9632.00,-1.12,0.00
53749.24,9632.00,-1.20,0.00
53747.96,9632.00,-1.28,0.00
53746.60,9632.00,-1.36,0.00
53745.16,9632.00,-1.44,0.00
53743.64,9632.00,-1.52,0.00
53742.04,9632.00,-1.60,0.00
53740.36,9632.00,-1.68,0.00
53738.60,9632.00,-1.76,0.00
53736.76,9632.00,-1.84,0.00
53734.84,9632.00,-1.92,0.00
53732.84,9632.00,-2.00,0.00
53730.76,9632.00,-2.08,0.00
53728.60,9632.00,-2.16,0.00
53726.36,9632.00,-2.24,0.00
53724.04,9632.00,-2.32,0.00
53722.00,9632.00,-2.04,0.00
53722.00,9632.00,0.00,0.00
53722.00,9632.00,0.00,0.00
53722.00,9632.00,0.00,0.00
53722.00,9632.00,0.00,0.00
53722.00,9632.00,0.00,0.00
53722.00,9632.00,0.00,0.00
53722.00,9632.00,0.00,0.00
53722.00,9632.00,0.00,0.00
53722.00,9632.00,0.00,0.00
53722.00,9632.00,0.00,0.00
53722.00,9632.00,0.00,0.00
53722.00,9632.00,0.00,0.00
53722.00,9632.00,0.00,0.00
53722.00,9632.00,0.00,0.00
53722.00,9632.00,0.00,0.00
53722.00,9632.00,0.00,0.00
53722.00,9632.00,0.00,0.00
53722.00,9632.00,0.00,0.00
53722.00,9632.00,0.00,0.00
53722.00,9632.00,0.00,0.00
53722.00,9632.00,0.00,0.00
53722.00,9632.00,0.00,0.00
53722.00,9632.00,0.00,0.00
53722.00,9632.00,0.00,0.00
53722.00,9632.00,0.00,0.00
53722.00,9632.00,0.00,0.00
53722.00,9632.00,0.00,0.00
53722.00,9632.00,0.00,0.00
53722.00,9632.00,0.00,0.00
53722.00,9632.00,0.00,0.00
53722.00,9632.00,0.00,0.00
53722.00,9632.00,0.00,0.00
53722.00,9632.00,0.00,0.00
53722.00,9632.00,0.00,0.00
53722.00,9632.00,0.00,0.00
53722.00,9632.00,0.00,0.00
53722.00,9632.00,0.00,0.00
53722.00,9632.00,0.00,0.00
53722.00,9632.00,0.00,0.00
53722.00,9632.00,0.00,0.00
53722.00,9632.00,0.00,0.00
53722.00,9632.00,0.00,0.00
53722.00,9632.00,0.00,0.00
53722.00,9632.00,0.00,0.00
53722.00,9632.00,0.00,0.00
53722.00,9632.00,0.00,0.00
53722.00,9632.00,0.00,0.00
53722.00,9632.00,0.00,0.00
53722.00,9632.00,0.00,0.00
53722.00,9632.00,0.00,0.00
53722.00,9632.00,0.00,0.00
53722.00,9632.00,0.00,0.00
53722.00,9632.00,0.00,0.00
53722.00,9632.00,0.00,0.00
53722.00,9632.00,0.00,0.00
53722.00,9632.00,0.00,0.00
53722.00,9632.00,0.00,0.00
53722.00,9632.00,0.00,0.00
53722.00,9632.00,0.00,0.00
53722.00,9632.00,0.00,0.00
53722.00,9632.00,0.00,0.00
53722.00,9632.00,0.00,0.00
53722.00,9632.00,0.00,0.00
53722.00,9632.00,0.00,0.00
53722.00,9632.00,0.00,0.00
53722.00,9632.00,0.00,0.00
53722.00,9632.00,0.00,0.00
53721.92,9632.00,-0.08,0.00
53721.76,9632.00,-0.16,0.00
53721.52,9632.00,-0.24,0.00
53721.20,9632.00,-0.32,0.00
53720.80,9632.00,-0.40,0.00
53720.32,9632.00,-0.48,0.00
53719.77,9632.00,-0.56,0.00
53719.12,9632.00,-0.64,0.00
53718.41,9632.00,-0.72,0.00
53717.61,9632.00,-0.80,0.00
53716.73,9632.00,-0.88,0.00
53715.77,9632.00,-0.96,0.00
53714.73,9632.00,-1.04,0.00
53713.61,9632.00,-1.12,0.00
53712.41,9632.00,-1.20,0.00
53711.12,9632.00,-1.28,0.00
53709.77,9632.00,-1.36,0.00
53708.32,9632.00,-1.44,0.00
53706.80,9632.00,-1.52,0.00
53706.00,9632.00,-0.80,0.00
53706.00,9632.00,0.00,0.00
53706.00,9632.00,0.00,0.00
53706.00,9632.00,0.00,0.00
53706.00,9632.00,0.00,0.00
53706.00,9632.00,0.00,0.00
53706.00,9632.00,0.00,0.00
53706.00,9632.00,0.00,0.00
53706.00,9632.00,0.00,0.00
53706.00,9632.00,0.00,0.00
53706.00,9632.00,0.00,0.00
53706.00,9632.00,0.00,0.00
53706.00,9632.00,0.00,0.00
53706.00,9632.00,0.00,0.00
53706.00,9632.00,0.00,0.00
53706.00,9632.00,0.00,0.00
53706.00,9632.00,0.00,0.00
53706.00,9632.00,0.00,0.00
53706.00,9632.00,0.00,0.00
53706.00,9632.00,0.00,0.00
53706.00,9632.00,0.00,0.00
53706.00,9632.00,0.00,0.00
53706.00,9632.00,0.00,0.00
53706.00,9632.00,0.00,0.00
53706.00,9632.00,0.00,0.00
53706.00,9632.00,0.00,0.00
53706.00,9632.00,0.00,0.00
53706.00,9632.00,0.00,0.00
53706.00,9632.00,0.00,0.00
53706.00,9632.00,0.00,0.00
53706.00,9632.00,0.00,0.00
53706.00,9632.00,0.00,0.00
53706.00,9632.00,0.00,0.00
53706.00,9632.00,0.00,0.00
53706.00,9632.00,0.00,0.00
53706.00,9632.00,0.00,0.00
53706.00,9632.00,0.00,0.00
53706.00,9632.00,0.00,0.00
53706.00,9632.00,0.00,0.00
53706.00,9632.00,0.00,0.00
53706.00,9632.00,0.00,0.00
53706.00,9632.00,0.00,0.00
53706.00,9632.00,0.00,0.00
53706.00,9632.00,0.00,0.00
53706.00,9632.00,0.00,0.00
53706.00,9632.00,0.00,0.00
53706.00,9632.00,0.00,0.00
53706.00,9632.00,0.00,0.00
53706.00,9632.00,0.00,0.00
53706.00,9632.00,0.00,0.00
53706.00,9632.00,0.00,0.00
53706.00,9632.00,0.00,0.00
53706.00,9632.00,0.00,0.00
53706.00,9632.00,0.00,0.00
53706.00,9632.00,0.00,0.00
53706.00,9632.00,0.00,0.00
53706.00,9632.00,0.00,0.00
53706.00,9632.00,0.00,0.00
53706.00,9632.00,0.00,0.00
53706.00,9632.00,0.00,0.00
53706.00,9632.00,0.00,0.00
53706.00,9632.00,0.00,0.00
53706.00,9632.00,0.00,0.00
53706.00,9632.00,0.00,0.00
53706.00,9632.00,0.00,0.00
53706.00,9632.00,0.00,0.00
53706.00,9632.00,0.00,0.00
53706.00,9632.00,0.00,0.00
53706.00,9632.00,0.00,0.00
53706.00,9632.00,0.00,0.00
53706.00,9632.00,0.00,0.00
53706.00,9632.00,0.00,0.00
53706.00,9632.00,0.00,0.00
53706.00,9632.00,0.00,0.00
53706.00,9632.00,0.00,0.00
53706.00,9632.00,0.00,0.00
53706.00,9632.00,0.00,0.00
53706.00,9632.00,0.00,0.00
53706.00,9632.00,0.00,0.00
53706.00,9632.00,0.00,0.00
53706.00,9632.00,0.00,0.00
53706.00,9632.00,0.00,0.00
53706.00,9632.00,0.00,0.00
53706.00,9632.00,0.00,0.00
53706.00,9632.00,0.00,0.00
53706.00,9632.00,0.00,0.00
53706.00,9632.00,0.00,0.00
53706.00,9632.00,0.00,0.00
53706.00,9632.00,0.00,0.00
53706.00,9632.00,0.00,0.00
53706.00,9632.00,0.00,0.00
53706.00,9632.00,0.00,0.00
53706.00,9632.00,0.00,0.00
53706.00,9632.00,0.00,0.00
53706.00,9632.00,0.00,0.00
53706.00,9632.00,0.00,0.00
53706.00,9632.00,0.00,0.00
53706.00,9632.00,0.00,0.00
53706.00,9632.00,0.00,0.00
53706.00,9632.00,0.00,0.00
53706.00,9632.00,0.00,0.00
53706.00,9632.00,0.00,0.00
53706.00,9632.00,0.00,0.00
53706.00,9632.00,0.00,0.00
53706.00,9632.00,0.00,0.00
53706.00,9632.00,0.00,0.00
53706.00,9632.00,0.00,0.00
53706.00,9632.00,0.00,0.00
53706.00,9632.00,0.00,0.00
53706.00,9632.00,0.00,0.00
53706.00,9632.00,0.00,0.00
53706.00,9632.00,0.00,0.00
53706.00,9632.00,0.00,0.00
53706.00,9632.00,0.00,0.00
53706.00,9632.00,0.00,0.00
53706.00,9632.00,0.00,0.00
53706.00,9632.00,0.00,0.00
53706.00,9632.00,0.00,0.00
53706.00,9632.00,0.00,0.00
53706.00,9632.00,0.00,0.00
53706.00,9632.00,0.00,0.00
53706.00,9632.00,0.00,0.00
53706.00,9632.00,0.00,0.00
53706.00,9632.00,0.00,0.00
53706.00,9632.00,0.00,0.00
53706.00,9632.00,0.00,0.00
53706.00,9632.00,0.00,0.00
53706.00,9632.00,0.00,0.00
53706.00,9632.00,0.00,0.00
53706.00,9632.00,0.00,0.00
53706.00,9632.00,0.00,0.00
53706.00,9632.00,0.00,0.00
53706.00,9632.00,0.00,0.00
53706.00,9632.00,0.00,0.00
53706.00,9632.00,0.00,0.00
53706.00,9632.00,0.00,0.00
53706.00,9632.00,0.00,0.00
53706.00,9632.00,0.00,0.00
53706.00,9632.00,0.00,0.00
53706.00,9632.00,0.00,0.00
53706.00,9632.00,0.00,0.00
53706.00,9632.00,0.00,0.00
53706.00,9632.00,0.00,0.00
53706.00,9632.00,0.00,0.00
53706.00,9632.00,0.00,0.00
53706.00,9632.00,0.00,0.00
53706.00,9632.00,0.00,0.00
53706.00,9632.00,0.00,0.00
53706.00,9632.00,0.00,0.00
53706.00,9632.00,0.00,0.00
53706.00,9632.00,0.00,0.00
53706.00,9632.00,0.00,0.00
53706.00,9632.00,0.00,0.00
53706.00,9632.00,0.00,0.00
53706.00,9632.00,0.00,0.00
53706.00,9632.00,0.00,0.00
53706.00,9632.00,0.00,0.00
53706.00,9632.00,0.00,0.00
53706.00,9632.00,0.00,0.00
53706.00,9632.00,0.00,0.00
53706.00,9632.00,0.00,0.00
53706.00,9632.00,0.00,0.00
53706.00,9632.00,0.00,0.00
53706.00,9632.00,0.00,0.00
53706.00,9632.00,0.00,0.00
53706.00,9632.00,0.00,0.00
53706.00,9632.00,0.00,0.00
53706.00,9632.00,0.00,0.00
53706.00,9632.00,0.00,0.00
53706.00,9632.00,0.00,0.00
53706.00,9632.00,0.00,0.00
53706.00,9632.00,0.00,0.00
53706.00,9632.00,0.00,0.00
53706.00,9632.00,0.00,0.00
53706.00,9632.00,0.00,0.00
53706.00,9632.00,0.00,0.00
53706.00,9632.00,0.00,0.00
53706.00,9632.00,0.00,0.00
53706.00,9632.00,0.00,0.00
53706.00,9632.00,0.00,0.00
53706.00,9632.00,0.00,0.00
53706.00,9632.00,0.00,0.00
53706.00,9632.00,0.00,0.00
53706.00,9632.00,0.00,0.00
53706.00,9632.00,0.00,0.00
53706.00,9632.00,0.00,0.00
53706.00,9632.00,0.00,0.00
53706.00,9632.00,0.00,0.00
53706.00,9632.00,0.00,0.00
53706.00,9632.00,0.00,0.00
53706.00,9632.00,0.00,0.00
53706.00,9632.00,0.00,0.00
53706.00,9632.00,0.00,0.00
53706.00,9632.00,0.00,0.00
53706.00,9632.00,0.00,0.00
53706.00,9632.00,0.00,0.00
53706.00,9632.00,0.00,0.00
53706.00,9632.00,0.00,0.00
53706.00,9632.00,0.00,0.00
53706.00,9632.00,0.00,0.00
53706.00,9632.00,0.00,0.00
53706.00,9632.00,0.00,0.00
53706.00,9632.00,0.00,0.00
53706.00,9632.00,0.00,0.00
53706.00,9632.00,0.00,0.00
53706.00,9632.00,0.00,0.00
53706.00,9632.00,0.00,0.00
53706.00,9632.00,0.00,0.00
53706.00,9632.00,0.00,0.00
53706.00,9632.00,0.00,0.00
53706.00,9632.00,0.00,0.00
53706.00,9632.00,0.00,0.00
53706.00,9632.00,0.00,0.00
53706.00,9632.00,0.00,0.00
53706.00,9632.00,0.00,0.00
53706.00,9632.00,0.00,0.00
53706.00,9632.00,0.00,0.00
53706.00,9632.00,0.00,0.00
53706.00,9632.00,0.00,0.00
53706.00,9632.00,0.00,0.00
53706.00,9632.00,0.00,0.00
53706.00,9632.00,0.00,0.00
53706.00,9632.00,0.00,0.00
53706.00,9632.00,0.00,0.00
53706.00,9632.00,0.00,0.00
53706.00,9632.00,0.00,0.00
53706.00,9632.00,0.00,0.00
53706.00,9632.00,0.00,0.00
53706.00,9632.00,0.00,0.00
53706.00,9632.00,0.00,0.00
53706.00,9632.00,0.00,0.00
53706.00,9632.00,0.00,0.00
53706.00,9632.00,0.00,0.00
53706.00,9632.00,0.00,0.00
53706.00,9632.00,0.00,0.00
53706.00,9632.00,0.00,0.00
53706.00,9632.00,0.00,0.00
53706.00,9632.00,0.00,0.00
53706.00,9632.00,0.00,0.00
53706.00,9632.00,0.00,0.00
53706.00,9632.00,0.00,0.00
53706.00,9632.00,0.00,0.00
53706.00,9632.00,0.00,0.00
53706.00,9632.00,0.00,0.00
53706.00,9632.00,0.00,0.00
53706.00,9632.00,0.00,0.00
53706.04,9632.00,0.08,0.00
53706.12,9632.00,0.16,0.00
53706.24,9632.00,0.24,0.00
53706.40,9632.00,0.32,0.00
53706.60,9632.00,0.40,0.00
53706.84,9632.00,0.48,0.00
53707.12,9632.00,0.56,0.00
53707.44,9632.00,0.64,0.00
53707.80,9632.00,0.72,0.00
53708.20,9632.00,0.80,0.00
53708.64,9632.00,0.88,0.00
53709.12,9632.00,0.96,0.00
53709.64,9632.00,1.04,0.00
53710.20,9632.00,1.12,0.00
53710.80,9632.00,1.20,0.00
53711.44,9632.00,1.28,0.00
53712.12,9632.00,1.36,0.00
53712.84,9632.00,1.44,0.00
53713.60,9632.00,1.52,0.00
53714.40,9632.00,1.60,0.00
53715.10,9632.00,1.40,0.00
53715.66,9632.00,1.12,0.00
53716.08,9632.00,0.84,0.00
53716.36,9632.00,0.56,0.00
53716.50,9632.00,0.28,0.00
53716.50,9632.00,0.00,0.00
53716.46,9632.00,-0.08,0.00
53716.38,9632.00,-0.16,0.00
53716.26,9632.00,-0.24,0.00
53716.10,9629.10,-0.32,-5.81
53715.90,9626.19,-0.40,-5.81
53715.66,9623.28,-0.48,-5.81
53715.38,9620.38,-0.56,-5.81
53715.06,9617.47,-0.64,-5.81
53714.70,9614.57,-0.72,-5.81
53714.30,9611.66,-0.80,-5.81
53713.86,9608.76,-0.88,-5.81
53713.38,9605.85,-0.96,-5.81
53712.86,9602.95,-1.04,-5.81
53712.30,9600.04,-1.12,-5.81
53711.70,9597.14,-1.20,-5.81
53711.06,9594.01,-1.28,-3.13
53710.38,9594.01,-1.36,0.00
53709.66,9594.01,-1.44,0.00
53708.90,9594.01,-1.52,0.00
53708.10,9594.01,-1.60,0.00
53707.26,9594.01,-1.68,0.00
53706.00,9594.01,-1.26,0.00
53706.00,9591.10,0.00,-5.81
53706.00,9588.20,0.00,-5.81
53706.00,9585.29,0.00,-5.81
53706.00,9582.39,0.00,-5.81
53706.00,9579.48,0.00,-5.81
53706.00,9576.58,0.00,-5.81
53706.00,9573.67,0.00,-5.81
53706.00,9570.77,0.00,-5.81
53706.00,9567.86,0.00,-5.81
53706.00,9565.06,0.00,-5.61
53706.00,9562.35,0.00,-5.41
53706.00,9559.75,0.00,-5.21
53706.00,9557.24,0.00,-5.01
53706.00,9554.84,0.00,-4.81
53705.96,9552.53,-0.08,-4.61
53705.88,9550.33,-0.16,-4.41
53705.76,9548.22,-0.24,-4.21
53705.60,9546.22,-0.32,-4.01
53705.40,9544.31,-0.40,-3.81
53705.16,9542.51,-0.48,-3.61
53704.88,9540.80,-0.56,-3.41
53704.56,9539.20,-0.64,-3.21
53704.20,9537.69,-0.72,-3.01
53703.80,9536.29,-0.80,-2.81
53703.36,9534.98,-0.88,-2.61
53702.88,9533.78,-0.96,-2.41
53702.36,9532.67,-1.04,-2.21
53701.80,9531.67,-1.12,-2.01
53701.20,9530.76,-1.20,-1.81
53700.56,9529.96,-1.28,-1.61
53699.88,9529.25,-1.36,-1.41
53699.16,9528.65,-1.44,-1.21
53698.40,9528.14,-1.52,-1.01
53697.60,9527.74,-1.60,-0.81
53696.76,9527.43,-1.68,-0.61
53695.88,9527.23,-1.76,-0.41
53694.96,9527.12,-1.84,-0.21
53694.00,9527.12,-1.92,-0.01
53693.00,9527.21,-2.00,0.19
53691.96,9527.41,-2.08,0.39
53690.88,9527.70,-2.16,0.59
53689.76,9528.10,-2.24,0.79
53688.60,9528.59,-2.32,0.99
53687.40,9529.19,-2.40,1.19
53686.16,9529.88,-2.48,1.39
53684.88,9530.68,-2.56,1.59
53683.56,9531.57,-2.64,1.79
53682.20,9532.56,-2.72,1.99
53680.80,9533.66,-2.80,2.19
53679.36,9534.85,-2.88,2.39
53677.88,9536.15,-2.96,2.59
53676.36,9537.54,-3.04,2.79
53674.89,9536.00,-2.94,0.00
53673.38,9536.00,-3.02,0.00
53671.97,9536.00,-2.82,0.00
53670.52,9536.00,-2.90,0.00
53669.04,9536.00,-2.98,0.00
53667.50,9536.00,-3.06,0.00
53666.07,9536.00,-2.86,0.00
53664.61,9536.00,-2.94,0.00
53663.09,9536.00,-3.02,0.00
53661.68,9536.00,-2.82,0.00
53660.23,9536.00,-2.90,0.00
53658.75,9520.00,-2.98,0.00
53657.21,9520.00,-3.06,0.00
53655.79,9520.00,-2.86,0.00
53654.32,9520.00,-2.94,0.00
53652.80,9520.00,-3.02,0.00
53651.39,9520.00,-2.82,0.00
53649.95,9520.00,-2.90,0.00
53648.46,9520.00,-2.98,0.00
53646.93,9520.00,-3.06,0.00
53645.50,9520.00,-2.86,0.00
53644.03,9520.00,-2.94,0.00
53642.00,9520.00,-2.03,0.00
53642.00,9520.00,0.00,0.00
53642.00,9520.00,0.00,0.00
53642.00,9520.00,0.00,0.00
53642.00,9520.00,0.00,0.00
53642.00,9520.00,0.00,0.00
53642.00,9520.00,0.00,0.00
53642.00,9520.00,0.00,0.00
53642.00,9520.00,0.00,0.00
53642.00,9520.00,0.00,0.00
53642.00,9520.00,0.00,0.00
53642.00,9520.00,0.00,0.00
53642.00,9520.00,0.00,0.00
53642.00,9520.00,0.00,0.00
53642.00,9520.00,0.00,0.00
53642.00,9520.00,0.00,0.00
53642.00,9520.00,0.00,0.00
53642.00,9520.00,0.00,0.00
53642.00,9520.00,0.00,0.00
53642.00,9520.00,0.00,0.00
53642.00,9520.00,0.00,0.00
53642.00,9520.00,0.00,0.00
53642.00,9520.00,0.00,0.00
53642.00,9520.00,0.00,0.00
53642.00,9520.00,0.00,0.00
53642.00,9520.00,0.00,0.00
53642.00,9520.00,0.00,0.00
53642.00,9520.00,0.00,0.00
53642.00,9520.00,0.00,0.00
53642.00,9520.00,0.00,0.00
53642.00,9517.10,0.00,-5.81
53642.00,9514.19,0.00,-5.81
53642.00,9511.28,0.00,-5.81
53642.00,9508.38,0.00,-5.81
53642.00,9505.47,0.00,-5.81
53642.00,9502.57,0.00,-5.81
53642.00,9499.66,0.00,-5.81
53642.00,9496.76,0.00,-5.81
53642.00,9493.85,0.00,-5.81
53642.00,9490.95,0.00,-5.81
53642.00,9488.04,0.00,-5.81
53642.00,9485.14,0.00,-5.81
53642.00,9482.23,0.00,-5.81
53642.00,9479.33,0.00,-5.81
53642.00,9476.42,0.00,-5.81
53642.00,9473.52,0.00,-5.81
53642.00,9470.61,0.00,-5.81
53642.00,9467.71,0.00,-5.81
53642.00,9464.80,0.00,-5.81
53642.00,9461.90,0.00,-5.81
53642.00,9458.99,0.00,-5.81
53642.00,9453.18,0.00,-5.81
53642.00,9450.01,0.00,-3.17
53642.00,9450.01,0.00,0.00
53642.00,9450.41,0.00,0.40
53642.00,9451.21,0.00,0.80
53642.00,9452.41,0.00,1.20
53642.00,9454.01,0.00,1.60
53642.00,9456.01,0.00,2.00
53642.00,9458.41,0.00,2.40
53642.00,9461.21,0.00,2.80
53642.00,9464.41,0.00,3.20
53642.00,9468.01,0.00,3.60
53642.00,9472.01,0.00,4.00
53642.00,9474.21,0.00,4.40
53642.00,9476.51,0.00,4.60
53642.00,9478.91,0.00,4.80
53642.00,9481.41,0.00,5.00
53642.00,9483.92,0.00,5.01
53642.00,9486.42,0.00,5.01
53642.00,9488.93,0.00,5.01
53642.00,9491.43,0.00,5.01
53642.00,9493.94,0.00,5.01
53642.00,9496.44,0.00,5.01
53642.00,9498.95,0.00,5.01
53642.00,9501.45,0.00,5.01
53642.00,9503.96,0.00,5.01
53642.00,9506.46,0.00,5.01
53642.00,9508.97,0.00,5.01
53642.00,9511.47,0.00,5.01
53642.00,9513.98,0.00,5.01
53642.00,9516.48,0.00,5.01
53642.00,9520.00,0.00,3.52
53642.00,9520.00,0.00,0.00
53642.00,9520.00,0.00,0.00
53642.00,9520.00,0.00,0.00
53642.00,9520.00,0.00,0.00
53642.00,9520.00,0.00,0.00
53642.00,9520.00,0.00,0.00
53642.00,9520.00,0.00,0.00
53642.00,9520.00,0.00,0.00
53642.00,9520.00,0.00,0.00
53642.00,9520.00,0.00,0.00
53642.00,9520.00,0.00,0.00
53642.00,9520.00,0.00,0.00
53642.00,9520.00,0.00,0.00
53642.00,9520.00,0.00,0.00
53642.00,9520.00,0.00,0.00
53642.00,9520.00,0.00,0.00
53642.00,9520.00,0.00,0.00
53642.00,9520.00,0.00,0.00
53642.00,9520.00,0.00,0.00
53642.00,9520.00,0.00,0.00
53642.00,9520.00,0.00,0.00
53642.00,9520.00,0.00,0.00
53642.00,9520.00,0.00,0.00
53642.00,9520.00,0.00,0.00
53642.00,9520.00,0.00,0.00
53642.00,9520.00,0.00,0.00
53642.00,9520.00,0.00,0.00
53642.04,9520.00,0.08,0.00
53642.12,9520.00,0.16,0.00
53642.24,9520.00,0.24,0.00
53642.40,9520.00,0.32,0.00
53642.60,9520.00,0.40,0.00
53642.84,9520.00,0.48,0.00
53643.12,9520.00,0.56,0.00
53643.44,9520.00,0.64,0.00
53643.80,9520.00,0.72,0.00
53644.20,9520.00,0.80,0.00
53644.64,9520.00,0.88,0.00
53645.12,9517.10,0.96,-5.81
53645.64,9514.19,1.04,-5.81
53646.20,9511.28,1.12,-5.81
53646.80,9508.38,1.20,-5.81
53647.44,9505.47,1.28,-5.81
53648.80,9499.66,1.36,-5.81
53650.24,9495.05,1.44,-4.61
53651.76,9490.44,1.52,-4.61
53653.36,9485.83,1.60,-4.61
53655.04,9481.22,1.68,-4.61
53656.80,9476.61,1.76,-4.61
53658.64,9472.00,1.84,-4.61
53660.56,9467.79,1.92,-4.21
53662.56,9463.98,2.00,-3.81
53664.64,9460.57,2.08,-3.41
53666.80,9457.56,2.16,-3.01
53669.04,9454.95,2.24,-2.61
53671.36,9452.74,2.32,-2.21
53673.76,9450.93,2.40,-1.81
53676.24,9449.52,2.48,-1.41
53678.80,9448.51,2.56,-1.01
53681.44,9447.90,2.64,-0.61
53684.16,9447.69,2.72,-0.21
53686.96,9447.88,2.80,0.19
53689.84,9448.47,2.88,0.59
53692.80,9449.46,2.96,0.99
53695.48,9450.85,2.68,1.39
53697.88,9452.64,2.40,1.79
53700.00,9454.83,2.12,2.19
53701.84,9457.42,1.84,2.59
53703.39,9460.41,1.56,2.99
53704.68,9463.80,1.28,3.39
53705.68,9467.59,1.00,3.79
53706.39,9471.78,0.72,4.19
53706.84,9476.37,0.44,4.59
53707.00,9481.36,0.16,4.99
53707.07,9486.75,0.08,5.39
53707.07,9492.54,-0.00,5.79
53707.00,9498.73,-0.08,6.19
53706.84,9505.32,-0.16,6.59
53706.60,9512.31,-0.24,6.99
53706.28,9519.70,-0.32,7.39
53705.88,9527.49,-0.40,7.79
53705.40,9535.68,-0.48,8.19
53704.84,9544.27,-0.56,8.59
53704.52,9552.00,-0.64,7.73
53704.16,9552.00,-0.72,0.00
53703.76,9552.00,-0.80,0.00
53703.32,9552.00,-0.88,0.00
53702.84,9552.00,-0.96,0.00
53702.32,9552.00,-1.04,0.00
53701.76,9552.00,-1.12,0.00
53701.16,9552.00,-1.20,0.00
53700.52,9552.00,-1.28,0.00
53699.84,9552.00,-1.36,0.00
53699.12,9552.00,-1.44,0.00
53698.36,9552.00,-1.52,0.00
53697.56,9552.00,-1.60,0.00
53696.72,9552.00,-1.68,0.00
53695.84,9552.00,-1.76,0.00
53694.92,9552.00,-1.84,0.00
53693.96,9552.00,-1.92,0.00
53692.96,9552.00,-2.00,0.00
53691.92,9552.00,-2.08,0.00
53690.84,9552.00,-2.16,0.00
53689.72,9551.72,-2.24,0.00
53688.70,9550.70,-2.04,0.00
53687.78,9549.78,-1.84,0.00
53686.96,9548.96,-1.64,0.00
53686.24,9548.24,-1.44,0.00
53685.62,9547.62,-1.24,0.00
53685.10,9547.10,-1.04,0.00
53684.68,9546.68,-0.84,0.00
53684.36,9546.36,-0.64,0.00
53684.14,9546.14,-0.44,0.00
53684.02,9546.02,-0.24,0.00
53684.00,9546.00,-0.04,0.00
53684.00,9546.00,0.00,0.00
53684.04,9546.04,0.08,0.00
53684.11,9543.13,0.16,-5.81
53684.35,9537.32,0.24,-5.81
53684.67,9532.71,0.32,-4.61
53685.07,9528.10,0.40,-4.61
53685.55,9523.49,0.48,-4.61
53686.11,9518.88,0.56,-4.61
53686.75,9514.27,0.64,-4.61
53687.47,9509.66,0.72,-4.61
53688.27,9505.45,0.80,-4.21
53689.15,9501.64,0.88,-3.81
53690.11,9498.23,0.96,-3.41
53691.15,9495.22,1.04,-3.01
53692.27,9492.61,1.12,-2.61
53693.47,9490.40,1.20,-2.21
53694.75,9488.59,1.28,-1.81
53696.11,9487.18,1.36,-1.41
53697.55,9486.17,1.44,-1.01
53699.07,9485.56,1.52,-0.61
53700.67,9485.35,1.60,-0.21
53702.35,9485.54,1.68,0.19
53704.11,9486.13,1.76,0.59
53705.95,9487.12,1.84,0.99
53707.88,9488.51,1.92,1.39
53709.88,9490.30,2.00,1.79
53711.95,9492.49,2.08,2.19
53714.11,9495.08,2.16,2.59
53716.35,9498.07,2.24,2.99
53718.67,9501.46,2.32,3.39
53721.07,9505.25,2.40,3.79
53723.55,9509.44,2.48,4.19
53726.11,9514.03,2.56,4.59
53728.75,9519.02,2.64,4.99
53731.47,9520.00,2.72,0.98
53734.00,9520.00,2.53,0.00
53734.00,9520.00,0.00,0.00
53734.00,9520.00,0.00,0.00
53734.00,9520.00,0.00,0.00
53734.00,9520.00,0.00,0.00
53734.00,9520.00,0.00,0.00
53734.00,9520.00,0.00,0.00
53734.00,9520.00,0.00,0.00
53734.00,9520.00,0.00,0.00
53734.00,9520.00,0.00,0.00
53733.92,9520.00,-0.08,0.00
53733.76,9520.00,-0.16,0.00
53733.52,9520.00,-0.24,0.00
53733.20,9520.00,-0.32,0.00
53732.80,9520.00,-0.40,0.00
53732.32,9520.00,-0.48,0.00
53731.77,9520.00,-0.56,0.00
53731.12,9520.00,-0.64,0.00
53730.41,9520.00,-0.72,0.00
53729.61,9520.00,-0.80,0.00
53728.73,9520.00,-0.88,0.00
53727.77,9515.39,-0.96,-4.61
53726.73,9510.78,-1.04,-4.61
53725.61,9506.17,-1.12,-4.61
53724.41,9501.56,-1.20,-4.61
53723.12,9496.95,-1.28,-4.61
53721.77,9492.34,-1.36,-4.61
53720.32,9487.73,-1.44,-4.61
53718.80,9483.12,-1.52,-4.61
53717.20,9478.51,-1.60,-4.61
53715.52,9473.90,-1.68,-4.61
53713.76,9469.29,-1.76,-4.61
53711.92,9464.68,-1.84,-4.61
53710.00,9460.07,-1.92,-4.61
53708.00,9455.46,-2.00,-4.61
53705.92,9450.85,-2.08,-4.61
53703.76,9446.23,-2.16,-4.61
53701.52,9442.02,-2.24,-4.21
53699.20,9438.22,-2.32,-3.81
53696.80,9434.81,-2.40,-3.41
53694.32,9431.80,-2.48,-3.01
53691.77,9429.19,-2.56,-2.61
53689.12,9426.98,-2.64,-2.21
53686.41,9425.17,-2.72,-1.81
53683.61,9423.76,-2.80,-1.41
53680.73,9422.75,-2.88,-1.01
53677.77,9422.14,-2.96,-0.61
53674.73,9421.93,-3.04,-0.21
53671.79,9422.12,-2.94,0.19
53668.77,9422.71,-3.02,0.59
53665.84,9423.70,-2.92,0.99
53663.02,9425.09,-2.82,1.39
53660.30,9426.88,-2.72,1.79
53658.00,9429.07,-2.30,2.19
53658.00,9431.66,0.00,2.59
53658.00,9434.65,0.00,2.99
53658.00,9438.04,0.00,3.39
53658.00,9441.83,0.00,3.79
53658.00,9446.02,0.00,4.19
53658.00,9450.61,0.00,4.59
53658.00,9455.60,0.00,4.99
53658.00,9460.99,0.00,5.39
53658.00,9466.78,0.00,5.79
53658.00,9472.97,0.00,6.19
53658.00,9479.56,0.00,6.59
53658.00,9486.55,0.00,6.99
53658.00,9493.94,0.00,7.39
53658.00,9501.73,0.00,7.79
53658.00,9509.92,0.00,8.19
53658.00,9518.51,0.00,8.59
53658.00,9527.50,0.00,8.99
53658.00,9536.00,0.00,8.50
53658.00,9536.00,0.00,0.00
53658.00,9536.00,0.00,0.00
53658.00,9536.00,0.00,0.00
53658.00,9536.00,0.00,0.00
53658.00,9536.00,0.00,0.00
53658.00,9536.00,0.00,0.00
53658.00,9536.00,0.00,0.00
53658.00,9536.00,0.00,0.00
53658.00,9536.00,0.00,0.00
53658.00,9536.00,0.00,0.00
53658.00,9536.00,0.00,0.00
53658.00,9536.00,0.00,0.00
53658.00,9536.00,0.00,0.00
53658.00,9536.00,0.00,0.00
53658.00,9536.00,0.00,0.00
53658.00,9536.00,0.00,0.00
53658.00,9536.00,0.00,0.00
53658.00,9536.00,0.00,0.00
53658.00,9536.00,0.00,0.00
53658.00,9536.00,0.00,0.00
53658.00,9536.00,0.00,0.00
53658.00,9536.00,0.00,0.00
53658.00,9536.00,0.00,0.00
53658.00,9536.00,0.00,0.00
53658.00,9536.00,0.00,0.00
53658.00,9536.00,0.00,0.00
53658.00,9536.00,0.00,0.00
53658.00,9536.00,0.00,0.00
53658.00,9536.00,0.00,0.00
53658.00,9536.00,0.00,0.00
53658.00,9536.00,0.00,0.00
53658.00,9536.00,0.00,0.00
53658.00,9536.00,0.00,0.00
53658.00,9536.00,0.00,0.00
53658.00,9536.00,0.00,0.00
53658.00,9536.00,0.00,0.00
53658.00,9536.00,0.00,0.00
53658.00,9536.00,0.00,0.00
53658.00,9536.00,0.00,0.00
53658.00,9536.00,0.00,0.00
53658.00,9536.00,0.00,0.00
53658.00,9536.00,0.00,0.00
53658.00,9536.00,0.00,0.00
53658.00,9536.00,0.00,0.00
53658.00,9536.00,0.00,0.00
53658.00,9536.00,0.00,0.00
53658.00,9536.00,0.00,0.00
53658.00,9536.00,0.00,0.00
53658.00,9531.39,0.00,-4.61
53658.08,9526.78,0.08,-4.61
53658.24,9522.17,0.16,-4.61
53658.48,9517.56,0.24,-4.61
53658.80,9512.95,0.32,-4.61
53659.20,9508.34,0.40,-4.61
53659.68,9503.73,0.48,-4.61
53660.23,9499.12,0.56,-4.61
53660.88,9494.51,0.64,-4.61
53661.59,9489.90,0.72,-4.61
53662.39,9485.29,0.80,-4.61
53663.27,9480.68,0.88,-4.61
53664.23,9476.07,0.96,-4.61
53665.27,9471.46,1.04,-4.61
53666.39,9466.85,1.12,-4.61
53667.59,9462.64,1.20,-4.21
53668.88,9458.83,1.28,-3.81
53670.05,9455.42,1.18,-3.41
53671.13,9452.41,1.08,-3.01
53671.93,9449.80,0.80,-2.61
53672.45,9447.59,0.52,-2.21
53672.69,9445.78,0.24,-1.81
53672.65,9444.37,-0.04,-1.41
53672.53,9439.76,-0.12,-4.61
53672.33,9435.15,-0.20,-4.61
53672.05,9430.53,-0.28,-4.61
53671.69,9425.92,-0.36,-4.61
53671.25,9421.31,-0.44,-4.61
53670.73,9416.70,-0.52,-4.61
53670.13,9412.09,-0.60,-4.61
53669.45,9407.48,-0.68,-4.61
53668.69,9402.87,-0.76,-4.61
53667.85,9398.26,-0.84,-4.61
53666.93,9393.65,-0.92,-4.61
53665.93,9389.04,-1.00,-4.61
53664.85,9384.83,-1.08,-4.21
53663.69,9381.02,-1.16,-3.81
53662.45,9377.61,-1.24,-3.41
53661.13,9374.60,-1.32,-3.01
53659.73,9371.99,-1.40,-2.61
53658.25,9369.78,-1.48,-2.21
53656.69,9367.97,-1.56,-1.81
53655.05,9366.56,-1.64,-1.41
53653.33,9365.55,-1.72,-1.01
53651.53,9364.94,-1.80,-0.61
53649.65,9364.73,-1.88,-0.21
53647.69,9364.92,-1.96,0.19
53645.65,9365.51,-2.04,0.59
53643.53,9366.50,-2.12,0.99
53641.33,9367.89,-2.20,1.39
53639.05,9369.68,-2.28,1.79
53636.69,9370.69,-2.36,0.00
53634.25,9368.25,-2.44,0.00
53632.01,9366.01,-2.24,0.00
53629.97,9363.97,-2.04,0.00
53628.13,9362.13,-1.84,0.00
53626.49,9360.49,-1.64,0.00
53626.00,9360.00,-0.49,0.00
53625.71,9344.00,-0.29,0.00
53625.61,9344.00,-0.09,0.00
53625.61,9344.00,0.00,0.00
53625.61,9344.00,0.00,0.00
53625.61,9344.00,0.00,0.00
53625.61,9344.00,0.00,0.00
53625.61,9344.00,0.00,0.00
53625.61,9344.00,0.00,0.00
53625.61,9344.00,0.00,0.00
53625.61,9344.00,0.00,0.00
53625.61,9344.00,0.00,0.00
53625.61,9344.00,0.00,0.00
53625.61,9344.00,0.00,0.00
53625.61,9344.00,0.00,0.00
53625.61,9344.00,0.00,0.00
53625.61,9344.00,0.00,0.00
53625.61,9344.00,0.00,0.00
53625.61,9344.00,0.00,0.00
53625.61,9344.00,0.00,0.00
53625.61,9344.00,0.00,0.00
53625.61,9344.00,0.00,0.00
53625.61,9344.00,0.00,0.00
53625.61,9344.00,0.00,0.00
53625.61,9344.00,0.00,0.00
53625.61,9344.00,0.00,0.00
53625.61,9344.00,0.00,0.00
53625.69,9344.00,0.08,0.00
53625.85,9344.00,0.16,0.00
53626.09,9360.09,0.24,0.00
53626.41,9360.41,0.32,0.00
53626.81,9360.81,0.40,0.00
53627.29,9361.29,0.48,0.00
53627.85,9361.85,0.56,0.00
53628.49,9362.49,0.64,0.00
53629.21,9363.21,0.72,0.00
53630.01,9364.01,0.80,0.00
53630.89,9364.89,0.88,0.00
53631.85,9365.85,0.96,0.00
53632.89,9366.89,1.04,0.00
53634.01,9368.01,1.12,0.00
53634.93,9368.93,0.92,0.00
53635.65,9369.65,0.72,0.00
53636.17,9370.17,0.52,0.00
53636.49,9370.49,0.32,0.00
53636.61,9370.61,0.12,0.00
53636.61,9370.61,0.00,0.00
53636.61,9370.61,0.00,0.00
53636.61,9370.61,0.00,0.00
53636.61,9370.61,0.00,0.00
53636.61,9370.61,0.00,0.00
53636.61,9370.61,0.00,0.00
53636.61,9370.61,0.00,0.00
53636.61,9370.61,0.00,0.00
53636.61,9370.61,0.00,0.00
53636.61,9370.61,0.00,0.00
53636.61,9370.61,0.00,0.00
53636.61,9370.61,0.00,0.00
53636.61,9370.61,0.00,0.00
53636.61,9370.61,0.00,0.00
53636.61,9370.61,0.00,0.00
53636.61,9370.61,0.00,0.00
53636.61,9370.61,0.00,0.00
53636.61,9370.61,0.00,0.00
53636.61,9370.61,0.00,0.00
53636.61,9370.61,0.00,0.00
53636.61,9370.61,0.00,0.00
53636.61,9370.61,0.00,0.00
53636.61,9370.61,0.00,0.00
53636.61,9370.61,0.00,0.00
53636.61,9370.61,0.00,0.00
53636.61,9370.61,0.00,0.00
53636.61,9370.61,0.00,0.00
53636.61,9370.61,0.00,0.00
53636.61,9370.61,0.00,0.00
53636.61,9370.61,0.00,0.00
53636.61,9370.61,0.00,0.00
53636.61,9370.61,0.00,0.00
53636.61,9370.61,0.00,0.00
53636.61,9370.61,0.00,0.00
53636.61,9370.61,0.00,0.00
53636.61,9370.61,0.00,0.00
53636.61,9370.61,0.00,0.00
53636.61,9370.61,0.00,0.00
53636.61,9370.61,0.00,0.00
53636.61,9370.61,0.00,0.00
53636.61,9370.61,0.00,0.00
53636.61,9370.61,0.00,0.00
53636.61,9370.61,0.00,0.00
53636.61,9370.61,0.00,0.00
53636.61,9370.61,0.00,0.00
53636.61,9370.61,0.00,0.00
53636.61,9370.61,0.00,0.00
53636.61,9370.61,0.00,0.00
53636.61,9370.61,0.00,0.00
53636.61,9370.61,0.00,0.00
53636.61,9370.61,0.00,0.00
53636.61,9370.61,0.00,0.00
53636.61,9370.61,0.00,0.00
53636.61,9370.61,0.00,0.00
53636.61,9370.61,0.00,0.00
53636.61,9370.61,0.00,0.00
53636.61,9370.61,0.00,0.00
53636.61,9370.61,0.00,0.00
53636.61,9370.61,0.00,0.00
53636.61,9370.61,0.00,0.00
53636.69,9370.69,0.08,0.00
53636.85,9370.85,0.16,0.00
53637.09,9371.09,0.24,0.00
53637.41,9371.41,0.32,0.00
53637.80,9371.81,0.40,0.00
53638.29,9372.29,0.48,0.00
53638.84,9372.69,0.56,0.40
53639.48,9373.48,0.64,0.00
53640.20,9373.89,0.72,0.40
53641.00,9374.69,0.80,0.80
53641.70,9375.70,0.70,0.00
53642.20,9376.00,0.50,0.30
53642.60,9376.00,0.40,0.00
53642.80,9376.00,0.20,0.00
53642.80,9376.00,0.00,0.00
53642.80,9376.00,0.00,0.00
53642.80,9376.00,0.00,0.00
53642.80,9376.00,0.00,0.00
53642.80,9376.00,0.00,0.00
53642.80,9376.00,0.00,0.00
53642.80,9376.00,0.00,0.00
53642.80,9376.00,0.00,0.00
53642.80,9376.00,0.00,0.00
53642.80,9376.00,0.00,0.00
53642.80,9376.00,0.00,0.00
53642.80,9376.00,0.00,0.00
53642.80,9376.00,0.00,0.00
53642.80,9376.00,0.00,0.00
53642.80,9376.00,0.00,0.00
53642.80,9376.00,0.00,0.00
53642.80,9376.00,0.00,0.00
53642.80,9376.00,0.00,0.00
53642.80,9376.00,0.00,0.00
53642.80,9376.00,0.00,0.00
53642.80,9376.00,0.00,0.00
53642.80,9376.00,0.00,0.00
53642.80,9376.00,0.00,0.00
53642.80,9376.00,0.00,0.00
53642.80,9376.00,0.00,0.00
53642.80,9376.00,0.00,0.00
53642.80,9376.00,0.00,0.00
53642.80,9376.00,0.00,0.00
53642.80,9376.00,0.00,0.00
53642.80,9376.00,0.00,0.00
53642.80,9376.00,0.00,0.00
53642.80,9376.00,0.00,0.00
53642.80,9376.00,0.00,0.00
53642.80,9376.00,0.00,0.00
53642.80,9376.00,0.00,0.00
53642.80,9376.00,0.00,0.00
53642.80,9376.00,0.00,0.00
53642.80,9376.00,0.00,0.00
53642.80,9376.00,0.00,0.00
53642.80,9376.00,0.00,0.00
53642.80,9376.00,0.00,0.00
53642.80,9376.00,0.00,0.00
53642.80,9376.00,0.00,0.00
53642.80,9376.00,0.00,0.00
53642.80,9376.00,0.00,0.00
53642.80,9376.00,0.00,0.00
53642.80,9376.00,0.00,0.00
53642.80,9376.00,0.00,0.00
53642.80,9376.00,0.00,0.00
53642.80,9376.00,0.00,0.00
53642.80,9376.00,0.00,0.00
53642.80,9376.00,0.00,0.00
53642.80,9376.00,0.00,0.00
53642.80,9376.00,0.00,0.00
53642.80,9376.00,0.00,0.00
53642.80,9376.00,0.00,0.00
53642.80,9376.00,0.00,0.00
53642.80,9376.00,0.00,0.00
53642.80,9376.00,0.00,0.00
53642.80,9376.00,0.00,0.00
53642.80,9376.00,0.00,0.00
53642.80,9376.00,0.00,0.00
53642.80,9376.00,0.00,0.00
53642.80,9376.00,0.00,0.00
53642.80,9376.00,0.00,0.00
53642.80,9376.00,0.00,0.00
53642.80,9376.00,0.00,0.00
53642.80,9376.00,0.00,0.00
53642.80,9376.00,0.00,0.00
53642.80,9376.00,0.00,0.00
53642.80,9376.00,0.00,0.00
53642.80,9376.00,0.00,0.00
53642.80,9376.00,0.00,0.00
53642.80,9376.00,0.00,0.00
53642.80,9376.00,0.00,0.00
53642.80,9376.00,0.00,0.00
53642.80,9376.00,0.00,0.00
53642.80,9376.00,0.00,0.00
53642.80,9376.00,0.00,0.00
53642.80,9376.00,0.00,0.00
53642.80,9376.00,0.00,0.00
53642.80,9376.00,0.00,0.00
53642.80,9376.00,0.00,0.00
53642.80,9376.00,0.00,0.00
53642.80,9376.00,0.00,0.00
53642.80,9376.00,0.00,0.00
53642.80,9376.00,0.00,0.00
53642.80,9376.00,0.00,0.00
53642.80,9376.00,0.00,0.00
53642.80,9376.00,0.00,0.00
53642.80,9376.00,0.00,0.00
53642.80,9376.00,0.00,0.00
53642.80,9376.00,0.00,0.00
53642.80,9376.00,0.00,0.00
53642.80,9376.00,0.00,0.00
53642.80,9376.00,0.00,0.00
53642.80,9376.00,0.00,0.00
53642.80,9376.00,0.00,0.00
53642.80,9376.00,0.00,0.00
53642.80,9376.00,0.00,0.00
53642.80,9376.00,0.00,0.00
53642.80,9376.00,0.00,0.00
53642.80,9376.00,0.00,0.00
53642.80,9376.00,0.00,0.00
53642.80,9376.00,0.00,0.00
53642.80,9376.00,0.00,0.00
53642.80,9376.00,0.00,0.00
53642.80,9376.00,0.00,0.00
53642.80,9376.00,0.00,0.00
53642.80,9376.00,0.00,0.00
53642.80,9376.00,0.00,0.00
53642.80,9376.00,0.00,0.00
53642.80,9376.00,0.00,0.00
53642.80,9376.00,0.00,0.00
53642.80,9376.00,0.00,0.00
53642.80,9376.00,0.00,0.00
53642.80,9376.00,0.00,0.00
53642.80,9376.00,0.00,0.00
53642.80,9376.00,0.00,0.00
53642.80,9376.00,0.00,0.00
53642.80,9376.00,0.00,0.00
53642.80,9376.00,0.00,0.00
53642.80,9376.00,0.00,0.00
53642.80,9376.00,0.00,0.00
53642.80,9376.00,0.00,0.00
53642.80,9376.00,0.00,0.00
53642.80,9376.00,0.00,0.00
53642.80,9376.00,0.00,0.00
53642.80,9376.00,0.00,0.00
53642.80,9376.00,0.00,0.00
53642.80,9376.00,0.00,0.00
53642.80,9376.00,0.00,0.00
53642.80,9376.00,0.00,0.00
53642.80,9376.00,0.00,0.00
53642.80,9376.00,0.00,0.00
53642.80,9376.00,0.00,0.00
53642.80,9376.00,0.00,0.00
53642.80,9376.00,0.00,0.00
53642.80,9376.00,0.00,0.00
53642.80,9376.00,0.00,0.00
53642.80,9376.00,0.00,0.00
53642.80,9376.00,0.00,0.00
53642.80,9376.00,0.00,0.00
53642.80,9376.00,0.00,0.00
53642.80,9376.00,0.00,0.00
53642.80,9376.00,0.00,0.00
53642.80,9376.00,0.00,0.00
53642.80,9376.00,0.00,0.00
53642.80,9376.00,0.00,0.00
53642.80,9376.00,0.00,0.00
53642.80,9376.00,0.00,0.00
53642.80,9376.00,0.00,0.00
53642.80,9376.00,0.00,0.00
53642.80,9376.00,0.00,0.00
53642.80,9376.00,0.00,0.00
53642.80,9376.00,0.00,0.00
53642.80,9376.00,0.00,0.00
53642.80,9376.00,0.00,0.00
53642.80,9376.00,0.00,0.00
53642.80,9376.00,0.00,0.00
53642.80,9376.00,0.00,0.00
53642.80,9376.00,0.00,0.00
53642.80,9376.00,0.00,0.00
53642.80,9376.00,0.00,0.00
53642.80,9376.00,0.00,0.00
53642.80,9376.00,0.00,0.00
53642.80,9376.00,0.00,0.00
53642.80,9376.00,0.00,0.00
53642.80,9376.00,0.00,0.00
53642.80,9376.00,0.00,0.00
53642.80,9376.00,0.00,0.00
53642.80,9376.00,0.00,0.00
53642.80,9376.00,0.00,0.00
53642.80,9376.00,0.00,0.00
53642.80,9376.00,0.00,0.00
53642.80,9376.00,0.00,0.00
53642.80,9376.00,0.00,0.00
53642.80,9376.00,0.00,0.00
53642.80,9376.00,0.00,0.00
53642.80,9376.00,0.00,0.00
53642.80,9376.00,0.00,0.00
53642.80,9376.00,0.00,0.00
53642.80,9376.00,0.00,0.00
53642.80,9376.00,0.00,0.00
53642.80,9376.00,0.00,0.00
53642.80,9376.00,0.00,0.00
53642.80,9376.00,0.00,0.00
53642.80,9376.00,0.00,0.00
53642.80,9376.00,0.00,0.00
53642.80,9376.00,0.00,0.00
53642.80,9376.00,0.00,0.00
53642.80,9376.00,0.00,0.00
53642.80,9376.00,0.00,0.00
53642.80,9376.00,0.00,0.00
53642.80,9376.00,0.00,0.00
53642.80,9376.00,0.00,0.00
53642.80,9376.00,0.00,0.00
53642.80,9376.00,0.00,0.00
53642.80,9376.00,0.00,0.00
53642.80,9376.00,0.00,0.00
53642.80,9376.00,0.00,0.00
53642.80,9376.00,0.00,0.00
53642.80,9376.00,0.00,0.00
53642.80,9376.00,0.00,0.00
53642.80,9376.00,0.00,0.00
53642.80,9376.00,0.00,0.00
53642.80,9376.00,0.00,0.00
53642.80,9376.00,0.00,0.00
53642.80,9376.00,0.00,0.00
53642.80,9376.00,0.00,0.00
53642.80,9376.00,0.00,0.00
53642.80,9376.00,0.00,0.00
53642.80,9376.00,0.00,0.00
53642.80,9376.00,0.00,0.00
53642.80,9376.00,0.00,0.00
53642.80,9376.00,0.00,0.00
53642.80,9376.00,0.00,0.00
53642.80,9376.00,0.00,0.00
53642.80,9376.00,0.00,0.00
53642.80,9376.00,0.00,0.00
53642.80,9376.00,0.00,0.00
53642.80,9376.00,0.00,0.00
53642.80,9376.00,0.00,0.00
53642.80,9376.00,0.00,0.00
53642.80,9376.00,0.00,0.00
53642.80,9376.00,0.00,0.00
53642.80,9376.00,0.00,0.00
53642.80,9376.00,0.00,0.00
53642.80,9376.00,0.00,0.00
53642.80,9376.00,0.00,0.00
53642.80,9376.00,0.00,0.00
53642.80,9376.00,0.00,0.00
53642.80,9376.00,0.00,0.00
53642.80,9376.00,0.00,0.00
53642.80,9376.00,0.00,0.00
53642.80,9376.00,0.00,0.00
53642.80,9376.00,0.00,0.00
53642.80,9376.00,0.00,0.00
53642.80,9376.00,0.00,0.00
53642.80,9376.00,0.00,0.00
53642.80,9376.00,0.00,0.00
53642.80,9376.00,0.00,0.00
53642.80,9376.00,0.00,0.00
53642.80,9376.00,0.00,0.00
53642.80,9376.00,0.00,0.00
53642.80,9376.00,0.00,0.00
53642.80,9376.00,0.00,0.00
53642.80,9376.00,0.00,0.00
53642.80,9376.00,0.00,0.00
53642.80,9376.00,0.00,0.00
53642.80,9376.00,0.00,0.00
53642.80,9376.00,0.00,0.00
53642.80,9376.00,0.00,0.00
53642.80,9376.00,0.00,0.00
53642.80,9376.00,0.00,0.00
53642.80,9376.00,0.00,0.00
53642.80,9376.00,0.00,0.00
53642.80,9376.00,0.00,0.00
53642.80,9376.00,0.00,0.00
53642.80,9376.00,0.00,0.00
53642.80,9376.00,0.00,0.00
53642.80,9376.00,0.00,0.00
53642.80,9376.00,0.00,0.00
53642.80,9376.00,0.00,0.00
53642.80,9376.00,0.00,0.00
53642.80,9376.00,0.00,0.00
53642.80,9376.00,0.00,0.00
53642.80,9376.00,0.00,0.00
53642.80,9376.00,0.00,0.00
53642.80,9376.00,0.00,0.00
53642.80,9376.00,0.00,0.00
53642.80,9376.00,0.00,0.00
53642.80,9376.00,0.00,0.00
53642.80,9376.00,0.00,0.00
53642.80,9376.00,0.00,0.00
53642.80,9376.00,0.00,0.00
53642.80,9376.00,0.00,0.00
53642.80,9376.00,0.00,0.00
53642.80,9376.00,0.00,0.00
53642.80,9376.00,0.00,0.00
53642.80,9376.00,0.00,0.00
53642.80,9376.00,0.00,0.00
53642.80,9376.00,0.00,0.00
53642.80,9376.00,0.00,0.00
53642.80,9376.00,0.00,0.00
53642.80,9376.00,0.00,0.00
53642.80,9376.00,0.00,0.00
53642.80,9376.00,0.00,0.00
53642.80,9376.00,0.00,0.00
53642.80,9376.00,0.00,0.00
53642.80,9376.00,0.00,0.00
53642.80,9376.00,0.00,0.00
53642.80,9376.00,0.00,0.00
53642.80,9376.00,0.00,0.00
53642.80,9376.00,0.00,0.00
53642.80,9376.00,0.00,0.00
53642.80,9376.00,0.00,0.00
53642.80,9376.00,0.00,0.00
53642.80,9376.00,0.00,0.00
53642.80,9376.00,0.00,0.00
53642.80,9376.00,0.00,0.00
53642.80,9376.00,0.00,0.00
53642.80,9376.00,0.00,0.00
53642.80,9376.00,0.00,0.00
53642.80,9376.00,0.00,0.00
53642.80,9376.00,0.00,0.00
53642.80,9376.00,0.00,0.00
53642.80,9376.00,0.00,0.00
53642.80,9376.00,0.00,0.00
53642.80,9376.00,0.00,0.00
53642.80,9376.00,0.00,0.00
53642.80,9376.00,0.00,0.00
53642.80,9376.00,0.00,0.00
53642.80,9376.00,0.00,0.00
53642.80,9376.00,0.00,0.00
53642.80,9376.00,0.00,0.00
53642.80,9376.00,0.00,0.00
53642.80,9376.00,0.00,0.00
53642.80,9376.00,0.00,0.00
53642.80,9376.00,0.00,0.00
53642.80,9376.00,0.00,0.00
53642.80,9376.00,0.00,0.00
53642.80,9376.00,0.00,0.00
53642.80,9376.00,0.00,0.00
53642.80,9376.00,0.00,0.00
53642.80,9376.00,0.00,0.00
53642.80,9376.00,0.00,0.00
53642.80,9376.00,0.00,0.00
53642.80,9376.00,0.00,0.00
53642.80,9376.00,0.00,0.00
53642.80,9376.00,0.00,0.00
53642.80,9376.00,0.00,0.00
53642.80,9376.00,0.00,0.00
53642.80,9376.00,0.00,0.00
53642.80,9376.00,0.00,0.00
53642.80,9376.00,0.00,0.00
53642.80,9376.00,0.00,0.00
53642.80,9376.00,0.00,0.00
53642.80,9376.00,0.00,0.00
53642.80,9376.00,0.00,0.00
53642.80,9376.00,0.00,0.00
53642.80,9376.00,0.00,0.00
53642.80,9376.00,0.00,0.00
53642.80,9376.00,0.00,0.00
53642.80,9376.00,0.00,0.00
53642.80,9376.00,0.00,0.00
53642.80,9376.00,0.00,0.00
53642.80,9376.00,0.00,0.00
53642.80,9376.00,0.00,0.00
53642.80,9376.00,0.00,0.00
53642.80,9376.00,0.00,0.00
53642.80,9376.00,0.00,0.00
53642.80,9376.00,0.00,0.00
53642.80,9376.00,0.00,0.00
53642.80,9376.00,0.00,0.00
53642.80,9376.00,0.00,0.00
53642.80,9376.00,0.00,0.00
53642.80,9376.00,0.00,0.00
53642.80,9376.00,0.00,0.00
53642.80,9376.00,0.00,0.00
53642.80,9376.00,0.00,0.00
53642.80,9376.00,0.00,0.00
53642.80,9376.00,0.00,0.00
53642.80,9376.00,0.00,0.00
53642.80,9376.00,0.00,0.00
53642.80,9376.00,0.00,0.00
53642.80,9376.00,0.00,0.00
53642.80,9376.00,0.00,0.00
53642.80,9376.00,0.00,0.00
53642.80,9376.00,0.00,0.00
53642.80,9376.00,0.00,0.00
53642.80,9376.00,0.00,0.00
53642.80,9376.00,0.00,0.00
53642.80,9376.00,0.00,0.00
53642.80,9376.00,0.00,0.00
53642.80,9376.00,0.00,0.00
53642.80,9376.00,0.00,0.00
53642.80,9376.00,0.00,0.00
53642.80,9376.00,0.00,0.00
53642.80,9376.00,0.00,0.00
53642.80,9376.00,0.00,0.00
53642.80,9376.00,0.00,0.00
53642.80,9376.00,0.00,0.00
53642.80,9376.00,0.00,0.00
53642.80,9376.00,0.00,0.00
53642.80,9376.00,0.00,0.00
53642.80,9376.00,0.00,0.00
53642.80,9376.00,0.00,0.00
53642.80,9376.00,0.00,0.00
53642.80,9376.00,0.00,0.00
53642.80,9376.00,0.00,0.00
53642.80,9376.00,0.00,0.00
53642.80,9376.00,0.00,0.00
53642.80,9376.00,0.00,0.00
53642.80,9376.00,0.00,0.00
53642.80,9376.00,0.00,0.00
53642.80,9376.00,0.00,0.00
53642.80,9376.00,0.00,0.00
53642.80,9376.00,0.00,0.00
53642.88,9376.00,0.08,0.00
53643.04,9376.00,0.16,0.00
53643.28,9376.00,0.24,0.00
53643.60,9376.00,0.32,0.00
53644.00,9376.00,0.40,0.00
53644.48,9376.00,0.48,0.00
53645.04,9376.00,0.56,0.00
53645.68,9376.00,0.64,0.00
53646.39,9376.00,0.72,0.00
53647.20,9376.00,0.80,0.00
53648.07,9376.00,0.88,0.00
53649.04,9376.00,0.96,0.00
53650.07,9376.00,1.04,0.00
53650.91,9376.00,0.84,0.00
53651.55,9376.00,0.64,0.00
53652.00,9376.00,0.44,0.00
53652.23,9376.00,0.24,0.00
53652.27,9376.00,0.04,0.00
53652.27,9376.00,0.00,0.00
53652.27,9376.00,0.00,0.00
53652.27,9376.00,0.00,0.00
53652.27,9376.00,0.00,0.00
53652.35,9376.00,0.08,0.00
53652.51,9376.00,0.16,0.00
53652.75,9376.00,0.24,0.00
53653.07,9376.00,0.32,0.00
53653.47,9376.00,0.40,0.00
53653.95,9376.00,0.48,0.00
53654.51,9376.00,0.56,0.00
53655.15,9376.00,0.64,0.00
53655.87,9376.00,0.72,0.00
53656.67,9376.00,0.80,0.00
53657.55,9376.00,0.88,0.00
53658.51,9376.40,0.96,0.40
53659.55,9377.20,1.04,0.80
53660.67,9378.40,1.12,1.20
53661.87,9380.00,1.20,1.60
53663.15,9382.00,1.28,2.00
53664.51,9384.40,1.36,2.40
53665.95,9387.20,1.44,2.80
53667.47,9390.40,1.52,3.20
53669.07,9394.00,1.60,3.60
53670.75,9398.00,1.68,4.00
53672.51,9402.40,1.76,4.40
53674.35,9407.20,1.84,4.80
53676.27,9412.40,1.92,5.20
53678.27,9418.00,2.00,5.60
53680.35,9424.00,2.08,6.00
53682.51,9430.40,2.16,6.40
53684.75,9437.20,2.24,6.80
53687.07,9444.40,2.32,7.20
53689.11,9452.00,2.04,7.60
53690.87,9460.00,1.76,8.00
53692.35,9468.40,1.48,8.40
53693.55,9477.20,1.20,8.80
53694.47,9486.40,0.92,9.20
53695.11,9496.00,0.64,9.60
53695.47,9506.00,0.36,10.00
53695.55,9516.01,0.08,10.01
53695.55,9526.02,-0.00,10.01
53695.47,9536.03,-0.08,10.01
53695.31,9546.04,-0.16,10.01
53695.07,9552.00,-0.24,5.96
53694.75,9552.00,-0.32,0.00
53694.36,9552.00,-0.40,0.00
53693.88,9552.00,-0.48,0.00
53693.32,9552.00,-0.56,0.00
53692.68,9552.00,-0.64,0.00
53691.96,9552.00,-0.72,0.00
53691.16,9552.00,-0.80,0.00
53690.28,9552.00,-0.88,0.00
53689.32,9551.32,-0.96,0.00
53688.28,9550.28,-1.04,0.00
53687.16,9549.16,-1.12,0.00
53685.96,9547.96,-1.20,0.00
53684.96,9546.96,-1.00,0.00
53684.16,9546.16,-0.80,0.00
53683.55,9545.56,-0.60,0.00
53683.16,9545.16,-0.40,0.00
53682.96,9544.96,-0.20,0.00
53682.96,9544.96,-0.00,0.00
53682.96,9544.96,0.00,0.00
53682.96,9544.96,0.00,0.00
53682.96,9544.96,0.00,0.00
53682.96,9544.96,0.00,0.00
53682.96,9544.96,0.00,0.00
53682.96,9544.96,0.00,0.00
53682.96,9544.96,0.00,0.00
53682.96,9544.96,0.00,0.00
53682.96,9544.96,0.00,0.00
53682.96,9544.96,0.00,0.00
53682.96,9544.96,0.00,0.00
53682.96,9544.96,0.00,0.00
53682.96,9544.96,0.00,0.00
53682.96,9544.96,0.00,0.00
53682.96,9544.96,0.00,0.00
53682.96,9544.96,0.00,0.00
53682.96,9544.96,0.00,0.00
53682.88,9544.88,-0.08,0.00
53682.72,9544.72,-0.16,0.00
53682.48,9544.48,-0.24,0.00
53682.16,9544.16,-0.32,0.00
53681.76,9543.76,-0.40,0.00
53681.28,9543.28,-0.48,0.00
53680.72,9542.72,-0.56,0.00
53680.08,9542.08,-0.64,0.00
53679.36,9541.36,-0.72,0.00
53678.56,9540.56,-0.80,0.00
53677.68,9539.68,-0.88,0.00
53676.72,9538.72,-0.96,0.00
53675.68,9537.68,-1.04,0.00
53674.56,9536.56,-1.12,0.00
53673.36,9536.00,-1.20,0.00
53672.08,9536.00,-1.28,0.00
53670.72,9536.00,-1.36,0.00
53669.28,9536.00,-1.44,0.00
53667.76,9536.00,-1.52,0.00
53666.44,9536.00,-1.32,0.00
53665.32,9536.00,-1.12,0.00
53664.40,9536.00,-0.92,0.00
53663.68,9536.00,-0.72,0.00
53663.16,9536.00,-0.52,0.00
53662.84,9536.00,-0.32,0.00
53662.72,9536.00,-0.12,0.00
53662.72,9536.00,0.00,0.00
53662.72,9536.00,0.00,0.00
53662.72,9536.00,0.00,0.00
53662.72,9536.00,0.00,0.00
53662.72,9536.00,0.00,0.00
53662.72,9536.00,0.00,0.00
53662.72,9536.00,0.00,0.00
53662.72,9536.00,0.00,0.00
53662.72,9536.00,0.00,0.00
53662.72,9536.00,0.00,0.00
53662.72,9536.00,0.00,0.00
53662.72,9536.00,0.00,0.00
53662.72,9536.00,0.00,0.00
53662.72,9536.00,0.00,0.00
53662.72,9536.00,0.00,0.00
53662.72,9536.00,0.00,0.00
53662.72,9536.00,0.00,0.00
53662.72,9536.00,0.00,0.00
53662.72,9536.00,0.00,0.00
53662.72,9536.00,0.00,0.00
53662.72,9536.00,0.00,0.00
53662.72,9536.00,0.00,0.00
53662.72,9536.00,0.00,0.00
53662.72,9536.00,0.00,0.00
53662.72,9536.00,0.00,0.00
53662.72,9536.00,0.00,0.00
53662.72,9536.00,0.00,0.00
53662.72,9536.00,0.00,0.00
53662.72,9536.00,0.00,0.00
53662.72,9536.00,0.00,0.00
53662.72,9536.00,0.00,0.00
53662.72,9536.00,0.00,0.00
53662.72,9536.00,0.00,0.00
53662.72,9536.00,0.00,0.00
53662.72,9536.00,0.00,0.00
53662.72,9536.00,0.00,0.00
53662.72,9536.00,0.00,0.00
53662.72,9536.00,0.00,0.00
53662.72,9536.00,0.00,0.00
53662.72,9536.00,0.00,0.00
53662.72,9536.00,0.00,0.00
53662.72,9536.00,0.00,0.00
53662.72,9536.00,0.00,0.00
53662.72,9536.00,0.00,0.00
53662.72,9536.00,0.00,0.00
53662.72,9536.00,0.00,0.00
53662.72,9536.00,0.00,0.00
53662.72,9536.00,0.00,0.00
53662.72,9536.00,0.00,0.00
53662.72,9536.00,0.00,0.00
53662.72,9536.00,0.00,0.00
53662.72,9536.00,0.00,0.00
53662.72,9536.00,0.00,0.00
53662.72,9536.00,0.00,0.00
53662.72,9536.00,0.00,0.00
53662.72,9536.00,0.00,0.00
53662.72,9536.00,0.00,0.00
53662.72,9536.00,0.00,0.00
53662.72,9536.00,0.00,0.00
53662.72,9536.00,0.00,0.00
53662.72,9536.00,0.00,0.00
53662.72,9536.00,0.00,0.00
53662.72,9536.00,0.00,0.00
53662.72,9536.00,0.00,0.00
53662.72,9536.00,0.00,0.00
53662.72,9536.00,0.00,0.00
53662.72,9536.00,0.00,0.00
53662.72,9536.00,0.00,0.00
53662.72,9536.00,0.00,0.00
53662.72,9536.00,0.00,0.00
53662.72,9536.00,0.00,0.00
53662.72,9536.00,0.00,0.00
53662.72,9536.00,0.00,0.00
53662.72,9536.00,0.00,0.00
53662.72,9536.00,0.00,0.00
53662.72,9536.00,0.00,0.00
53662.72,9536.00,0.00,0.00
53662.72,9536.00,0.00,0.00
53662.72,9536.00,0.00,0.00
53662.72,9536.00,0.00,0.00
53662.72,9536.00,0.00,0.00
53662.72,9536.00,0.00,0.00
53662.72,9536.00,0.00,0.00
53662.72,9536.00,0.00,0.00
53662.72,9536.00,0.00,0.00
53662.72,9536.00,0.00,0.00
53662.72,9536.00,0.00,0.00
53662.72,9536.00,0.00,0.00
53662.72,9536.00,0.00,0.00
53662.72,9536.00,0.00,0.00
53662.72,9536.00,0.00,0.00
53662.72,9536.00,0.00,0.00
53662.72,9536.00,0.00,0.00
53662.72,9536.00,0.00,0.00
53662.72,9536.00,0.00,0.00
53662.72,9536.00,0.00,0.00
53662.72,9536.00,0.00,0.00
53662.72,9536.00,0.00,0.00
53662.72,9536.00,0.00,0.00
53662.72,9536.00,0.00,0.00
53662.72,9536.00,0.00,0.00
53662.72,9536.00,0.00,0.00
53662.72,9536.00,0.00,0.00
53662.72,9536.00,0.00,0.00
53662.72,9536.00,0.00,0.00
53662.72,9536.00,0.00,0.00
53662.72,9536.00,0.00,0.00
53662.72,9536.00,0.00,0.00
53662.72,9536.00,0.00,0.00
53662.72,9536.00,0.00,0.00
53662.72,9536.00,0.00,0.00
53662.72,9536.00,0.00,0.00
53662.72,9536.00,0.00,0.00
53662.72,9536.00,0.00,0.00
53662.72,9536.00,0.00,0.00
53662.72,9536.00,0.00,0.00
53662.72,9536.00,0.00,0.00
53662.72,9536.00,0.00,0.00
53662.72,9536.00,0.00,0.00
53662.72,9536.00,0.00,0.00
53662.72,9536.00,0.00,0.00
53662.72,9536.00,0.00,0.00
53662.72,9536.00,0.00,0.00
53662.72,9536.00,0.00,0.00
53662.72,9536.00,0.00,0.00
53662.72,9536.00,0.00,0.00
53662.72,9536.00,0.00,0.00
53662.72,9536.00,0.00,0.00
53662.72,9536.00,0.00,0.00
53662.72,9536.00,0.00,0.00
53662.72,9536.00,0.00,0.00
53662.72,9536.00,0.00,0.00
53662.72,9536.00,0.00,0.00
53662.72,9536.00,0.00,0.00
53662.72,9536.00,0.00,0.00
53662.72,9536.00,0.00,0.00
53662.72,9536.00,0.00,0.00
53662.72,9536.00,0.00,0.00
53662.72,9536.00,0.00,0.00
53662.72,9536.00,0.00,0.00
53662.72,9536.00,0.00,0.00
53662.72,9536.00,0.00,0.00
53662.72,9536.00,0.00,0.00
53662.72,9536.00,0.00,0.00
53662.72,9536.00,0.00,0.00
53662.72,9536.00,0.00,0.00
53662.72,9536.00,0.00,0.00
53662.72,9536.00,0.00,0.00
53662.72,9536.00,0.00,0.00
53662.72,9536.00,0.00,0.00
53662.72,9536.00,0.00,0.00
53662.72,9536.00,0.00,0.00
53662.72,9536.00,0.00,0.00
53662.72,9536.00,0.00,0.00
53662.72,9536.00,0.00,0.00
53662.72,9536.00,0.00,0.00
53662.72,9536.00,0.00,0.00
53662.72,9536.00,0.00,0.00
53662.72,9536.00,0.00,0.00
53662.72,9536.00,0.00,0.00
53662.72,9536.00,0.00,0.00
53662.72,9536.00,0.00,0.00
53662.72,9536.00,0.00,0.00
53662.72,9536.00,0.00,0.00
53662.72,9536.00,0.00,0.00
53662.72,9536.00,0.00,0.00
53662.72,9536.00,0.00,0.00
53662.72,9536.00,0.00,0.00
53662.72,9536.00,0.00,0.00
53662.72,9536.00,0.00,0.00
53662.72,9536.00,0.00,0.00
53662.72,9536.00,0.00,0.00
53662.72,9536.00,0.00,0.00
53662.72,9536.00,0.00,0.00
53662.72,9536.00,0.00,0.00
53662.72,9536.00,0.00,0.00
53662.72,9536.00,0.00,0.00
53662.72,9536.00,0.00,0.00
53662.80,9536.00,0.08,0.00
53662.96,9536.00,0.16,0.00
53663.20,9536.00,0.24,0.00
53663.52,9536.00,0.32,0.00
53663.91,9536.00,0.40,0.00
53664.39,9536.00,0.48,0.00
53664.95,9536.00,0.56,0.00
53665.59,9536.00,0.64,0.00
53666.31,9536.00,0.72,0.00
53667.11,9536.00,0.80,0.00
53667.99,9536.00,0.88,0.00
53668.95,9536.00,0.96,0.00
53669.99,9536.00,1.04,0.00
53671.11,9536.00,1.12,0.00
53672.31,9536.00,1.20,0.00
53673.59,9536.00,1.28,0.00
53674.95,9536.95,1.36,0.00
53676.11,9538.11,1.16,0.00
53677.07,9539.07,0.96,0.00
53677.84,9539.84,0.76,0.00
53678.39,9540.40,0.56,0.00
53678.75,9535.78,0.36,-4.61
53679.02,9531.17,0.26,-4.61
53679.18,9526.56,0.16,-4.61
53679.23,9521.95,0.06,-4.61
53679.23,9517.34,0.00,-4.61
53679.23,9512.73,0.00,-4.61
53679.23,9508.12,0.00,-4.61
53679.23,9503.51,0.00,-4.61
53679.23,9498.90,0.00,-4.61
53679.23,9494.29,0.00,-4.61
53679.23,9489.68,0.00,-4.61
53679.23,9485.07,0.00,-4.61
53679.23,9480.46,0.00,-4.61
53679.23,9475.85,0.00,-4.61
53679.23,9471.24,0.00,-4.61
53679.23,9467.03,0.00,-4.21
53679.23,9463.22,0.00,-3.81
53679.23,9459.81,0.00,-3.41
53679.23,9456.80,0.00,-3.01
53679.23,9454.19,0.00,-2.61
53679.23,9451.98,0.00,-2.21
53679.23,9450.17,0.00,-1.81
53679.23,9448.76,0.00,-1.41
53679.23,9447.75,0.00,-1.01
53679.23,9447.14,0.00,-0.61
53679.23,9442.53,0.00,-4.61
53679.23,9437.92,0.00,-4.61
53679.23,9433.31,0.00,-4.61
53679.23,9428.70,0.00,-4.61
53679.23,9424.09,0.00,-4.61
53679.23,9419.48,0.00,-4.61
53679.23,9414.87,0.00,-4.61
53679.23,9410.26,0.00,-4.61
53679.23,9405.65,0.00,-4.61
53679.23,9401.04,0.00,-4.61
53679.16,9396.43,-0.08,-4.61
53679.00,9391.82,-0.16,-4.61
53678.76,9387.61,-0.24,-4.21
53678.44,9383.80,-0.32,-3.81
53678.04,9380.39,-0.40,-3.41
53677.56,9377.38,-0.48,-3.01
53677.00,9374.77,-0.56,-2.61
53676.36,9372.56,-0.64,-2.21
53675.64,9370.75,-0.72,-1.81
53674.84,9370.01,-0.80,-0.74
53673.96,9370.01,-0.88,0.00
53673.00,9370.41,-0.96,0.40
53671.96,9371.21,-1.04,0.80
53670.84,9372.41,-1.12,1.20
53669.64,9374.01,-1.20,1.60
53668.36,9376.01,-1.28,2.00
53667.00,9378.41,-1.36,2.40
53665.56,9381.21,-1.44,2.80
53664.04,9384.41,-1.52,3.20
53662.44,9388.01,-1.60,3.60
53660.76,9392.01,-1.68,4.00
53659.00,9396.41,-1.76,4.40
53658.00,9401.21,-1.00,4.80
53658.00,9406.41,0.00,5.20
53658.00,9412.01,0.00,5.60
53658.00,9418.01,0.00,6.00
53658.00,9424.41,0.00,6.40
53658.00,9431.21,0.00,6.80
53658.00,9438.41,0.00,7.20
53658.00,9446.01,0.00,7.60
53658.00,9454.01,0.00,8.00
53658.00,9462.41,0.00,8.40
53658.00,9471.21,0.00,8.80
53658.00,9480.41,0.00,9.20
53658.00,9490.02,0.00,9.60
53658.00,9500.02,0.00,10.00
53658.00,9510.02,0.00,10.01
53658.00,9520.03,0.00,10.01
53658.00,9530.04,0.00,10.01
53658.00,9536.00,0.00,5.96
53658.00,9536.00,0.00,0.00
53658.00,9536.00,0.00,0.00
53658.00,9536.00,0.00,0.00
53658.00,9536.00,0.00,0.00
53658.00,9536.00,0.00,0.00
53658.00,9536.00,0.00,0.00
53658.00,9536.00,0.00,0.00
53658.00,9536.00,0.00,0.00
53658.00,9536.00,0.00,0.00
53658.00,9536.00,0.00,0.00
53658.00,9536.00,0.00,0.00
53658.00,9536.00,0.00,0.00
53658.00,9536.00,0.00,0.00
53658.00,9536.00,0.00,0.00
53658.00,9536.00,0.00,0.00
53658.00,9536.00,0.00,0.00
53658.08,9536.00,0.08,0.00
53658.24,9536.00,0.16,0.00
53658.48,9536.00,0.24,0.00
53658.80,9536.00,0.32,0.00
53659.20,9536.00,0.40,0.00
53659.68,9531.39,0.48,-4.61
53660.23,9526.78,0.56,-4.61
53660.88,9522.17,0.64,-4.61
53661.59,9517.56,0.72,-4.61
53662.39,9512.95,0.80,-4.61
53663.27,9508.34,0.88,-4.61
53664.23,9503.73,0.96,-4.61
53665.27,9499.12,1.04,-4.61
53666.39,9494.51,1.12,-4.61
53667.59,9489.90,1.20,-4.61
53668.88,9485.29,1.28,-4.61
53670.23,9480.68,1.36,-4.61
53671.68,9476.07,1.44,-4.61
53673.20,9471.46,1.52,-4.61
53674.80,9466.85,1.60,-4.61
53676.48,9462.64,1.68,-4.21
53677.88,9458.83,1.40,-3.81
53679.00,9455.42,1.12,-3.41
53679.84,9452.41,0.84,-3.01
53680.39,9449.80,0.56,-2.61
53680.68,9447.59,0.28,-2.21
53680.68,9445.78,0.00,-1.81
53680.60,9444.37,-0.08,-1.41
53680.44,9443.36,-0.16,-1.01
53680.20,9438.75,-0.24,-4.61
53679.88,9434.14,-0.32,-4.61
53679.48,9429.52,-0.40,-4.61
53679.00,9424.91,-0.48,-4.61
53678.44,9420.30,-0.56,-4.61
53677.80,9415.69,-0.64,-4.61
53677.08,9411.08,-0.72,-4.61
53676.28,9406.47,-0.80,-4.61
53675.40,9401.86,-0.88,-4.61
53674.44,9397.25,-0.96,-4.61
53673.40,9392.64,-1.04,-4.61
53672.28,9388.03,-1.12,-4.61
53671.08,9383.82,-1.20,-4.21
53669.80,9380.01,-1.28,-3.81
53668.44,9376.60,-1.36,-3.41
53667.00,9373.59,-1.44,-3.01
53665.48,9370.98,-1.52,-2.61
53663.88,9368.77,-1.60,-2.21
53662.20,9366.96,-1.68,-1.81
53660.44,9365.55,-1.76,-1.41
53658.60,9364.54,-1.84,-1.01
53656.68,9363.93,-1.92,-0.61
53654.68,9363.72,-2.00,-0.21
53652.60,9363.91,-2.08,0.19
53650.44,9364.50,-2.16,0.59
53648.20,9365.49,-2.24,0.99
53645.88,9366.88,-2.32,1.39
53643.48,9368.67,-2.40,1.79
53641.18,9370.86,-2.30,2.19
53638.98,9372.98,-2.20,0.00
53636.98,9370.98,-2.00,0.00
53635.18,9369.18,-1.80,0.00
53633.58,9367.58,-1.60,0.00
53632.18,9366.18,-1.40,0.00
53630.98,9364.98,-1.20,0.00
53629.98,9363.98,-1.00,0.00
53629.18,9363.18,-0.80,0.00
53628.58,9362.58,-0.60,0.00
53628.18,9362.18,-0.40,0.00
53627.98,9361.98,-0.20,0.00
53627.98,9361.98,0.00,0.00
53627.98,9361.98,0.00,0.00
53627.98,9361.98,0.00,0.00
53627.98,9361.98,0.00,0.00
53627.98,9361.98,0.00,0.00
53627.98,9361.98,0.00,0.00
53627.98,9361.98,0.00,0.00
53627.98,9361.98,0.00,0.00
53627.98,9361.98,0.00,0.00
53627.98,9361.98,0.00,0.00
53627.98,9361.98,0.00,0.00
53627.98,9361.98,0.00,0.00
53627.98,9361.98,0.00,0.00
53627.98,9361.98,0.00,0.00
53627.98,9361.98,0.00,0.00
53627.98,9361.98,0.00,0.00
53627.98,9361.98,0.00,0.00
53627.98,9361.98,0.00,0.00
53627.98,9361.98,0.00,0.00
53627.98,9361.98,0.00,0.00
53627.98,9361.98,0.00,0.00
53627.98,9361.98,0.00,0.00
53627.98,9361.98,0.00,0.00
53627.98,9361.98,0.00,0.00
53627.98,9361.98,0.00,0.00
53627.98,9361.98,0.00,0.00
53627.98,9361.98,0.00,0.00
53627.98,9361.98,0.00,0.00
53627.98,9361.98,0.00,0.00
53627.98,9361.98,0.00,0.00
53627.98,9361.98,0.00,0.00
53627.98,9361.98,0.00,0.00
53627.98,9361.98,0.00,0.00
53627.98,9361.98,0.00,0.00
53627.98,9361.98,0.00,0.00
53627.98,9361.98,0.00,0.00
53627.98,9361.98,0.00,0.00
53627.98,9361.98,0.00,0.00
53627.98,9361.98,0.00,0.00
53627.98,9361.98,0.00,0.00
53627.98,9361.98,0.00,0.00
53627.98,9361.98,0.00,0.00
53627.98,9361.98,0.00,0.00
53627.98,9361.98,0.00,0.00
53627.98,9361.98,0.00,0.00
53627.98,9361.98,0.00,0.00
53627.98,9361.98,0.00,0.00
53627.98,9361.98,0.00,0.00
53627.98,9361.98,0.00,0.00
53627.98,9361.98,0.00,0.00
53627.98,9361.98,0.00,0.00
53627.98,9361.98,0.00,0.00
53627.98,9361.98,0.00,0.00
53627.98,9361.98,0.00,0.00
53627.98,9361.98,0.00,0.00
53627.98,9361.98,0.00,0.00
53627.98,9361.98,0.00,0.00
53627.98,9361.98,0.00,0.00
53627.98,9361.98,0.00,0.00
53627.98,9361.98,0.00,0.00
53627.98,9361.98,0.00,0.00
53627.98,9361.98,0.00,0.00
53627.98,9361.98,0.00,0.00
53627.98,9361.98,0.00,0.00
53627.98,9361.98,0.00,0.00
53627.98,9361.98,0.00,0.00
53627.98,9361.98,0.00,0.00
53627.98,9361.98,0.00,0.00
53627.98,9361.98,0.00,0.00
53627.98,9361.98,0.00,0.00
53627.98,9361.98,0.00,0.00
53627.98,9361.98,0.00,0.00
53627.98,9361.98,0.00,0.00
53627.98,9361.98,0.00,0.00
53627.98,9361.98,0.00,0.00
53627.98,9361.98,0.00,0.00
53627.98,9361.98,0.00,0.00
53627.98,9361.98,0.00,0.00
53627.98,9361.98,0.00,0.00
53627.98,9361.98,0.00,0.00
53627.98,9361.98,0.00,0.00
53627.98,9361.98,0.00,0.00
53627.98,9361.98,0.00,0.00
53627.98,9361.98,0.00,0.00
53627.98,9361.98,0.00,0.00
53627.98,9361.98,0.00,0.00
53627.98,9361.98,0.00,0.00
53627.98,9361.98,0.00,0.00
53627.98,9361.98,0.00,0.00
53627.98,9361.98,0.00,0.00
53627.98,9361.98,0.00,0.00
53627.98,9361.98,0.00,0.00
53627.98,9361.98,0.00,0.00
53627.98,9361.98,0.00,0.00
53627.98,9361.98,0.00,0.00
53627.98,9361.98,0.00,0.00
53627.98,9361.98,0.00,0.00
53627.98,9361.98,0.00,0.00
53627.98,9361.98,0.00,0.00
53627.98,9361.98,0.00,0.00
53627.98,9361.98,0.00,0.00
53627.98,9361.98,0.00,0.00
53627.98,9361.98,0.00,0.00
53627.98,9361.98,0.00,0.00
53627.98,9361.98,0.00,0.00
53627.98,9361.98,0.00,0.00
53627.98,9361.98,0.00,0.00
53627.98,9361.98,0.00,0.00
53627.98,9361.98,0.00,0.00
53627.98,9361.98,0.00,0.00
53627.98,9361.98,0.00,0.00
53627.98,9361.98,0.00,0.00
53627.98,9361.98,0.00,0.00
53627.98,9361.98,0.00,0.00
53627.98,9361.98,0.00,0.00
53627.98,9361.98,0.00,0.00
53627.98,9361.98,0.00,0.00
53627.98,9361.98,0.00,0.00
53627.98,9361.98,0.00,0.00
53627.98,9361.98,0.00,0.00
53627.98,9361.98,0.00,0.00
53627.98,9361.98,0.00,0.00
53627.98,9361.98,0.00,0.00
53627.98,9361.98,0.00,0.00
53627.98,9361.98,0.00,0.00
53627.98,9361.98,0.00,0.00
53627.98,9361.98,0.00,0.00
53627.98,9361.98,0.00,0.00
53627.98,9361.98,0.00,0.00
53627.98,9361.98,0.00,0.00
53627.98,9361.98,0.00,0.00
53627.98,9361.98,0.00,0.00
53627.98,9361.98,0.00,0.00
53627.98,9361.98,0.00,0.00
53627.98,9361.98,0.00,0.00
53627.98,9361.98,0.00,0.00
53627.98,9361.98,0.00,0.00
53627.98,9361.98,0.00,0.00
53627.98,9361.98,0.00,0.00
53627.98,9361.98,0.00,0.00
53627.98,9361.98,0.00,0.00
53627.98,9361.98,0.00,0.00
53627.98,9361.98,0.00,0.00
53627.98,9361.98,0.00,0.00
53627.98,9361.98,0.00,0.00
53627.98,9361.98,0.00,0.00
53627.98,9361.98,0.00,0.00
53627.98,9361.98,0.00,0.00
53627.98,9361.98,0.00,0.00
53627.98,9361.98,0.00,0.00
53627.98,9361.98,0.00,0.00
53627.98,9361.98,0.00,0.00
53627.98,9361.98,0.00,0.00
53627.98,9361.98,0.00,0.00
53627.98,9361.98,0.00,0.00
53627.98,9361.98,0.00,0.00
53627.98,9361.98,0.00,0.00
53627.98,9361.98,0.00,0.00
53627.98,9361.98,0.00,0.00
53627.98,9361.98,0.00,0.00
53627.98,9361.98,0.00,0.00
53627.98,9361.98,0.00,0.00
53627.98,9361.98,0.00,0.00
53627.98,9361.98,0.00,0.00
53627.98,9361.98,0.00,0.00
53627.98,9361.98,0.00,0.00
53627.98,9361.98,0.00,0.00
53627.98,9361.98,0.00,0.00
53627.98,9361.98,0.00,0.00
53627.98,9361.98,0.00,0.00
53627.98,9361.98,0.00,0.00
53627.98,9361.98,0.00,0.00
53627.98,9361.98,0.00,0.00
53627.98,9361.98,0.00,0.00
53627.98,9361.98,0.00,0.00
53627.98,9361.98,0.00,0.00
53627.98,9361.98,0.00,0.00
53627.98,9361.98,0.00,0.00
53627.98,9361.98,0.00,0.00
53627.98,9361.98,0.00,0.00
53627.98,9361.98,0.00,0.00
53627.98,9361.98,0.00,0.00
53627.98,9361.98,0.00,0.00
53627.98,9361.98,0.00,0.00
53627.98,9361.98,0.00,0.00
53627.98,9361.98,0.00,0.00
53627.98,9361.98,0.00,0.00
53627.98,9361.98,0.00,0.00
53627.98,9361.98,0.00,0.00
53627.98,9361.98,0.00,0.00
53627.98,9361.98,0.00,0.00
53627.98,9361.98,0.00,0.00
53627.98,9361.98,0.00,0.00
53627.98,9361.98,0.00,0.00
53627.98,9361.98,0.00,0.00
53627.98,9361.98,0.00,0.00
53627.98,9361.98,0.00,0.00
53627.98,9361.98,0.00,0.00
53627.98,9361.98,0.00,0.00
53627.98,9361.98,0.00,0.00
53627.98,9361.98,0.00,0.00
53627.98,9361.98,0.00,0.00
53627.98,9361.98,0.00,0.00
53627.98,9361.98,0.00,0.00
53627.98,9361.98,0.00,0.00
53627.98,9361.98,0.00,0.00
53627.98,9361.98,0.00,0.00
53627.98,9361.98,0.00,0.00
53627.98,9361.98,0.00,0.00
53627.98,9361.98,0.00,0.00
53627.98,9361.98,0.00,0.00
53627.98,9361.98,0.00,0.00
53627.98,9361.98,0.00,0.00
53627.98,9361.98,0.00,0.00
53627.98,9361.98,0.00,0.00
53627.98,9361.98,0.00,0.00
53627.98,9361.98,0.00,0.00
53627.98,9361.98,0.00,0.00
53627.98,9361.98,0.00,0.00
53627.98,9361.98,0.00,0.00
53627.98,9361.98,0.00,0.00
53627.98,9361.98,0.00,0.00
53627.98,9361.98,0.00,0.00
53627.98,9361.98,0.00,0.00
53627.98,9361.98,0.00,0.00
53627.98,9361.98,0.00,0.00
53627.98,9361.98,0.00,0.00
53627.98,9361.98,0.00,0.00
53627.98,9361.98,0.00,0.00
53627.98,9361.98,0.00,0.00
53627.98,9361.98,0.00,0.00
53627.98,9361.98,0.00,0.00
53627.98,9361.98,0.00,0.00
53627.98,9361.98,0.00,0.00
53627.98,9361.98,0.00,0.00
53627.98,9361.98,0.00,0.00
53627.98,9361.98,0.00,0.00
53627.98,9361.98,0.00,0.00
53627.98,9361.98,0.00,0.00
53627.98,9361.98,0.00,0.00
53627.98,9361.98,0.00,0.00
53627.98,9361.98,0.00,0.00
53627.98,9361.98,0.00,0.00
53627.98,9361.98,0.00,0.00
53627.98,9361.98,0.00,0.00
53627.98,9361.98,0.00,0.00
53627.98,9361.98,0.00,0.00
53627.98,9361.98,0.00,0.00
53627.98,9361.98,0.00,0.00
53627.98,9361.98,0.00,0.00
53627.98,9361.98,0.00,0.00
53627.98,9361.98,0.00,0.00
53627.98,9361.98,0.00,0.00
53627.98,9361.98,0.00,0.00
53627.98,9361.98,0.00,0.00
53627.98,9361.98,0.00,0.00
53627.98,9361.98,0.00,0.00
53627.98,9361.98,0.00,0.00
53627.98,9361.98,0.00,0.00
53627.98,9361.98,0.00,0.00
53627.98,9361.98,0.00,0.00
53627.98,9361.98,0.00,0.00
53627.98,9361.98,0.00,0.00
53627.98,9361.98,0.00,0.00
53627.98,9361.98,0.00,0.00
53627.98,9361.98,0.00,0.00
53627.98,9361.98,0.00,0.00
53627.98,9361.98,0.00,0.00
53627.98,9361.98,0.00,0.00
53627.98,9361.98,0.00,0.00
53627.98,9361.98,0.00,0.00
53627.98,9361.98,0.00,0.00
53627.98,9361.98,0.00,0.00
53627.98,9361.98,0.00,0.00
53627.98,9361.98,0.00,0.00
53627.98,9361.98,0.00,0.00
53627.98,9361.98,0.00,0.00
53627.98,9361.98,0.00,0.00
53627.98,9361.98,0.00,0.00
53627.98,9361.98,0.00,0.00
53627.98,9361.98,0.00,0.00
53627.98,9361.98,0.00,0.00
53627.98,9361.98,0.00,0.00
53627.98,9361.98,0.00,0.00
53627.98,9361.98,0.00,0.00
53627.98,9361.98,0.00,0.00
53627.98,9361.98,0.00,0.00
53627.98,9361.98,0.00,0.00
53627.98,9361.98,0.00,0.00
53627.98,9361.98,0.00,0.00
53627.98,9361.98,0.00,0.00
53627.98,9361.98,0.00,0.00
53627.98,9361.98,0.00,0.00
53627.98,9361.98,0.00,0.00
53627.98,9361.98,0.00,0.00
53627.98,9361.98,0.00,0.00
53627.98,9361.98,0.00,0.00
53627.98,9361.98,0.00,0.00
53627.98,9361.98,0.00,0.00
53627.98,9361.98,0.00,0.00
53627.98,9361.98,0.00,0.00
53627.98,9361.98,0.00,0.00
53627.98,9361.98,0.00,0.00
53627.98,9361.98,0.00,0.00
53627.98,9361.98,0.00,0.00
53627.98,9361.98,0.00,0.00
53627.98,9361.98,0.00,0.00
53627.98,9361.98,0.00,0.00
53627.98,9361.98,0.00,0.00
53627.98,9361.98,0.00,0.00
53627.98,9361.98,0.00,0.00
53627.98,9361.98,0.00,0.00
53627.98,9361.98,0.00,0.00
53627.98,9361.98,0.00,0.00
53627.98,9361.98,0.00,0.00
53627.98,9361.98,0.00,0.00
53627.98,9361.98,0.00,0.00
53627.98,9361.98,0.00,0.00
53627.98,9361.98,0.00,0.00
53627.98,9361.98,0.00,0.00
53627.98,9361.98,0.00,0.00
53627.98,9361.98,0.00,0.00
53627.98,9361.98,0.00,0.00
53627.98,9361.98,0.00,0.00
53627.98,9361.98,0.00,0.00
53627.98,9361.98,0.00,0.00
53627.98,9361.98,0.00,0.00
53627.98,9361.98,0.00,0.00
53627.98,9361.98,0.00,0.00
53627.98,9361.98,0.00,0.00
53627.98,9361.98,0.00,0.00
53627.98,9361.98,0.00,0.00
53627.98,9361.98,0.00,0.00
53627.98,9361.98,0.00,0.00
53627.98,9361.98,0.00,0.00
53627.98,9361.98,0.00,0.00
53627.98,9361.98,0.00,0.00
53627.98,9361.98,0.00,0.00
53627.98,9361.98,0.00,0.00
53627.98,9361.98,0.00,0.00
53627.98,9361.98,0.00,0.00
53627.98,9361.98,0.00,0.00
53627.98,9361.98,0.00,0.00
53627.98,9361.98,0.00,0.00
53627.98,9361.98,0.00,0.00
53627.98,9361.98,0.00,0.00
53627.98,9361.98,0.00,0.00
53627.98,9361.98,0.00,0.00
53627.98,9361.98,0.00,0.00
53627.98,9361.98,0.00,0.00
53627.98,9361.98,0.00,0.00
53627.98,9361.98,0.00,0.00
53627.98,9361.98,0.00,0.00
53627.98,9361.98,0.00,0.00
53627.98,9361.98,0.00,0.00
53627.98,9361.98,0.00,0.00
53627.98,9361.98,0.00,0.00
53627.98,9361.98,0.00,0.00
53627.98,9361.98,0.00,0.00
53627.98,9361.98,0.00,0.00
53627.98,9361.98,0.00,0.00
53627.98,9361.98,0.00,0.00
53627.98,9361.98,0.00,0.00
53627.98,9361.98,0.00,0.00
53627.98,9361.98,0.00,0.00
53627.98,9361.98,0.00,0.00
53627.98,9361.98,0.00,0.00
53627.98,9361.98,0.00,0.00
53627.98,9361.98,0.00,0.00
53627.98,9361.98,0.00,0.00
53627.98,9361.98,0.00,0.00
53627.98,9361.98,0.00,0.00
53627.98,9361.98,0.00,0.00
53627.98,9361.98,0.00,0.00
53627.98,9361.98,0.00,0.00
53627.98,9361.98,0.00,0.00
53627.98,9361.98,0.00,0.00
53627.98,9361.98,0.00,0.00
53627.98,9361.98,0.00,0.00
53627.98,9361.98,0.00,0.00
53627.98,9361.98,0.00,0.00
53627.98,9361.98,0.00,0.00
53627.98,9361.98,0.00,0.00
53627.98,9361.98,0.00,0.00
53627.98,9361.98,0.00,0.00
53627.98,9361.98,0.00,0.00
53627.98,9361.98,0.00,0.00
53627.98,9361.98,0.00,0.00
53627.98,9361.98,0.00,0.00
53627.98,9361.98,0.00,0.00
53627.98,9361.98,0.00,0.00
53627.98,9361.98,0.00,0.00
53627.98,9361.98,0.00,0.00
53627.98,9361.98,0.00,0.00
53627.98,9361.98,0.00,0.00
53627.98,9361.98,0.00,0.00
53627.98,9361.98,0.00,0.00
53627.98,9361.98,0.00,0.00
53627.98,9361.98,0.00,0.00
53627.98,9361.98,0.00,0.00
53627.98,9361.98,0.00,0.00
53627.98,9361.98,0.00,0.00
53627.98,9361.98,0.00,0.00
53627.98,9361.98,0.00,0.00
53627.98,9361.98,0.00,0.00
53627.98,9361.98,0.00,0.00
53627.98,9361.98,0.00,0.00
53627.98,9361.98,0.00,0.00
53627.98,9361.98,0.00,0.00
53627.98,9361.98,0.00,0.00
53627.98,9361.98,0.00,0.00
53627.98,9361.98,0.00,0.00
53627.98,9361.98,0.00,0.00
53627.98,9361.98,0.00,0.00
53627.98,9361.98,0.00,0.00
53627.98,9361.98,0.00,0.00
53627.98,9361.98,0.00,0.00
53627.98,9361.98,0.00,0.00
53627.98,9361.98,0.00,0.00
53627.98,9361.98,0.00,0.00
53627.98,9361.98,0.00,0.00
53627.98,9361.98,0.00,0.00
53627.98,9361.98,0.00,0.00
53627.98,9361.98,0.00,0.00
53627.98,9361.98,0.00,0.00
53627.98,9361.98,0.00,0.00
53627.98,9361.98,0.00,0.00
53627.98,9361.98,0.00,0.00
53627.98,9361.98,0.00,0.00
53627.98,9361.98,0.00,0.00
53627.98,9361.98,0.00,0.00
53627.98,9361.98,0.00,0.00
53627.98,9361.98,0.00,0.00
53627.98,9361.98,0.00,0.00
53627.98,9361.98,0.00,0.00
53627.98,9361.98,0.00,0.00
53627.98,9361.98,0.00,0.00
53627.98,9361.98,0.00,0.00
53627.98,9361.98,0.00,0.00
53627.98,9361.98,0.00,0.00
53627.98,9361.98,0.00,0.00
53627.98,9361.98,0.00,0.00
53627.98,9361.98,0.00,0.00
53627.98,9361.98,0.00,0.00
53627.98,9361.98,0.00,0.00
53627.98,9361.98,0.00,0.00
53627.98,9361.98,0.00,0.00
53627.98,9361.98,0.00,0.00
53627.98,9361.98,0.00,0.00
53627.98,9361.98,0.00,0.00
53627.98,9361.98,0.00,0.00
53627.98,9361.98,0.00,0.00
53627.98,9361.98,0.00,0.00
53627.98,9361.98,0.00,0.00
53627.98,9361.98,0.00,0.00
53627.98,9361.98,0.00,0.00
53627.98,9361.98,0.00,0.00
53627.98,9361.98,0.00,0.00
53627.98,9361.98,0.00,0.00
53627.98,9361.98,0.00,0.00
53627.98,9361.98,0.00,0.00
53627.98,9361.98,0.00,0.00
53627.98,9361.98,0.00,0.00
53627.98,9361.98,0.00,0.00
53627.98,9361.98,0.00,0.00
53627.98,9361.98,0.00,0.00
53627.98,9361.98,0.00,0.00
53627.98,9361.98,0.00,0.00
53627.98,9361.98,0.00,0.00
53627.98,9361.98,0.00,0.00
53627.98,9361.98,0.00,0.00
53627.98,9361.98,0.00,0.00
53627.98,9361.98,0.00,0.00
53627.98,9361.98,0.00,0.00
53627.98,9361.98,0.00,0.00
53627.98,9361.98,0.00,0.00
53627.98,9361.98,0.00,0.00
53627.98,9361.98,0.00,0.00
53627.98,9361.98,0.00,0.00
53627.98,9361.98,0.00,0.00
53627.98,9361.98,0.00,0.00
53627.98,9361.98,0.00,0.00
53627.98,9361.98,0.00,0.00
53627.98,9361.98,0.00,0.00
53627.98,9361.98,0.00,0.00
53627.98,9361.98,0.00,0.00
53627.98,9361.98,0.00,0.00
53627.98,9361.98,0.00,0.00
53627.98,9361.98,0.00,0.00
53627.98,9361.98,0.00,0.00
53627.98,9361.98,0.00,0.00
53627.98,9361.98,0.00,0.00
53627.98,9361.98,0.00,0.00
53627.98,9361.98,0.00,0.00
53627.98,9361.98,0.00,0.00
53627.98,9361.98,0.00,0.00
53627.98,9361.98,0.00,0.00
53627.98,9361.98,0.00,0.00
53627.98,9361.98,0.00,0.00
53627.98,9361.98,0.00,0.00
53627.98,9361.98,0.00,0.00
53627.98,9361.98,0.00,0.00
53627.98,9361.98,0.00,0.00
53627.98,9361.98,0.00,0.00
53627.98,9361.98,0.00,0.00
53627.98,9361.98,0.00,0.00
53627.98,9361.98,0.00,0.00
53627.98,9361.98,0.00,0.00
53627.98,9361.98,0.00,0.00
53627.98,9361.98,0.00,0.00
53627.98,9361.98,0.00,0.00
53627.98,9361.98,0.00,0.00
53627.98,9361.98,0.00,0.00
53627.98,9361.98,0.00,0.00
53627.98,9361.98,0.00,0.00
53627.98,9361.98,0.00,0.00
53627.98,9361.98,0.00,0.00
53627.98,9361.98,0.00,0.00
53627.98,9361.98,0.00,0.00
53627.98,9361.98,0.00,0.00
53627.98,9361.98,0.00,0.00
53627.98,9361.98,0.00,0.00
53627.98,9361.98,0.00,0.00
53627.98,9361.98,0.00,0.00
53627.98,9361.98,0.00,0.00
53627.98,9361.98,0.00,0.00
53627.98,9361.98,0.00,0.00
53627.98,9361.98,0.00,0.00
53627.98,9361.98,0.00,0.00
53627.98,9361.98,0.00,0.00
53627.98,9361.98,0.00,0.00
53627.98,9361.98,0.00,0.00
53627.98,9361.98,0.00,0.00
53627.98,9361.98,0.00,0.00
53627.98,9361.98,0.00,0.00
53627.98,9361.98,0.00,0.00
53627.98,9361.98,0.00,0.00
53627.98,9361.98,0.00,0.00
53627.98,9361.98,0.00,0.00
53627.98,9361.98,0.00,0.00
53627.98,9361.98,0.00,0.00
53627.98,9361.98,0.00,0.00
53627.98,9361.98,0.00,0.00
53627.98,9361.98,0.00,0.00
53627.98,9361.98,0.00,0.00
53627.98,9361.98,0.00,0.00
53627.98,9361.98,0.00,0.00
53627.98,9361.98,0.00,0.00
53627.98,9361.98,0.00,0.00
53627.98,9361.98,0.00,0.00
53627.98,9361.98,0.00,0.00
53627.98,9361.98,0.00,0.00
53627.98,9361.98,0.00,0.00
53627.98,9361.98,0.00,0.00
53627.98,9361.98,0.00,0.00
53627.98,9361.98,0.00,0.00
53627.98,9361.98,0.00,0.00
53627.98,9361.98,0.00,0.00
53627.98,9361.98,0.00,0.00
53627.98,9361.98,0.00,0.00
53627.98,9361.98,0.00,0.00
53627.98,9361.98,0.00,0.00
53627.98,9361.98,0.00,0.00
53627.98,9361.98,0.00,0.00
53627.98,9361.98,0.00,0.00
53627.98,9361.98,0.00,0.00
53627.98,9361.98,0.00,0.00
53627.98,9361.98,0.00,0.00
53627.98,9361.98,0.00,0.00
53627.98,9361.98,0.00,0.00
53627.98,9361.98,0.00,0.00
53627.98,9361.98,0.00,0.00
53627.98,9361.98,0.00,0.00
53627.98,9361.98,0.00,0.00
53627.98,9361.98,0.00,0.00
53627.98,9361.98,0.00,0.00
53627.98,9361.98,0.00,0.00
53627.98,9361.98,0.00,0.00
53627.98,9361.98,0.00,0.00
53627.98,9361.98,0.00,0.00
53627.98,9361.98,0.00,0.00
53627.98,9361.98,0.00,0.00
53627.98,9361.98,0.00,0.00
53627.98,9361.98,0.00,0.00
53627.98,9361.98,0.00,0.00
53627.98,9361.98,0.00,0.00
53627.98,9361.98,0.00,0.00
53627.98,9361.98,0.00,0.00
53627.98,9361.98,0.00,0.00
53627.98,9361.98,0.00,0.00
53627.98,9361.98,0.00,0.00
53627.98,9361.98,0.00,0.00
53627.98,9361.98,0.00,0.00
53627.98,9361.98,0.00,0.00
53627.98,9361.98,0.00,0.00
53627.98,9361.98,0.00,0.00
53627.98,9361.98,0.00,0.00
53627.98,9361.98,0.00,0.00
53627.98,9361.98,0.00,0.00
53627.98,9361.98,0.00,0.00
53627.98,9361.98,0.00,0.00
53627.98,9361.98,0.00,0.00
53627.98,9361.98,0.00,0.00
53627.98,9361.98,0.00,0.00
53627.98,9361.98,0.00,0.00
53627.98,9361.98,0.00,0.00
53627.98,9361.98,0.00,0.00
53627.98,9361.98,0.00,0.00
53627.98,9361.98,0.00,0.00
53627.98,9361.98,0.00,0.00
53627.98,9361.98,0.00,0.00
53627.98,9361.98,0.00,0.00
53627.98,9361.98,0.00,0.00
53627.98,9361.98,0.00,0.00
53627.98,9361.98,0.00,0.00
53627.98,9361.98,0.00,0.00
53627.98,9361.98,0.00,0.00
53627.98,9361.98,0.00,0.00
53627.98,9361.98,0.00,0.00
53627.98,9361.98,0.00,0.00
53627.98,9361.98,0.00,0.00
53627.98,9361.98,0.00,0.00
53627.98,9361.98,0.00,0.00
53627.98,9361.98,0.00,0.00
53627.98,9361.98,0.00,0.00
53627.98,9361.98,0.00,0.00
53627.98,9361.98,0.00,0.00
53627.98,9361.98,0.00,0.00
53627.98,9361.98,0.00,0.00
53627.98,9361.98,0.00,0.00
53628.06,9362.06,0.08,0.00
53628.22,9362.22,0.16,0.00
53628.46,9362.46,0.24,0.00
53628.78,9362.78,0.32,0.00
53629.18,9363.18,0.40,0.00
53629.66,9363.66,0.48,0.00
53630.21,9364.22,0.56,0.00
53630.86,9364.86,0.64,0.00
53631.57,9365.57,0.72,0.00
53632.38,9366.38,0.80,0.00
53633.25,9367.25,0.88,0.00
53634.21,9368.22,0.96,0.00
53635.25,9369.25,1.04,0.00
53636.38,9370.38,1.12,0.00
53637.57,9371.57,1.20,0.00
53638.86,9372.86,1.28,0.00
53640.21,9373.26,1.36,0.40
53641.66,9374.06,1.44,0.80
53643.18,9375.26,1.52,1.20
53644.78,9376.00,1.60,0.74
53646.46,9376.00,1.68,0.00
53648.22,9376.00,1.76,0.00
53650.06,9376.00,1.84,0.00
53651.98,9376.00,1.92,0.00
53653.70,9376.00,1.72,0.00
53655.22,9376.00,1.52,0.00
53656.54,9376.00,1.32,0.00
53657.66,9376.00,1.12,0.00
53658.58,9376.40,0.92,0.40
53659.40,9377.20,0.82,0.80
53660.12,9378.40,0.72,1.20
53660.74,9380.00,0.62,1.60
53661.26,9382.00,0.52,2.00
53661.68,9384.40,0.42,2.40
53662.00,9387.20,0.32,2.80
53662.22,9390.40,0.22,3.20
53662.34,9394.00,0.12,3.60
53662.36,9398.00,0.02,4.00
53662.36,9402.40,0.00,4.40
53662.36,9407.20,0.00,4.80
53662.36,9412.40,0.00,5.20
53662.36,9418.00,0.00,5.60
53662.36,9424.00,0.00,6.00
53662.36,9430.40,0.00,6.40
53662.36,9437.20,0.00,6.80
53662.36,9444.40,0.00,7.20
53662.36,9452.00,0.00,7.60
53662.36,9460.00,0.00,8.00
53662.36,9468.40,0.00,8.40
53662.36,9477.20,0.00,8.80
53662.36,9486.40,0.00,9.20
53662.36,9496.00,0.00,9.60
53662.36,9506.00,0.00,10.00
53662.36,9516.01,0.00,10.01
53662.36,9526.02,0.00,10.01
53662.36,9536.00,0.00,9.98
53662.36,9536.00,0.00,0.00
53662.36,9536.00,0.00,0.00
53662.36,9536.00,0.00,0.00
53662.36,9536.00,0.00,0.00
53662.36,9536.00,0.00,0.00
53662.36,9536.00,0.00,0.00
53662.44,9536.00,0.08,0.00
53662.60,9536.00,0.16,0.00
53662.84,9536.00,0.24,0.00
53663.16,9536.00,0.32,0.00
53663.56,9536.00,0.40,0.00
53664.04,9536.00,0.48,0.00
53664.60,9536.00,0.56,0.00
53665.24,9536.00,0.64,0.00
53665.96,9536.00,0.72,0.00
53666.76,9536.00,0.80,0.00
53667.64,9536.00,0.88,0.00
53668.60,9536.00,0.96,0.00
53669.64,9536.00,1.04,0.00
53670.76,9536.00,1.12,0.00
53671.96,9536.00,1.20,0.00
53673.24,9536.00,1.28,0.00
53674.60,9536.60,1.36,0.00
53676.04,9538.04,1.44,0.00
53677.56,9539.56,1.52,0.00
53679.16,9541.16,1.60,0.00
53680.84,9542.84,1.68,0.00
53682.60,9544.60,1.76,0.00
53684.44,9546.44,1.84,0.00
53686.08,9548.08,1.64,0.00
53687.52,9548.48,1.44,0.40
53688.86,9549.28,1.34,0.80
53690.10,9550.48,1.24,1.20
53691.24,9552.00,1.14,1.52
53692.28,9552.00,1.04,0.00
53693.12,9552.00,0.84,0.00
53693.76,9552.00,0.64,0.00
53694.20,9552.00,0.44,0.00
53694.44,9552.00,0.24,0.00
53694.48,9552.00,0.04,0.00
53694.48,9552.00,0.00,0.00
53694.48,9552.00,0.00,0.00
53694.48,9552.00,0.00,0.00
53694.48,9552.00,0.00,0.00
53694.48,9552.00,0.00,0.00
53694.48,9552.00,0.00,0.00
53694.48,9552.00,0.00,0.00
53694.48,9552.00,0.00,0.00
53694.48,9552.00,0.00,0.00
53694.48,9552.00,0.00,0.00
53694.48,9552.00,0.00,0.00
53694.40,9552.00,-0.08,0.00
53694.24,9552.00,-0.16,0.00
53694.00,9552.00,-0.24,0.00
53693.68,9552.00,-0.32,0.00
53693.29,9552.00,-0.40,0.00
53692.80,9552.00,-0.48,0.00
53692.25,9552.00,-0.56,0.00
53691.61,9552.00,-0.64,0.00
53690.89,9552.00,-0.72,0.00
53690.09,9552.00,-0.80,0.00
53689.48,9551.48,-0.60,0.00
53689.09,9551.09,-0.40,0.00
53688.89,9550.89,-0.20,0.00
53688.77,9550.77,-0.12,0.00
53688.73,9550.73,-0.04,0.00
53688.77,9550.77,0.04,0.00
53688.89,9550.89,0.12,0.00
53688.89,9550.89,0.00,0.00
53688.89,9550.89,0.00,0.00
53688.89,9550.89,0.00,0.00
53688.89,9550.89,0.00,0.00
53688.89,9550.89,0.00,0.00
53688.89,9550.89,0.00,0.00
53688.89,9550.89,0.00,0.00
53688.89,9550.89,0.00,0.00
53688.89,9550.89,0.00,0.00
53688.89,9550.89,0.00,0.00
53688.89,9550.89,0.00,0.00
53688.89,9550.89,0.00,0.00
53688.89,9550.89,0.00,0.00
53688.96,9550.97,0.08,0.00
53689.12,9551.13,0.16,0.00
53689.36,9551.36,0.24,0.00
53689.68,9551.68,0.32,0.00
53690.08,9552.00,0.40,0.32
53690.56,9552.00,0.48,0.00
53691.12,9552.00,0.56,0.00
53691.76,9552.00,0.64,0.00
53692.48,9552.00,0.72,0.00
53693.28,9552.00,0.80,0.00
53694.16,9552.00,0.88,0.00
53695.12,9552.00,0.96,0.00
53696.16,9552.00,1.04,0.00
53697.28,9552.00,1.12,0.00
53698.48,9552.00,1.20,0.00
53699.76,9552.00,1.28,0.00
53701.12,9552.00,1.36,0.00
53702.56,9552.00,1.44,0.00
53704.08,9552.00,1.52,0.00
53705.68,9552.00,1.60,0.00
53707.36,9552.40,1.68,0.40
53709.12,9553.20,1.76,0.80
53710.96,9554.40,1.84,1.20
53712.89,9556.00,1.92,1.60
53714.89,9558.00,2.00,2.00
53716.96,9560.40,2.08,2.40
53718.00,9563.20,1.04,2.80
53718.00,9566.40,0.00,3.20
53718.00,9570.00,0.00,3.60
53718.00,9574.00,0.00,4.00
53718.00,9578.40,0.00,4.40
53718.00,9583.20,0.00,4.80
53718.00,9588.40,0.00,5.20
53718.00,9594.00,0.00,5.60
53718.00,9600.00,0.00,6.00
53718.00,9606.40,0.00,6.40
53717.92,9613.20,-0.08,6.80
53717.76,9620.40,-0.16,7.20
53717.52,9628.00,-0.24,7.60
53717.20,9632.00,-0.32,4.00
53716.80,9632.00,-0.40,0.00
53716.32,9632.00,-0.48,0.00
53715.77,9632.00,-0.56,0.00
53715.12,9632.00,-0.64,0.00
53714.41,9632.00,-0.72,0.00
53713.61,9632.00,-0.80,0.00
53712.73,9632.00,-0.88,0.00
53712.12,9632.00,-0.60,0.00
53711.80,9632.00,-0.32,0.00
53711.77,9632.00,-0.04,0.00
53711.80,9632.00,0.04,0.00
53711.93,9632.00,0.12,0.00
53712.12,9632.00,0.20,0.00
53712.41,9632.00,0.28,0.00
53712.77,9632.00,0.36,0.00
53713.21,9632.00,0.44,0.00
53713.73,9632.00,0.52,0.00
53714.33,9632.00,0.60,0.00
53715.01,9632.00,0.68,0.00
53715.77,9632.00,0.76,0.00
53716.61,9632.00,0.84,0.00
53717.53,9632.00,0.92,0.00
53718.53,9632.00,1.00,0.00
53719.61,9632.00,1.08,0.00
53720.77,9632.00,1.16,0.00
53722.01,9632.00,1.24,0.00
53723.33,9632.00,1.32,0.00
53724.73,9632.00,1.40,0.00
53726.21,9632.00,1.48,0.00
53727.77,9632.00,1.56,0.00
53729.12,9632.00,1.36,0.00
53730.29,9632.00,1.16,0.00
53731.25,9632.00,0.96,0.00
53732.01,9632.00,0.76,0.00
53732.57,9632.00,0.56,0.00
53732.93,9632.00,0.36,0.00
53733.09,9632.00,0.16,0.00
53733.09,9632.00,0.00,0.00
53733.16,9632.00,0.08,0.00
53733.32,9632.00,0.16,0.00
53733.56,9632.00,0.24,0.00
53733.88,9632.00,0.32,0.00
53734.28,9632.00,0.40,0.00
53734.76,9632.00,0.48,0.00
53735.32,9632.00,0.56,0.00
53735.96,9632.00,0.64,0.00
53736.68,9632.00,0.72,0.00
53737.48,9632.00,0.80,0.00
53738.36,9632.00,0.88,0.00
53739.32,9632.00,0.96,0.00
53740.36,9632.00,1.04,0.00
53741.48,9632.00,1.12,0.00
53742.68,9632.00,1.20,0.00
53743.96,9632.00,1.28,0.00
53745.32,9632.00,1.36,0.00
53746.76,9632.00,1.44,0.00
53748.00,9632.00,1.24,0.00
53749.04,9632.00,1.04,0.00
53749.88,9632.00,0.84,0.00
53750.52,9632.00,0.64,0.00
53750.96,9632.00,0.44,0.00
53751.20,9632.00,0.24,0.00
53751.24,9632.00,0.04,0.00
53751.24,9632.00,0.00,0.00
53751.24,9632.00,0.00,0.00
53751.24,9632.00,0.00,0.00
53751.24,9632.00,0.00,0.00
53751.24,9632.00,0.00,0.00
53751.24,9632.00,0.00,0.00
53751.24,9632.00,0.00,0.00
53751.24,9632.00,0.00,0.00
53751.24,9632.00,0.00,0.00
53751.24,9632.00,0.00,0.00
53751.24,9632.00,0.00,0.00
53751.24,9632.00,0.00,0.00
53751.24,9632.00,0.00,0.00
53751.24,9632.00,0.00,0.00
53751.24,9632.00,0.00,0.00
53751.24,9632.00,0.00,0.00
53751.24,9632.00,0.00,0.00
53751.24,9632.00,0.00,0.00
53751.24,9632.00,0.00,0.00
53751.24,9632.00,0.00,0.00
53751.24,9632.00,0.00,0.00
53751.24,9632.00,0.00,0.00
53751.24,9632.00,0.00,0.00
53751.24,9632.00,0.00,0.00
53751.24,9632.00,0.00,0.00
53751.24,9632.00,0.00,0.00
53751.24,9632.00,0.00,0.00
53751.24,9632.00,0.00,0.00
53751.24,9632.00,0.00,0.00
53751.24,9632.00,0.00,0.00
53751.24,9632.00,0.00,0.00
53751.24,9632.00,0.00,0.00
53751.24,9632.00,0.00,0.00
53751.24,9632.00,0.00,0.00
53751.24,9632.00,0.00,0.00
53751.24,9632.00,0.00,0.00
53751.24,9632.00,0.00,0.00
53751.24,9632.00,0.00,0.00
53751.24,9632.00,0.00,0.00
53751.24,9632.00,0.00,0.00
53751.24,9632.00,0.00,0.00
53751.24,9632.00,0.00,0.00
53751.24,9632.00,0.00,0.00
53751.24,9632.00,0.00,0.00
53751.24,9632.00,0.00,0.00
53751.24,9632.00,0.00,0.00
53751.24,9632.00,0.00,0.00
53751.24,9632.00,0.00,0.00
53751.24,9632.00,0.00,0.00
53751.24,9632.00,0.00,0.00
53751.24,9632.00,0.00,0.00
53751.24,9632.00,0.00,0.00
53751.24,9632.00,0.00,0.00
53751.24,9632.00,0.00,0.00
53751.24,9632.00,0.00,0.00
53751.24,9632.00,0.00,0.00
53751.24,9632.00,0.00,0.00
53751.24,9632.00,0.00,0.00
53751.24,9632.00,0.00,0.00
53751.24,9632.00,0.00,0.00
53751.24,9632.00,0.00,0.00
53751.24,9632.00,0.00,0.00
53751.24,9632.00,0.00,0.00
53751.24,9632.00,0.00,0.00
53751.24,9632.00,0.00,0.00
53751.24,9632.00,0.00,0.00
53751.24,9632.00,0.00,0.00
53751.24,9632.00,0.00,0.00
53751.24,9632.00,0.00,0.00
53751.24,9632.00,0.00,0.00
53751.24,9632.00,0.00,0.00
53751.24,9632.00,0.00,0.00
53751.24,9632.00,0.00,0.00
53751.24,9632.00,0.00,0.00
53751.24,9632.00,0.00,0.00
53751.24,9632.00,0.00,0.00
53751.24,9632.00,0.00,0.00
53751.24,9632.00,0.00,0.00
53751.24,9632.00,0.00,0.00
53751.24,9632.00,0.00,0.00
53751.24,9632.00,0.00,0.00
53751.24,9632.00,0.00,0.00
53751.24,9632.00,0.00,0.00
53751.24,9632.00,0.00,0.00
53751.24,9632.00,0.00,0.00
53751.24,9632.00,0.00,0.00
53751.24,9632.00,0.00,0.00
53751.24,9632.00,0.00,0.00
53751.24,9632.00,0.00,0.00
53751.24,9632.00,0.00,0.00
53751.24,9632.00,0.00,0.00
53751.24,9632.00,0.00,0.00
53751.24,9632.00,0.00,0.00
53751.24,9632.00,0.00,0.00
53751.24,9632.00,0.00,0.00
53751.24,9632.00,0.00,0.00
53751.24,9632.00,0.00,0.00
53751.24,9632.00,0.00,0.00
53751.24,9632.00,0.00,0.00
53751.24,9632.00,0.00,0.00
53751.24,9632.00,0.00,0.00
53751.24,9632.00,0.00,0.00
53751.24,9632.00,0.00,0.00
53751.24,9632.00,0.00,0.00
53751.24,9632.00,0.00,0.00
53751.24,9632.00,0.00,0.00
53751.24,9632.00,0.00,0.00
53751.24,9632.00,0.00,0.00
53751.24,9632.00,0.00,0.00
53751.24,9632.00,0.00,0.00
53751.24,9632.00,0.00,0.00
53751.24,9632.00,0.00,0.00
53751.24,9632.00,0.00,0.00
53751.24,9632.00,0.00,0.00
53751.24,9632.00,0.00,0.00
53751.24,9632.00,0.00,0.00
53751.24,9632.00,0.00,0.00
53751.24,9632.00,0.00,0.00
53751.24,9632.00,0.00,0.00
53751.24,9632.00,0.00,0.00
53751.24,9632.00,0.00,0.00
53751.24,9632.00,0.00,0.00
53751.24,9632.00,0.00,0.00
53751.24,9632.00,0.00,0.00
53751.24,9632.00,0.00,0.00
53751.24,9632.00,0.00,0.00
53751.24,9632.00,0.00,0.00
53751.24,9632.00,0.00,0.00
53751.24,9632.00,0.00,0.00
53751.24,9632.00,0.00,0.00
53751.24,9632.00,0.00,0.00
53751.24,9632.00,0.00,0.00
53751.24,9632.00,0.00,0.00
53751.24,9632.00,0.00,0.00
53751.24,9632.00,0.00,0.00
53751.24,9632.00,0.00,0.00
53751.24,9632.00,0.00,0.00
53751.24,9632.00,0.00,0.00
53751.24,9632.00,0.00,0.00
53751.24,9632.00,0.00,0.00
53751.24,9632.00,0.00,0.00
53751.24,9632.00,0.00,0.00
53751.24,9632.00,0.00,0.00
53751.24,9632.00,0.00,0.00
53751.24,9632.00,0.00,0.00
53751.24,9632.00,0.00,0.00
53751.24,9632.00,0.00,0.00
53751.24,9632.00,0.00,0.00
53751.24,9632.00,0.00,0.00
53751.24,9632.00,0.00,0.00
53751.24,9632.00,0.00,0.00
53751.24,9632.00,0.00,0.00
53751.24,9632.00,0.00,0.00
53751.24,9632.00,0.00,0.00
53751.24,9632.00,0.00,0.00
53751.24,9632.00,0.00,0.00
53751.24,9632.00,0.00,0.00
53751.24,9632.00,0.00,0.00
53751.24,9632.00,0.00,0.00
53751.24,9632.00,0.00,0.00
53751.24,9632.00,0.00,0.00
53751.24,9632.00,0.00,0.00
53751.24,9632.00,0.00,0.00
53751.24,9632.00,0.00,0.00
53751.24,9632.00,0.00,0.00
53751.24,9632.00,0.00,0.00
53751.24,9632.00,0.00,0.00
53751.24,9632.00,0.00,0.00
53751.24,9632.00,0.00,0.00
53751.24,9632.00,0.00,0.00
53751.24,9632.00,0.00,0.00
53751.24,9632.00,0.00,0.00
53751.24,9632.00,0.00,0.00
53751.24,9632.00,0.00,0.00
53751.24,9632.00,0.00,0.00
53751.24,9632.00,0.00,0.00
53751.24,9632.00,0.00,0.00
53751.24,9632.00,0.00,0.00
53751.24,9632.00,0.00,0.00
53751.24,9632.00,0.00,0.00
53751.24,9632.00,0.00,0.00
53751.24,9632.00,0.00,0.00
53751.24,9632.00,0.00,0.00
53751.24,9632.00,0.00,0.00
53751.24,9632.00,0.00,0.00
53751.24,9632.00,0.00,0.00
53751.24,9632.00,0.00,0.00
53751.24,9632.00,0.00,0.00
53751.24,9632.00,0.00,0.00
53751.24,9632.00,0.00,0.00
53751.24,9632.00,0.00,0.00
53751.24,9632.00,0.00,0.00
53751.24,9632.00,0.00,0.00
53751.24,9632.00,0.00,0.00
53751.24,9632.00,0.00,0.00
53751.24,9632.00,0.00,0.00
53751.24,9632.00,0.00,0.00
53751.24,9632.00,0.00,0.00
53751.24,9632.00,0.00,0.00
53751.24,9632.00,0.00,0.00
53751.24,9632.00,0.00,0.00
53751.24,9632.00,0.00,0.00
53751.24,9632.00,0.00,0.00
53751.24,9632.00,0.00,0.00
53751.24,9632.00,0.00,0.00
53751.24,9632.00,0.00,0.00
53751.24,9632.00,0.00,0.00
53751.24,9632.00,0.00,0.00
53751.24,9632.00,0.00,0.00
53751.24,9632.00,0.00,0.00
53751.24,9632.00,0.00,0.00
53751.24,9632.00,0.00,0.00
53751.24,9632.00,0.00,0.00
53751.24,9632.00,0.00,0.00
53751.24,9632.00,0.00,0.00
53751.24,9632.00,0.00,0.00
53751.24,9632.00,0.00,0.00
53751.24,9632.00,0.00,0.00
53751.24,9632.00,0.00,0.00
53751.24,9632.00,0.00,0.00
53751.24,9632.00,0.00,0.00
53751.24,9632.00,0.00,0.00
53751.24,9632.00,0.00,0.00
53751.24,9632.00,0.00,0.00
53751.24,9632.00,0.00,0.00
53751.24,9632.00,0.00,0.00
53751.24,9632.00,0.00,0.00
53751.24,9632.00,0.00,0.00
53751.24,9632.00,0.00,0.00
53751.24,9632.00,0.00,0.00
53751.24,9632.00,0.00,0.00
53751.24,9632.00,0.00,0.00
53751.24,9632.00,0.00,0.00
53751.24,9632.00,0.00,0.00
53751.24,9632.00,0.00,0.00
53751.24,9632.00,0.00,0.00
53751.24,9632.00,0.00,0.00
53751.24,9632.00,0.00,0.00
53751.24,9632.00,0.00,0.00
53751.24,9632.00,0.00,0.00
53751.24,9632.00,0.00,0.00
53751.24,9632.00,0.00,0.00
53751.24,9632.00,0.00,0.00
53751.24,9632.00,0.00,0.00
53751.24,9632.00,0.00,0.00
53751.24,9632.00,0.00,0.00
53751.24,9632.00,0.00,0.00
53751.24,9632.00,0.00,0.00
53751.24,9632.00,0.00,0.00
53751.24,9632.00,0.00,0.00
53751.24,9632.00,0.00,0.00
53751.24,9632.00,0.00,0.00
53751.24,9632.00,0.00,0.00
53751.24,9632.00,0.00,0.00
53751.24,9632.00,0.00,0.00
53751.24,9632.00,0.00,0.00
53751.24,9632.00,0.00,0.00
53751.24,9632.00,0.00,0.00
53751.24,9632.00,0.00,0.00
53751.24,9632.00,0.00,0.00
53751.24,9632.00,0.00,0.00
53751.24,9632.00,0.00,0.00
53751.24,9632.00,0.00,0.00
53751.24,9632.00,0.00,0.00
53751.24,9632.00,0.00,0.00
53751.24,9632.00,0.00,0.00
53751.24,9632.00,0.00,0.00
53751.24,9632.00,0.00,0.00
53751.24,9632.00,0.00,0.00
53751.24,9632.00,0.00,0.00
53751.24,9632.00,0.00,0.00
53751.24,9632.00,0.00,0.00
53751.24,9632.00,0.00,0.00
53751.24,9632.00,0.00,0.00
53751.24,9632.00,0.00,0.00
53751.24,9632.00,0.00,0.00
53751.24,9632.00,0.00,0.00
53751.24,9632.00,0.00,0.00
53751.24,9632.00,0.00,0.00
53751.24,9632.00,0.00,0.00
53751.24,9632.00,0.00,0.00
53751.24,9632.00,0.00,0.00
53751.24,9632.00,0.00,0.00
53751.24,9632.00,0.00,0.00
53751.24,9632.00,0.00,0.00
53751.24,9632.00,0.00,0.00
53751.24,9632.00,0.00,0.00
53751.24,9632.00,0.00,0.00
53751.24,9632.00,0.00,0.00
53751.24,9632.00,0.00,0.00
53751.24,9632.00,0.00,0.00
53751.24,9632.00,0.00,0.00
53751.24,9632.00,0.00,0.00
53751.24,9632.00,0.00,0.00
53751.24,9632.00,0.00,0.00
53751.24,9632.00,0.00,0.00
53751.24,9632.00,0.00,0.00
53751.24,9632.00,0.00,0.00
53751.24,9632.00,0.00,0.00
53751.24,9632.00,0.00,0.00
53751.24,9632.00,0.00,0.00
53751.24,9632.00,0.00,0.00
53751.24,9632.00,0.00,0.00
53751.24,9632.00,0.00,0.00
53751.24,9632.00,0.00,0.00
53751.24,9632.00,0.00,0.00
53751.24,9632.00,0.00,0.00
53751.24,9632.00,0.00,0.00
53751.24,9632.00,0.00,0.00
53751.24,9632.00,0.00,0.00
53751.24,9632.00,0.00,0.00
53751.24,9632.00,0.00,0.00
53751.24,9632.00,0.00,0.00
53751.24,9632.00,0.00,0.00
53751.24,9632.00,0.00,0.00
53751.24,9632.00,0.00,0.00
53751.24,9632.00,0.00,0.00
53751.24,9632.00,0.00,0.00
53751.24,9632.00,0.00,0.00
53751.24,9632.00,0.00,0.00
53751.24,9632.00,0.00,0.00
53751.24,9632.00,0.00,0.00
53751.24,9632.00,0.00,0.00
53751.24,9632.00,0.00,0.00
53751.24,9632.00,0.00,0.00
53751.24,9632.00,0.00,0.00
53751.24,9632.00,0.00,0.00
53751.24,9632.00,0.00,0.00
53751.24,9632.00,0.00,0.00
53751.24,9632.00,0.00,0.00
53751.24,9632.00,0.00,0.00
53751.24,9632.00,0.00,0.00
53751.24,9632.00,0.00,0.00
53751.24,9632.00,0.00,0.00
53751.24,9632.00,0.00,0.00
53751.24,9632.00,0.00,0.00
53751.24,9632.00,0.00,0.00
53751.24,9632.00,0.00,0.00
53751.24,9632.00,0.00,0.00
53751.24,9632.00,0.00,0.00
53751.24,9632.00,0.00,0.00
53751.24,9632.00,0.00,0.00
53751.24,9632.00,0.00,0.00
53751.24,9632.00,0.00,0.00
53751.24,9632.00,0.00,0.00
53751.24,9632.00,0.00,0.00
53751.24,9632.00,0.00,0.00
53751.32,9632.00,0.08,0.00
53751.48,9632.00,0.16,0.00
53751.71,9632.00,0.24,0.00
53752.04,9632.00,0.32,0.00
53752.43,9632.00,0.40,0.00
53752.91,9632.00,0.48,0.00
53753.47,9632.00,0.56,0.00
53754.11,9632.00,0.64,0.00
53754.83,9632.00,0.72,0.00
53755.63,9632.00,0.80,0.00
53756.51,9632.00,0.88,0.00
53757.47,9632.00,0.96,0.00
53758.51,9632.00,1.04,0.00
53759.63,9632.00,1.12,0.00
53760.83,9632.00,1.20,0.00
53762.11,9632.00,1.28,0.00
53763.47,9632.00,1.36,0.00
53764.91,9632.00,1.44,0.00
53766.43,9632.00,1.52,0.00
53768.04,9632.00,1.60,0.00
53769.71,9632.00,1.68,0.00
53771.48,9632.00,1.76,0.00
53773.32,9632.00,1.84,0.00
53775.24,9632.00,1.92,0.00
53777.24,9632.00,2.00,0.00
53779.32,9632.00,2.08,0.00
53781.48,9632.00,2.16,0.00
53783.71,9632.00,2.24,0.00
53786.04,9632.00,2.32,0.00
53788.43,9632.00,2.40,0.00
53790.91,9632.00,2.48,0.00
53793.47,9632.00,2.56,0.00
53796.11,9632.00,2.64,0.00
53798.83,9632.00,2.72,0.00
53801.63,9632.00,2.80,0.00
53804.51,9632.00,2.88,0.00
53807.47,9632.00,2.96,0.00
53810.51,9632.00,3.04,0.00
53813.35,9632.00,2.84,0.00
53816.27,9632.00,2.92,0.00
53819.27,9632.00,3.00,0.00
53822.35,9632.00,3.08,0.00
53825.23,9632.00,2.88,0.00
53828.19,9632.00,2.96,0.00
53831.23,9632.00,3.04,0.00
53834.07,9632.00,2.84,0.00
53836.99,9632.00,2.92,0.00
53839.99,9632.00,3.00,0.00
53843.07,9632.00,3.08,0.00
53845.95,9632.00,2.88,0.00
53848.91,9632.00,2.96,0.00
53851.95,9632.00,3.04,0.00
53854.79,9632.00,2.84,0.00
53857.71,9632.00,2.92,0.00
53860.71,9632.00,3.00,0.00
53863.79,9632.00,3.08,0.00
53866.67,9632.00,2.88,0.00
53869.63,9632.00,2.96,0.00
53872.67,9632.00,3.04,0.00
53875.51,9632.00,2.84,0.00
53878.43,9632.00,2.92,0.00
53881.43,9632.00,3.00,0.00
53884.51,9632.00,3.08,0.00
53887.39,9632.00,2.88,0.00
53890.35,9632.00,2.96,0.00
53893.39,9632.00,3.04,0.00
53896.23,9632.00,2.84,0.00
53899.15,9632.00,2.92,0.00
53902.15,9632.00,3.00,0.00
53905.23,9632.00,3.08,0.00
53908.11,9632.00,2.88,0.00
53911.07,9632.00,2.96,0.00
53914.11,9632.00,3.04,0.00
53916.95,9632.00,2.84,0.00
53919.87,9632.00,2.92,0.00
53922.87,9632.00,3.00,0.00
53925.95,9632.00,3.08,0.00
53928.82,9632.00,2.88,0.00
53931.79,9633.79,2.96,0.00
53934.82,9636.82,3.04,0.00
53937.66,9639.66,2.84,0.00
53940.59,9642.59,2.92,0.00
53943.59,9645.59,3.00,0.00
53946.66,9648.00,3.08,2.41
53949.64,9648.00,2.98,0.00
53952.70,9648.00,3.06,0.00
53955.56,9648.00,2.86,0.00
53958.50,9648.00,2.94,0.00
53961.52,9648.00,3.02,0.00
53964.34,9650.34,2.82,0.00
53967.24,9653.24,2.90,0.00
53970.22,9656.22,2.98,0.00
53973.28,9659.28,3.06,0.00
53976.14,9662.14,2.86,0.00
53979.08,9664.00,2.94,1.86
53982.10,9664.00,3.02,0.00
53984.92,9664.00,2.82,0.00
53987.82,9664.00,2.90,0.00
53990.80,9664.00,2.98,0.00
53993.86,9664.00,3.06,0.00
53996.72,9666.72,2.86,0.00
53999.66,9669.66,2.94,0.00
54002.68,9672.68,3.02,0.00
54005.50,9675.50,2.82,0.00
54008.40,9678.40,2.90,0.00
54011.38,9678.80,2.98,0.40
54014.44,9679.60,3.06,0.80
54017.40,9680.00,2.96,0.40
54020.44,9680.00,3.04,0.00
54023.28,9680.00,2.84,0.00
54026.20,9688.00,2.92,0.00
54029.20,9688.00,3.00,0.00
54032.28,9688.00,3.08,0.00
54035.16,9688.00,2.88,0.00
54038.12,9688.00,2.96,0.00
54041.16,9688.00,3.04,0.00
54044.00,9696.00,2.84,0.00
54046.92,9696.00,2.92,0.00
54049.92,9696.00,3.00,0.00
54053.00,9696.00,3.08,0.00
54055.88,9696.00,2.88,0.00
54058.84,9696.00,2.96,0.00
54061.88,9696.00,3.04,0.00
54064.71,9696.00,2.84,0.00
54067.64,9696.00,2.92,0.00
54070.64,9696.00,3.00,0.00
54073.44,9696.00,2.80,0.00
54076.04,9696.00,2.60,0.00
54078.44,9696.00,2.40,0.00
54080.64,9696.00,2.20,0.00
54082.64,9696.00,2.00,0.00
54084.44,9696.00,1.80,0.00
54086.04,9696.00,1.60,0.00
54087.44,9696.00,1.40,0.00
54088.64,9696.00,1.20,0.00
54089.64,9696.00,1.00,0.00
54090.44,9696.00,0.80,0.00
54091.04,9696.00,0.60,0.00
54091.44,9696.00,0.40,0.00
54091.64,9696.00,0.20,0.00
54091.64,9696.00,0.00,0.00
54091.64,9696.00,0.00,0.00
54091.64,9696.00,0.00,0.00
54091.64,9696.00,0.00,0.00
54091.64,9696.00,0.00,0.00
54091.64,9696.00,0.00,0.00
54091.64,9696.00,0.00,0.00
54091.64,9696.00,0.00,0.00
54091.64,9696.00,0.00,0.00
54091.64,9696.00,0.00,0.00
54091.64,9696.00,0.00,0.00
54091.64,9696.00,0.00,0.00
54091.71,9696.00,0.08,0.00
54091.88,9696.00,0.16,0.00
54092.11,9696.00,0.24,0.00
54092.43,9696.00,0.32,0.00
54092.83,9696.00,0.40,0.00
54093.31,9696.00,0.48,0.00
54093.87,9696.00,0.56,0.00
54094.51,9696.00,0.64,0.00
54095.23,9696.00,0.72,0.00
54096.03,9696.00,0.80,0.00
54096.91,9696.00,0.88,0.00
54097.87,9696.00,0.96,0.00
54098.91,9696.00,1.04,0.00
54100.03,9696.00,1.12,0.00
54101.23,9696.00,1.20,0.00
54102.51,9696.00,1.28,0.00
54103.87,9696.00,1.36,0.00
54105.03,9696.00,1.16,0.00
54105.99,9696.00,0.96,0.00
54106.75,9696.75,0.76,0.00
54107.31,9697.31,0.56,0.00
54107.67,9697.67,0.36,0.00
54107.83,9697.83,0.16,0.00
54107.83,9697.83,0.00,0.00
54107.83,9697.83,0.00,0.00
54107.83,9697.83,0.00,0.00
54107.83,9697.83,0.00,0.00
54107.83,9697.83,0.00,0.00
54107.91,9697.91,0.08,0.00
54108.07,9698.07,0.16,0.00
54108.31,9698.31,0.24,0.00
54108.63,9698.63,0.32,0.00
54109.03,9699.03,0.40,0.00
54109.51,9699.51,0.48,0.00
54110.07,9700.07,0.56,0.00
54110.71,9700.71,0.64,0.00
54111.43,9701.43,0.72,0.00
54112.23,9702.23,0.80,0.00
54113.11,9703.11,0.88,0.00
54114.07,9704.07,0.96,0.00
54115.11,9705.11,1.04,0.00
54116.23,9706.23,1.12,0.00
54117.43,9707.43,1.20,0.00
54118.71,9708.71,1.28,0.00
54120.07,9709.11,1.36,0.40
54121.51,9709.91,1.44,0.80
54123.03,9711.11,1.52,1.20
54124.63,9712.00,1.60,0.89
54126.31,9712.00,1.68,0.00
54128.07,9712.00,1.76,0.00
54129.91,9712.00,1.84,0.00
54131.83,9712.00,1.92,0.00
54133.83,9712.00,2.00,0.00
54135.91,9712.00,2.08,0.00
54138.07,9728.00,2.16,0.00
54140.31,9728.00,2.24,0.00
54142.63,9728.00,2.32,0.00
54145.03,9728.00,2.40,0.00
54147.51,9728.00,2.48,0.00
54150.07,9728.00,2.56,0.00
54152.71,9728.00,2.64,0.00
54155.43,9736.00,2.72,0.00
54158.23,9736.00,2.80,0.00
54161.11,9736.00,2.88,0.00
54164.07,9736.00,2.96,0.00
54167.11,9736.00,3.04,0.00
54169.95,9736.00,2.84,0.00
54172.87,9744.00,2.92,0.00
54175.87,9744.00,3.00,0.00
54178.95,9744.00,3.08,0.00
54181.82,9744.00,2.88,0.00
54184.79,9744.00,2.96,0.00
54187.82,9760.00,3.04,0.00
54190.66,9760.00,2.84,0.00
54193.59,9760.00,2.92,0.00
54196.59,9760.00,3.00,0.00
54199.66,9760.00,3.08,0.00
54202.54,9760.40,2.88,0.40
54205.50,9761.20,2.96,0.80
54208.54,9762.40,3.04,1.20
54211.48,9764.00,2.94,1.60
54214.50,9766.00,3.02,2.00
54217.43,9768.40,2.92,2.40
54220.43,9771.20,3.00,2.80
54223.50,9774.40,3.08,3.20
54226.48,9778.00,2.98,3.60
54229.54,9782.00,3.06,4.00
54232.50,9786.40,2.96,4.40
54235.54,9781.79,3.04,-4.61
54238.48,9777.18,2.94,-4.61
54241.50,9772.57,3.02,-4.61
54244.43,9767.96,2.92,-4.61
54247.43,9763.35,3.00,-4.61
54250.50,9758.74,3.08,-4.61
54253.48,9754.13,2.98,-4.61
54256.54,9749.52,3.06,-4.61
54259.50,9744.91,2.96,-4.61
54262.54,9740.30,3.04,-4.61
54265.48,9735.69,2.94,-4.61
54268.50,9731.48,3.02,-4.21
54271.43,9727.67,2.92,-3.81
54274.43,9724.26,3.00,-3.41
54277.50,9722.01,3.08,-2.25
54280.48,9722.01,2.98,0.00
54283.54,9722.41,3.06,0.40
54286.50,9723.21,2.96,0.80
54289.54,9724.41,3.04,1.20
54292.48,9726.01,2.94,1.60
54295.50,9728.01,3.02,2.00
54298.43,9730.41,2.92,2.40
54301.43,9733.21,3.00,2.80
54304.50,9736.41,3.08,3.20
54307.48,9740.01,2.98,3.60
54310.54,9744.01,3.06,4.00
54313.50,9748.41,2.96,4.40
54316.54,9753.21,3.04,4.80
54319.48,9758.41,2.94,5.20
54322.50,9764.01,3.02,5.60
54325.43,9770.01,2.92,6.00
54328.43,9776.41,3.00,6.40
54331.50,9783.21,3.08,6.80
54334.48,9790.41,2.98,7.20
54337.36,9798.01,2.88,7.60
54340.14,9806.01,2.78,8.00
54342.82,9792.00,2.68,0.00
54345.30,9792.00,2.48,0.00
54347.50,9792.00,2.20,0.00
54349.43,9792.00,1.92,0.00
54351.07,9792.00,1.64,0.00
54352.43,9792.00,1.36,0.00
54353.50,9792.00,1.08,0.00
54354.30,9792.00,0.80,0.00
54354.82,9792.00,0.52,0.00
54355.06,9792.00,0.24,0.00
54355.02,9792.00,-0.04,0.00
54354.90,9792.00,-0.12,0.00
54354.70,9792.00,-0.20,0.00
54354.42,9792.00,-0.28,0.00
54354.06,9792.00,-0.36,0.00
54353.62,9792.00,-0.44,0.00
54353.10,9792.00,-0.52,0.00
54352.50,9792.00,-0.60,0.00
54351.82,9792.00,-0.68,0.00
54351.06,9792.00,-0.76,0.00
54350.22,9792.00,-0.84,0.00
54349.30,9792.00,-0.92,0.00
54348.30,9792.00,-1.00,0.00
54347.22,9792.00,-1.08,0.00
54346.06,9792.00,-1.16,0.00
54344.82,9792.00,-1.24,0.00
54343.50,9792.00,-1.32,0.00
54342.10,9792.00,-1.40,0.00
54340.62,9793.88,-1.48,1.88
54339.06,9796.16,-1.56,2.28
54337.42,9798.84,-1.64,2.68
54335.70,9801.92,-1.72,3.08
54333.90,9805.40,-1.80,3.48
54332.02,9808.00,-1.88,2.60
54330.06,9808.00,-1.96,0.00
54328.02,9808.00,-2.04,0.00
54325.90,9808.10,-2.12,0.00
54323.70,9810.30,-2.20,0.00
54321.42,9812.58,-2.28,0.00
54319.06,9814.94,-2.36,0.00
54316.62,9817.38,-2.44,0.00
54314.10,9819.90,-2.52,0.00
54311.50,9822.50,-2.60,0.00
54308.82,9825.18,-2.68,0.00
54306.06,9827.94,-2.76,0.00
54303.22,9830.78,-2.84,0.00
54300.30,9833.70,-2.92,0.00
54297.30,9836.70,-3.00,0.00
54294.50,9839.50,-2.80,0.00
54291.62,9842.38,-2.88,0.00
54288.66,9845.34,-2.96,0.00
54285.62,9848.38,-3.04,0.00
54282.78,9851.22,-2.84,0.00
54279.86,9854.15,-2.92,0.00
54276.86,9854.55,-3.00,0.40
54273.96,9855.35,-2.90,0.80
54271.16,9856.55,-2.80,1.20
54268.64,9858.15,-2.52,1.60
54266.40,9860.15,-2.24,2.00
54264.44,9862.55,-1.96,2.40
54262.76,9865.35,-1.68,2.80
54261.36,9868.55,-1.40,3.20
54260.24,9872.15,-1.12,3.60
54259.40,9876.15,-0.84,4.00
54258.84,9880.55,-0.56,4.40
54258.56,9885.35,-0.28,4.80
54258.56,9890.55,-0.00,5.20
54258.64,9896.15,0.08,5.60
54258.80,9902.15,0.16,6.00
54259.04,9908.55,0.24,6.40
54259.36,9915.35,0.32,6.80
54259.75,9922.55,0.40,7.20
54260.23,9930.15,0.48,7.60
54260.61,9938.15,0.38,8.00
54260.89,9946.55,0.28,8.40
54260.89,9955.35,-0.00,8.80
54260.82,9964.55,-0.08,9.20
54260.66,9974.15,-0.16,9.60
54260.42,9984.15,-0.24,10.00
54260.10,9994.15,-0.32,10.01
54259.70,10004.16,-0.40,10.01
54259.22,10014.17,-0.48,10.01
54258.66,10024.18,-0.56,10.01
54258.02,10034.19,-0.64,10.01
54257.30,10044.20,-0.72,10.01
54256.50,10053.50,-0.80,0.00
54255.62,10054.38,-0.88,0.00
54254.66,10055.34,-0.96,0.00
54253.62,10056.38,-1.04,0.00
54252.50,10057.50,-1.12,0.00
54251.30,10058.70,-1.20,0.00
54250.02,10059.98,-1.28,0.00
54248.66,10061.34,-1.36,0.00
54247.50,10061.74,-1.16,0.40
54246.44,10062.54,-1.06,0.80
54245.48,10063.74,-0.96,1.20
54244.62,10064.00,-0.86,0.26
54243.86,10064.00,-0.76,0.00
54243.30,10064.00,-0.56,0.00
54242.94,10064.00,-0.36,0.00
54242.78,10064.00,-0.16,0.00
54242.78,10064.00,0.00,0.00
54242.86,10064.00,0.08,0.00
54243.02,10064.00,0.16,0.00
54243.26,10064.00,0.24,0.00
54243.58,10064.00,0.32,0.00
54243.98,10064.00,0.40,0.00
54244.46,10064.00,0.48,0.00
54245.02,10064.00,0.56,0.00
54245.66,10064.00,0.64,0.00
54246.38,10063.62,0.72,0.00
54247.18,10059.01,0.80,-4.61
54248.05,10054.40,0.88,-4.61
54249.02,10049.79,0.96,-4.61
54250.05,10045.18,1.04,-4.61
54251.18,10040.57,1.12,-4.61
54252.38,10035.96,1.20,-4.61
54253.66,10031.35,1.28,-4.61
54255.02,10026.74,1.36,-4.61
54256.46,10022.13,1.44,-4.61
54257.98,10017.52,1.52,-4.61
54259.40,10012.91,1.42,-4.61
54260.72,10008.30,1.32,-4.61
54261.94,10004.09,1.22,-4.21
54263.06,10000.28,1.12,-3.81
54264.08,9996.87,1.02,-3.41
54264.82,9993.86,0.74,-3.01
54265.28,9991.25,0.46,-2.61
54265.46,9989.04,0.18,-2.21
54265.56,9987.23,0.10,-1.81
54265.58,9985.82,0.02,-1.41
54265.52,9984.81,-0.06,-1.01
54265.38,9984.20,-0.14,-0.61
54265.16,9983.99,-0.22,-0.21
54264.86,9984.18,-0.30,0.19
54264.48,9984.77,-0.38,0.59
54264.02,9985.76,-0.46,0.99
54263.48,9987.15,-0.54,1.39
54262.86,9988.94,-0.62,1.79
54262.16,9991.13,-0.70,2.19
54261.38,9993.72,-0.78,2.59
54260.52,9996.71,-0.86,2.99
54259.58,10000.10,-0.94,3.39
54258.56,10003.89,-1.02,3.79
54257.46,10008.08,-1.10,4.19
54256.28,10012.67,-1.18,4.59
54255.02,10017.66,-1.26,4.99
54253.68,10023.05,-1.34,5.39
54252.25,10028.84,-1.42,5.79
54250.75,10035.03,-1.50,6.19
54249.18,10041.62,-1.58,6.59
54247.52,10048.61,-1.66,6.99
54245.78,10056.00,-1.74,7.39
54243.96,10063.79,-1.82,7.79
54242.06,10064.00,-1.90,0.21
54240.08,10064.00,-1.98,0.00
54238.02,10064.00,-2.06,0.00
54235.88,10064.00,-2.14,0.00
54233.66,10064.00,-2.22,0.00
54231.36,10064.00,-2.30,0.00
54228.98,10080.40,-2.38,0.40
54226.52,10081.20,-2.46,0.80
54223.98,10082.40,-2.54,1.20
54221.36,10084.00,-2.62,1.60
54218.66,10086.00,-2.70,2.00
54215.88,10088.40,-2.78,2.40
54213.02,10091.20,-2.86,2.80
54210.08,10094.40,-2.94,3.20
54207.06,10098.00,-3.02,3.60
54204.14,10102.00,-2.92,4.00
54201.14,10106.40,-3.00,4.40
54198.06,10111.20,-3.08,4.80
54195.08,10116.40,-2.98,5.20
54192.02,10122.00,-3.06,5.60
54189.06,10128.00,-2.96,6.00
54186.02,10134.40,-3.04,6.40
54183.08,10141.20,-2.94,6.80
54180.06,10148.40,-3.02,7.20
54177.14,10156.00,-2.92,7.60
54174.14,10164.00,-3.00,8.00
54171.06,10172.40,-3.08,8.40
54168.08,10181.20,-2.98,8.80
54165.02,10190.40,-3.06,9.20
54162.06,10200.00,-2.96,9.60
54159.02,10208.00,-3.04,8.00
54157.55,10208.00,-2.94,0.00
54156.04,10208.00,-3.02,0.00
54154.63,10208.00,-2.82,0.00
54153.18,10208.00,-2.90,0.00
54151.69,10208.00,-2.98,0.00
54150.16,10224.00,-3.06,0.00
54148.73,10224.00,-2.86,0.00
54147.26,10224.00,-2.94,0.00
54145.75,10224.00,-3.02,0.00
54144.34,10224.00,-2.82,0.00
54142.89,10224.00,-2.90,0.00
54141.40,10224.00,-2.98,0.00
54139.87,10224.00,-3.06,0.00
54138.44,10216.00,-2.86,0.00
54136.97,10216.00,-2.94,0.00
54135.46,10216.00,-3.02,0.00
54134.05,10216.00,-2.82,0.00
54132.60,10216.00,-2.90,0.00
54131.11,10216.00,-2.98,0.00
54129.58,10216.00,-3.06,0.00
54128.15,10216.00,-2.86,0.00
54126.68,10216.00,-2.94,0.00
54125.17,10216.00,-3.02,0.00
54123.76,10216.00,-2.82,0.00
54122.31,10208.00,-2.90,0.00
54120.82,10208.00,-2.98,0.00
54119.29,10208.00,-3.06,0.00
54117.86,10208.00,-2.86,0.00
54116.39,10208.00,-2.94,0.00
54114.88,10208.00,-3.02,0.00
54113.47,10208.00,-2.82,0.00
54112.02,10208.00,-2.90,0.00
54110.54,10208.00,-2.98,0.00
54109.00,10208.00,-3.06,0.00
54107.57,10208.00,-2.86,0.00
54106.11,10192.00,-2.94,0.00
54103.09,10192.00,-3.02,0.00
54100.27,10192.00,-2.82,0.00
54097.37,10192.00,-2.90,0.00
54094.39,10192.00,-2.98,0.00
54091.33,10192.00,-3.06,0.00
54088.47,10192.00,-2.86,0.00
54085.53,10192.00,-2.94,0.00
54082.51,10192.00,-3.02,0.00
54079.69,10192.00,-2.82,0.00
54076.79,10192.00,-2.90,0.00
54073.81,10192.00,-2.98,0.00
54070.75,10192.00,-3.06,0.00
54067.89,10192.00,-2.86,0.00
54064.95,10192.00,-2.94,0.00
54061.93,10192.00,-3.02,0.00
54059.11,10192.00,-2.82,0.00
54056.21,10192.00,-2.90,0.00
54053.23,10192.77,-2.98,0.00
54050.17,10195.83,-3.06,0.00
54047.31,10198.69,-2.86,0.00
54044.37,10201.63,-2.94,0.00
54041.35,10204.65,-3.02,0.00
54038.53,10205.05,-2.82,0.40
54035.63,10205.85,-2.90,0.80
54032.65,10207.05,-2.98,1.20
54029.59,10208.00,-3.06,0.95
54026.63,10208.00,-2.96,0.00
54023.59,10208.00,-3.04,0.00
54020.75,10216.00,-2.84,0.00
54017.83,10216.00,-2.92,0.00
54014.83,10216.00,-3.00,0.00
54011.75,10216.00,-3.08,0.00
54008.88,10216.00,-2.88,0.00
54005.91,10224.00,-2.96,0.00
54002.88,10224.00,-3.04,0.00
54000.04,10224.00,-2.84,0.00
53997.11,10224.00,-2.92,0.00
53994.11,10224.00,-3.00,0.00
53991.04,10224.00,-3.08,0.00
53988.16,10225.84,-2.88,0.00
53985.20,10228.80,-2.96,0.00
53982.16,10231.84,-3.04,0.00
53979.32,10234.68,-2.84,0.00
53976.39,10237.61,-2.92,0.00
53973.39,10240.61,-3.00,0.00
53970.32,10243.68,-3.08,0.00
53967.44,10246.56,-2.88,0.00
53964.48,10249.52,-2.96,0.00
53961.44,10252.56,-3.04,0.00
53958.60,10255.40,-2.84,0.00
53955.68,10256.00,-2.92,0.60
53952.68,10256.00,-3.00,0.00
53949.88,10256.00,-2.80,0.00
53947.27,10256.00,-2.60,0.00
53944.95,10256.00,-2.32,0.00
53942.91,10256.00,-2.04,0.00
53941.15,10256.85,-1.76,0.00
53939.67,10258.33,-1.48,0.00
53938.47,10259.53,-1.20,0.00
53937.55,10260.45,-0.92,0.00
53936.91,10261.09,-0.64,0.00
53936.55,10261.45,-0.36,0.00
53936.47,10261.53,-0.08,0.00
53936.47,10261.53,0.00,0.00
53936.55,10261.45,0.08,0.00
53936.71,10261.29,0.16,0.00
53936.95,10261.05,0.24,0.00
53937.27,10260.73,0.32,0.00
53937.67,10260.33,0.40,0.00
53938.15,10259.85,0.48,0.00
53938.71,10259.29,0.56,0.00
53939.35,10258.65,0.64,0.00
53940.07,10257.93,0.72,0.00
53940.87,10257.13,0.80,0.00
53941.75,10256.25,0.88,0.00
53942.71,10256.00,0.96,0.00
53943.75,10256.00,1.04,0.00
53944.87,10256.00,1.12,0.00
53946.07,10256.00,1.20,0.00
53947.35,10256.00,1.28,0.00
53948.71,10256.00,1.36,0.00
53950.15,10256.00,1.44,0.00
53951.67,10256.00,1.52,0.00
53953.27,10256.00,1.60,0.00
53954.95,10256.00,1.68,0.00
53956.71,10256.00,1.76,0.00
53958.55,10255.45,1.84,0.00
53960.47,10253.53,1.92,0.00
53962.47,10251.53,2.00,0.00
53964.55,10249.45,2.08,0.00
53966.71,10247.29,2.16,0.00
53968.95,10245.05,2.24,0.00
53971.27,10242.73,2.32,0.00
53973.67,10240.33,2.40,0.00
53976.15,10237.85,2.48,0.00
53978.71,10235.29,2.56,0.00
53981.35,10232.65,2.64,0.00
53984.07,10229.93,2.72,0.00
53986.87,10227.13,2.80,0.00
53989.75,10224.25,2.88,0.00
53992.71,10224.00,2.96,0.00
53995.75,10224.00,3.04,0.00
53998.59,10224.00,2.84,0.00
54001.51,10224.00,2.92,0.00
54004.51,10224.00,3.00,0.00
54007.31,10216.00,2.80,0.00
54010.19,10216.00,2.88,0.00
54013.15,10216.00,2.96,0.00
54016.19,10216.00,3.04,0.00
54019.03,10216.00,2.84,0.00
54021.95,10216.00,2.92,0.00
54024.95,10208.00,3.00,0.00
54027.75,10208.00,2.80,0.00
54030.63,10208.00,2.88,0.00
54033.59,10208.00,2.96,0.00
54036.63,10208.00,3.04,0.00
54039.47,10206.53,2.84,0.00
54042.39,10203.61,2.92,0.00
54045.39,10200.61,3.00,0.00
54048.19,10197.81,2.80,0.00
54051.07,10194.93,2.88,0.00
54054.03,10192.00,2.96,0.00
54057.07,10192.00,3.04,0.00
54059.91,10192.00,2.84,0.00
54062.83,10192.00,2.92,0.00
54065.83,10192.00,3.00,0.00
54068.63,10192.00,2.80,0.00
54071.51,10192.00,2.88,0.00
54074.19,10192.00,2.68,0.00
54076.67,10192.00,2.48,0.00
54078.95,10192.00,2.28,0.00
54081.03,10192.00,2.08,0.00
54082.91,10192.00,1.88,0.00
54084.59,10192.00,1.68,0.00
54086.07,10192.00,1.48,0.00
54087.35,10192.00,1.28,0.00
54088.43,10192.00,1.08,0.00
54089.31,10192.00,0.88,0.00
54089.99,10192.00,0.68,0.00
54090.47,10192.00,0.48,0.00
54090.75,10192.00,0.28,0.00
54090.83,10192.00,0.08,0.00
54090.83,10192.00,0.00,0.00
54090.83,10192.00,0.00,0.00
54090.83,10192.00,0.00,0.00
54090.83,10192.00,0.00,0.00
54090.83,10192.00,0.00,0.00
54090.83,10192.00,0.00,0.00
54090.83,10192.00,0.00,0.00
54090.83,10192.00,0.00,0.00
54090.83,10192.00,0.00,0.00
54090.83,10192.00,0.00,0.00
54090.83,10192.00,0.00,0.00
54090.83,10192.00,0.00,0.00
54090.83,10192.00,0.00,0.00
54090.83,10192.00,0.00,0.00
54090.83,10192.00,0.00,0.00
54090.83,10192.00,0.00,0.00
54090.83,10192.00,0.00,0.00
54090.83,10192.00,0.00,0.00
54090.83,10192.00,0.00,0.00
54090.83,10192.00,0.00,0.00
54090.83,10192.00,0.00,0.00
54090.83,10192.00,0.00,0.00
54090.83,10192.00,0.00,0.00
54090.83,10192.00,0.00,0.00
54090.83,10192.00,0.00,0.00
54090.83,10192.00,0.00,0.00
54090.83,10192.00,0.00,0.00
54090.83,10192.00,0.00,0.00
54090.83,10192.00,0.00,0.00
54090.83,10192.00,0.00,0.00
54090.83,10192.00,0.00,0.00
54090.83,10192.00,0.00,0.00
54090.83,10192.00,0.00,0.00
54090.83,10192.00,0.00,0.00
54090.83,10192.00,0.00,0.00
54090.83,10192.00,0.00,0.00
54090.83,10192.00,0.00,0.00
54090.83,10192.00,0.00,0.00
54090.83,10192.00,0.00,0.00
54090.83,10192.00,0.00,0.00
54090.83,10192.00,0.00,0.00
54090.83,10192.00,0.00,0.00
54090.83,10192.00,0.00,0.00
54090.83,10192.00,0.00,0.00
54090.83,10192.00,0.00,0.00
54090.83,10192.00,0.00,0.00
54090.83,10192.00,0.00,0.00
54090.83,10192.00,0.00,0.00
54090.83,10192.00,0.00,0.00
54090.91,10192.00,0.08,0.00
54091.07,10192.00,0.16,0.00
54091.30,10192.00,0.24,0.00
54091.62,10192.00,0.32,0.00
54092.02,10192.00,0.40,0.00
54092.50,10192.00,0.48,0.00
54093.06,10192.00,0.56,0.00
54093.70,10192.00,0.64,0.00
54094.42,10192.00,0.72,0.00
54095.22,10192.00,0.80,0.00
54096.10,10192.00,0.88,0.00
54097.06,10192.00,0.96,0.00
54098.10,10192.00,1.04,0.00
54099.22,10192.00,1.12,0.00
54100.42,10192.00,1.20,0.00
54101.70,10192.00,1.28,0.00
54103.06,10192.00,1.36,0.00
54104.50,10192.00,1.44,0.00
54106.02,10208.00,1.52,0.00
54106.82,10208.00,1.60,0.00
54107.66,10208.00,1.68,0.00
54108.54,10208.00,1.76,0.00
54109.46,10208.00,1.84,0.00
54110.43,10208.00,1.92,0.00
54111.43,10208.00,2.00,0.00
54112.46,10208.00,2.08,0.00
54113.54,10208.00,2.16,0.00
54114.66,10208.00,2.24,0.00
54115.82,10208.00,2.32,0.00
54117.02,10208.00,2.40,0.00
54118.26,10208.00,2.48,0.00
54119.54,10205.09,2.56,-5.81
54120.86,10202.19,2.64,-5.81
54122.22,10199.28,2.72,-5.81
54125.02,10193.47,2.80,-5.81
54127.90,10188.86,2.88,-4.61
54130.86,10184.25,2.96,-4.61
54133.90,10179.64,3.04,-4.61
54136.84,10175.03,2.94,-4.61
54139.86,10170.42,3.02,-4.61
54142.79,10165.81,2.92,-4.61
54145.79,10161.60,3.00,-4.21
54148.86,10157.79,3.08,-3.81
54151.84,10154.38,2.98,-3.41
54154.90,10151.37,3.06,-3.01
54157.86,10148.76,2.96,-2.61
54160.90,10146.55,3.04,-2.21
54163.84,10144.74,2.94,-1.81
54166.86,10143.33,3.02,-1.41
54169.79,10142.32,2.92,-1.01
54172.79,10137.71,3.00,-4.61
54175.86,10133.10,3.08,-4.61
54178.84,10128.49,2.98,-4.61
54181.90,10123.88,3.06,-4.61
54184.86,10119.27,2.96,-4.61
54187.90,10114.66,3.04,-4.61
54190.84,10110.05,2.94,-4.61
54193.86,10105.44,3.02,-4.61
54196.79,10100.83,2.92,-4.61
54199.79,10096.22,3.00,-4.61
54202.86,10091.61,3.08,-4.61
54205.84,10087.40,2.98,-4.21
54208.90,10083.59,3.06,-3.81
54211.86,10080.18,2.96,-3.41
54214.90,10077.17,3.04,-3.01
54217.84,10074.56,2.94,-2.61
54220.86,10072.35,3.02,-2.21
54223.79,10070.54,2.92,-1.81
54226.79,10069.13,3.00,-1.41
54229.86,10068.12,3.08,-1.01
54230.00,10067.51,0.14,-0.61
54230.00,10067.30,0.00,-0.21
54230.00,10067.49,0.00,0.19
54230.08,10064.00,0.08,0.00
54230.24,10064.00,0.16,0.00
54230.48,10064.00,0.24,0.00
54230.80,10064.00,0.32,0.00
54231.20,10064.00,0.40,0.00
54231.68,10064.00,0.48,0.00
54232.23,10064.00,0.56,0.00
54232.59,10064.00,0.36,0.00
54232.75,10064.00,0.16,0.00
54232.75,10064.00,0.00,0.00
54232.75,10064.00,0.00,0.00
54232.68,10064.00,-0.08,0.00
54232.52,10064.00,-0.16,0.00
54232.28,10059.39,-0.24,-4.61
54231.96,10054.78,-0.32,-4.61
54231.56,10050.17,-0.40,-4.61
54231.08,10045.56,-0.48,-4.61
54230.52,10040.95,-0.56,-4.61
54229.88,10036.34,-0.64,-4.61
54229.16,10031.73,-0.72,-4.61
54228.36,10027.12,-0.80,-4.61
54227.48,10022.51,-0.88,-4.61
54226.70,10017.90,-0.78,-4.61
54226.20,10013.29,-0.50,-4.61
54225.98,10008.68,-0.22,-4.61
54226.04,10004.47,0.06,-4.21
54226.18,10000.66,0.14,-3.81
54226.40,9997.25,0.22,-3.41
54226.70,9994.24,0.30,-3.01
54227.08,9994.01,0.38,-0.23
54227.54,9994.18,0.46,0.17
54228.08,9994.76,0.54,0.57
54228.70,9995.73,0.62,0.97
54229.40,9997.10,0.70,1.37
54230.18,9998.88,0.78,1.77
54231.04,10001.05,0.86,2.17
54231.98,10003.62,0.94,2.57
54233.00,10006.60,1.02,2.97
54234.10,10009.97,1.10,3.37
54235.28,10013.75,1.18,3.77
54236.54,10017.92,1.26,4.17
54237.88,10022.49,1.34,4.57
54239.30,10027.47,1.42,4.97
54240.80,10032.84,1.50,5.37
54242.38,10038.61,1.58,5.77
54244.04,10044.79,1.66,6.17
54245.78,10051.36,1.74,6.57
54247.60,10058.33,1.82,6.97
54249.50,10060.50,1.90,0.00
54251.20,10058.80,1.70,0.00
54252.70,10057.30,1.50,0.00
54254.00,10056.00,1.30,0.00
54255.10,10054.90,1.10,0.00
54256.00,10054.00,0.90,0.00
54256.70,10053.30,0.70,0.00
54257.20,10052.80,0.50,0.00
54257.50,10052.50,0.30,0.00
54257.60,10052.40,0.10,0.00
54257.60,10052.40,0.00,0.00
54257.60,10052.40,0.00,0.00
54257.60,10052.40,0.00,0.00
54257.60,10052.40,0.00,0.00
54257.60,10052.40,0.00,0.00
54257.60,10052.40,0.00,0.00
54257.60,10052.40,0.00,0.00
54257.60,10052.40,0.00,0.00
54257.60,10052.40,0.00,0.00
54257.60,10052.40,0.00,0.00
54257.60,10052.40,0.00,0.00
54257.60,10052.40,0.00,0.00
54257.60,10052.40,0.00,0.00
54257.60,10052.40,0.00,0.00
54257.60,10047.79,0.00,-4.61
54257.60,10043.18,0.00,-4.61
54257.60,10038.57,0.00,-4.61
54257.60,10033.96,0.00,-4.61
54257.60,10029.35,0.00,-4.61
54257.60,10024.74,0.00,-4.61
54257.60,10020.13,0.00,-4.61
54257.60,10015.52,0.00,-4.61
54257.60,10010.91,0.00,-4.61
54257.60,10006.29,0.00,-4.61
54257.60,10001.68,0.00,-4.61
54257.60,9997.07,0.00,-4.61
54257.60,9992.46,0.00,-4.61
54257.60,9987.85,0.00,-4.61
54257.52,9983.64,-0.08,-4.21
54257.36,9979.83,-0.16,-3.81
54257.12,9976.42,-0.24,-3.41
54256.80,9973.41,-0.32,-3.01
54256.41,9970.80,-0.40,-2.61
54255.93,9968.59,-0.48,-2.21
54255.37,9966.78,-0.56,-1.81
54254.73,9965.37,-0.64,-1.41
54254.01,9960.76,-0.72,-4.61
54253.21,9956.15,-0.80,-4.61
54252.33,9951.54,-0.88,-4.61
54251.37,9946.93,-0.96,-4.61
54250.33,9942.32,-1.04,-4.61
54249.21,9937.71,-1.12,-4.61
54248.01,9933.10,-1.20,-4.61
54246.73,9928.49,-1.28,-4.61
54245.37,9923.88,-1.36,-4.61
54243.93,9919.67,-1.44,-4.21
54242.41,9915.86,-1.52,-3.81
54240.80,9912.45,-1.60,-3.41
54239.12,9909.44,-1.68,-3.01
54237.36,9906.83,-1.76,-2.61
54235.52,9904.62,-1.84,-2.21
54233.60,9902.81,-1.92,-1.81
54231.60,9901.40,-2.00,-1.41
54229.52,9900.39,-2.08,-1.01
54227.36,9899.78,-2.16,-0.61
54225.12,9899.57,-2.24,-0.21
54222.80,9899.76,-2.32,0.19
54220.41,9900.35,-2.40,0.59
54217.93,9901.34,-2.48,0.99
54215.37,9902.73,-2.56,1.39
54212.91,9904.52,-2.46,1.79
54210.55,9906.71,-2.36,2.19
54208.29,9909.30,-2.26,2.59
54206.12,9912.29,-2.16,2.99
54204.07,9915.68,-2.06,3.39
54202.11,9919.47,-1.96,3.79
54202.00,9920.00,-0.11,0.00
54202.00,9920.00,0.00,0.00
54202.08,9920.08,0.08,0.00
54202.24,9920.24,0.16,0.00
54202.48,9920.48,0.24,0.00
54202.80,9920.80,0.32,0.00
54203.20,9921.20,0.40,0.00
54203.68,9921.68,0.48,0.00
54204.23,9922.23,0.56,0.00
54204.88,9922.88,0.64,0.00
54205.59,9923.59,0.72,0.00
54206.39,9924.40,0.80,0.00
54207.27,9925.27,0.88,0.00
54208.23,9926.23,0.96,0.00
54209.27,9927.27,1.04,0.00
54210.39,9928.40,1.12,0.00
54211.59,9929.59,1.20,0.00
54212.88,9924.98,1.28,-4.61
54214.23,9920.37,1.36,-4.61
54215.68,9915.76,1.44,-4.61
54217.20,9911.15,1.52,-4.61
54218.80,9906.54,1.60,-4.61
54220.48,9901.93,1.68,-4.61
54222.24,9897.32,1.76,-4.61
54224.08,9892.71,1.84,-4.61
54226.00,9888.10,1.92,-4.61
54228.00,9883.49,2.00,-4.61
54230.08,9878.88,2.08,-4.61
54232.24,9874.27,2.16,-4.61
54234.48,9869.66,2.24,-4.61
54236.80,9865.05,2.32,-4.61
54239.20,9860.44,2.40,-4.61
54241.68,9855.83,2.48,-4.61
54244.23,9851.62,2.56,-4.21
54246.88,9847.81,2.64,-3.81
54249.59,9844.40,2.72,-3.41
54252.39,9841.39,2.80,-3.01
54255.27,9838.78,2.88,-2.61
54258.23,9836.57,2.96,-2.21
54261.27,9831.96,3.04,-4.61
54264.21,9827.35,2.94,-4.61
54267.23,9822.74,3.02,-4.61
54270.16,9818.13,2.92,-4.61
54273.16,9813.52,3.00,-4.61
54276.23,9808.91,3.08,-4.61
54279.21,9804.30,2.98,-4.61
54282.27,9799.69,3.06,-4.61
54285.23,9795.08,2.96,-4.61
54288.27,9790.47,3.04,-4.61
54291.21,9785.85,2.94,-4.61
54294.23,9781.24,3.02,-4.61
54297.16,9777.03,2.92,-4.21
54300.16,9773.23,3.00,-3.81
54303.23,9769.81,3.08,-3.41
54306.21,9766.81,2.98,-3.01
54309.27,9764.19,3.06,-2.61
54312.23,9761.98,2.96,-2.21
54315.27,9760.18,3.04,-1.81
54318.21,9758.77,2.94,-1.41
54321.05,9757.76,2.84,-1.01
54323.79,9757.15,2.74,-0.61
54326.43,9756.94,2.64,-0.21
54328.97,9757.13,2.54,0.19
54331.41,9757.72,2.44,0.59
54333.75,9758.71,2.34,0.99
54335.99,9760.10,2.24,1.39
54338.13,9761.89,2.14,1.79
54340.17,9764.08,2.04,2.19
54342.11,9766.67,1.94,2.59
54343.95,9769.66,1.84,2.99
54345.69,9773.05,1.74,3.39
54347.33,9776.84,1.64,3.79
54348.87,9781.03,1.54,4.19
54350.31,9785.62,1.44,4.59
54351.65,9790.61,1.34,4.99
54352.89,9792.00,1.24,1.39
54354.03,9792.00,1.14,0.00
54354.97,9792.00,0.94,0.00
54355.71,9792.00,0.74,0.00
54356.25,9792.00,0.54,0.00
54356.59,9792.00,0.34,0.00
54356.73,9792.00,0.14,0.00
54356.73,9792.00,0.00,0.00
54356.73,9792.00,0.00,0.00
54356.73,9792.00,0.00,0.00
54356.73,9792.00,0.00,0.00
54356.73,9792.00,0.00,0.00
54356.73,9792.00,0.00,0.00
54356.73,9792.00,0.00,0.00
54356.73,9792.00,0.00,0.00
54356.73,9792.00,0.00,0.00
54356.73,9792.00,0.00,0.00
54356.73,9792.00,0.00,0.00
54356.73,9792.00,0.00,0.00
54356.73,9792.00,0.00,0.00
54356.73,9792.00,0.00,0.00
54356.73,9792.00,0.00,0.00
54356.73,9792.00,0.00,0.00
54356.73,9792.00,0.00,0.00
54356.73,9792.00,0.00,0.00
54356.73,9792.00,0.00,0.00
54356.73,9792.00,0.00,0.00
54356.73,9792.00,0.00,0.00
54356.73,9792.00,0.00,0.00
54356.73,9792.00,0.00,0.00
54356.73,9792.00,0.00,0.00
54356.73,9792.00,0.00,0.00
54356.73,9792.00,0.00,0.00
54356.73,9792.00,0.00,0.00
54356.73,9792.00,0.00,0.00
54356.73,9792.00,0.00,0.00
54356.73,9792.00,0.00,0.00
54356.73,9792.00,0.00,0.00
54356.73,9792.00,0.00,0.00
54356.73,9792.00,0.00,0.00
54356.73,9792.00,0.00,0.00
54356.73,9792.00,0.00,0.00
54356.73,9792.00,0.00,0.00
54356.73,9792.00,0.00,0.00
54356.73,9792.00,0.00,0.00
54356.73,9792.00,0.00,0.00
54356.73,9792.00,0.00,0.00
54356.73,9792.00,0.00,0.00
54356.73,9792.00,0.00,0.00
54356.73,9792.00,0.00,0.00
54356.65,9792.00,-0.08,0.00
54356.49,9792.00,-0.16,0.00
54356.25,9792.00,-0.24,0.00
54355.93,9792.00,-0.32,0.00
54355.54,9792.00,-0.40,0.00
54355.05,9792.00,-0.48,0.00
54354.50,9792.00,-0.56,0.00
54353.86,9792.00,-0.64,0.00
54353.14,9792.00,-0.72,0.00
54352.34,9792.00,-0.80,0.00
54351.46,9792.00,-0.88,0.00
54350.50,9792.00,-0.96,0.00
54349.46,9792.00,-1.04,0.00
54348.34,9792.00,-1.12,0.00
54347.14,9792.00,-1.20,0.00
54345.86,9792.00,-1.28,0.00
54344.50,9792.00,-1.36,0.00
54343.05,9792.00,-1.44,0.00
54341.54,9808.00,-1.52,0.00
54339.93,9808.00,-1.60,0.00
54338.25,9808.00,-1.68,0.00
54336.49,9808.00,-1.76,0.00
54334.65,9808.00,-1.84,0.00
54332.73,9808.00,-1.92,0.00
54330.73,9808.00,-2.00,0.00
54328.65,9808.00,-2.08,0.00
54326.49,9808.00,-2.16,0.00
54324.25,9809.75,-2.24,0.00
54321.93,9812.07,-2.32,0.00
54319.54,9814.47,-2.40,0.00
54317.05,9816.95,-2.48,0.00
54314.50,9819.50,-2.56,0.00
54311.86,9822.15,-2.64,0.00
54309.14,9824.86,-2.72,0.00
54306.34,9827.66,-2.80,0.00
54303.46,9823.05,-2.88,-4.61
54300.50,9818.44,-2.96,-4.61
54297.46,9813.83,-3.04,-4.61
54294.52,9809.22,-2.94,-4.61
54291.50,9804.61,-3.02,-4.61
54288.57,9800.00,-2.92,-4.61
54285.57,9795.39,-3.00,-4.61
54282.50,9790.78,-3.08,-4.61
54279.52,9786.17,-2.98,-4.61
54276.46,9781.56,-3.06,-4.61
54273.50,9776.95,-2.96,-4.61
54270.46,9772.34,-3.04,-4.61
54267.52,9767.73,-2.94,-4.61
54264.50,9763.12,-3.02,-4.61
54261.57,9758.51,-2.92,-4.61
54258.57,9753.90,-3.00,-4.61
54255.50,9749.69,-3.08,-4.21
54252.52,9745.88,-2.98,-3.81
54249.46,9742.47,-3.06,-3.41
54246.50,9739.46,-2.96,-3.01
54243.46,9736.85,-3.04,-2.61
54240.52,9734.64,-2.94,-2.21
54237.50,9732.83,-3.02,-1.81
54234.57,9731.42,-2.92,-1.41
54231.57,9730.41,-3.00,-1.01
54228.50,9729.80,-3.08,-0.61
54225.52,9729.59,-2.98,-0.21
54222.46,9729.78,-3.06,0.19
54219.50,9730.37,-2.96,0.59
54216.46,9731.36,-3.04,0.99
54213.52,9732.75,-2.94,1.39
54210.50,9734.54,-3.02,1.79
54207.57,9736.73,-2.92,2.19
54204.57,9739.32,-3.00,2.59
54201.50,9742.31,-3.08,2.99
54198.52,9745.70,-2.98,3.39
54195.46,9749.49,-3.06,3.79
54192.50,9753.68,-2.96,4.19
54189.46,9758.27,-3.04,4.59
54186.52,9760.00,-2.94,1.73
54183.50,9744.00,-3.02,0.00
54180.68,9744.00,-2.82,0.00
54178.05,9744.00,-2.62,0.00
54175.63,9744.00,-2.42,0.00
54173.41,9744.00,-2.22,0.00
54171.39,9744.00,-2.02,0.00
54169.57,9736.00,-1.82,0.00
54167.95,9736.00,-1.62,0.00
54166.53,9736.00,-1.42,0.00
54165.31,9736.00,-1.22,0.00
54164.29,9736.00,-1.02,0.00
54163.47,9736.00,-0.82,0.00
54162.85,9736.00,-0.62,0.00
54162.43,9736.00,-0.42,0.00
54162.21,9736.00,-0.22,0.00
54162.19,9736.00,-0.02,0.00
54162.19,9736.00,0.00,0.00
54162.19,9736.00,0.00,0.00
54162.19,9736.00,0.00,0.00
54162.19,9736.00,0.00,0.00
54162.19,9736.00,0.00,0.00
54162.19,9736.00,0.00,0.00
54162.19,9736.00,0.00,0.00
54162.19,9736.00,0.00,0.00
54162.19,9736.00,0.00,0.00
54162.19,9736.00,0.00,0.00
54162.19,9736.00,0.00,0.00
54162.19,9736.00,0.00,0.00
54162.19,9736.00,0.00,0.00
54162.19,9736.00,0.00,0.00
54162.19,9736.00,0.00,0.00
54162.19,9736.00,0.00,0.00
54162.19,9736.00,0.00,0.00
54162.19,9736.00,0.00,0.00
54162.19,9736.00,0.00,0.00
54162.19,9736.00,0.00,0.00
54162.19,9736.00,0.00,0.00
54162.19,9736.00,0.00,0.00
54162.19,9736.00,0.00,0.00
54162.19,9736.00,0.00,0.00
54162.19,9736.00,0.00,0.00
54162.19,9736.00,0.00,0.00
54162.19,9736.00,0.00,0.00
54162.19,9736.00,0.00,0.00
54162.19,9736.00,0.00,0.00
54162.19,9736.00,0.00,0.00
54162.19,9736.00,0.00,0.00
54162.19,9736.00,0.00,0.00
54162.19,9736.00,0.00,0.00
54162.19,9736.00,0.00,0.00
54162.19,9736.00,0.00,0.00
54162.19,9736.00,0.00,0.00
54162.19,9736.00,0.00,0.00
54162.19,9736.00,0.00,0.00
54162.19,9736.00,0.00,0.00
54162.19,9736.00,0.00,0.00
54162.19,9736.00,0.00,0.00
54162.19,9736.00,0.00,0.00
54162.19,9736.00,0.00,0.00
54162.19,9736.00,0.00,0.00
54162.19,9736.00,0.00,0.00
54162.19,9736.00,0.00,0.00
54162.19,9736.00,0.00,0.00
54162.19,9736.00,0.00,0.00
54162.19,9736.00,0.00,0.00
54162.19,9736.00,0.00,0.00
54162.27,9736.00,0.08,0.00
54162.43,9736.00,0.16,0.00
54162.67,9736.00,0.24,0.00
54162.99,9736.00,0.32,0.00
54163.39,9736.00,0.40,0.00
54163.87,9736.00,0.48,0.00
54164.43,9736.00,0.56,0.00
54165.07,9736.00,0.64,0.00
54165.51,9736.00,0.44,0.00
54165.75,9736.00,0.24,0.00
54165.79,9736.00,0.04,0.00
54165.79,9736.00,0.00,0.00
54165.79,9736.00,0.00,0.00
54165.79,9736.00,0.00,0.00
54165.79,9736.00,0.00,0.00
54165.79,9736.00,0.00,0.00
54165.79,9736.00,0.00,0.00
54165.79,9736.00,0.00,0.00
54165.79,9736.00,0.00,0.00
54165.79,9736.00,0.00,0.00
54165.79,9736.00,0.00,0.00
54165.79,9736.00,0.00,0.00
54165.79,9736.00,0.00,0.00
54165.79,9736.00,0.00,0.00
54165.79,9736.00,0.00,0.00
54165.79,9736.00,0.00,0.00
54165.79,9736.00,0.00,0.00
54165.79,9736.00,0.00,0.00
54165.79,9736.00,0.00,0.00
54165.79,9736.00,0.00,0.00
54165.86,9736.00,0.08,0.00
54166.02,9736.00,0.16,0.00
54166.26,9736.00,0.24,0.00
54166.58,9736.00,0.32,0.00
54166.98,9736.00,0.40,0.00
54167.46,9736.00,0.48,0.00
54168.02,9736.00,0.56,0.00
54168.66,9736.00,0.64,0.00
54169.38,9736.00,0.72,0.00
54169.90,9736.00,0.52,0.00
54170.22,9744.00,0.32,0.00
54170.34,9744.00,0.12,0.00
54170.34,9744.00,0.00,0.00
54170.34,9744.00,0.00,0.00
54170.34,9744.00,0.00,0.00
54170.34,9744.00,0.00,0.00
54170.34,9744.00,0.00,0.00
54170.34,9744.00,0.00,0.00
54170.34,9744.00,0.00,0.00
54170.34,9744.00,0.00,0.00
54170.34,9744.00,0.00,0.00
54170.34,9744.00,0.00,0.00
54170.34,9744.00,0.00,0.00
54170.34,9744.00,0.00,0.00
54170.34,9744.00,0.00,0.00
54170.34,9744.00,0.00,0.00
54170.34,9744.00,0.00,0.00
54170.34,9744.00,0.00,0.00
54170.34,9744.00,0.00,0.00
54170.34,9744.00,0.00,0.00
54170.34,9744.00,0.00,0.00
54170.34,9744.00,0.00,0.00
54170.34,9744.00,0.00,0.00
54170.34,9744.00,0.00,0.00
54170.34,9744.00,0.00,0.00
54170.34,9744.00,0.00,0.00
54170.34,9744.00,0.00,0.00
54170.34,9744.00,0.00,0.00
54170.34,9744.00,0.00,0.00
54170.34,9744.00,0.00,0.00
54170.34,9744.00,0.00,0.00
54170.34,9744.00,0.00,0.00
54170.34,9744.00,0.00,0.00
54170.34,9744.00,0.00,0.00
54170.34,9744.00,0.00,0.00
54170.34,9744.00,0.00,0.00
54170.34,9744.00,0.00,0.00
54170.34,9744.00,0.00,0.00
54170.34,9744.00,0.00,0.00
54170.34,9744.00,0.00,0.00
54170.34,9744.00,0.00,0.00
54170.34,9744.00,0.00,0.00
54170.34,9744.00,0.00,0.00
54170.34,9744.00,0.00,0.00
54170.34,9744.00,0.00,0.00
54170.34,9744.00,0.00,0.00
54170.34,9744.00,0.00,0.00
54170.34,9744.00,0.00,0.00
54170.34,9744.00,0.00,0.00
54170.34,9744.00,0.00,0.00
54170.34,9744.00,0.00,0.00
54170.34,9744.00,0.00,0.00
54170.34,9744.00,0.00,0.00
54170.34,9744.00,0.00,0.00
54170.34,9744.00,0.00,0.00
54170.34,9744.00,0.00,0.00
54170.34,9744.00,0.00,0.00
54170.34,9744.00,0.00,0.00
54170.34,9744.00,0.00,0.00
54170.34,9744.00,0.00,0.00
54170.34,9744.00,0.00,0.00
54170.34,9744.00,0.00,0.00
54170.34,9744.00,0.00,0.00
54170.34,9744.00,0.00,0.00
54170.34,9744.00,0.00,0.00
54170.34,9744.00,0.00,0.00
54170.34,9744.00,0.00,0.00
54170.34,9744.00,0.00,0.00
54170.34,9744.00,0.00,0.00
54170.34,9744.00,0.00,0.00
54170.34,9744.00,0.00,0.00
54170.34,9744.00,0.00,0.00
54170.34,9744.00,0.00,0.00
54170.34,9744.00,0.00,0.00
54170.34,9744.00,0.00,0.00
54170.34,9744.00,0.00,0.00
54170.42,9744.00,0.08,0.00
54170.58,9744.00,0.16,0.00
54170.82,9744.00,0.24,0.00
54171.14,9744.00,0.32,0.00
54171.54,9744.00,0.40,0.00
54172.02,9744.00,0.48,0.00
54172.57,9744.00,0.56,0.00
54173.21,9744.00,0.64,0.00
54173.93,9744.00,0.72,0.00
54174.73,9744.00,0.80,0.00
54175.61,9744.00,0.88,0.00
54176.57,9744.00,0.96,0.00
54177.61,9744.00,1.04,0.00
54178.73,9744.00,1.12,0.00
54179.93,9744.00,1.20,0.00
54181.21,9744.00,1.28,0.00
54182.57,9744.00,1.36,0.00
54184.02,9744.00,1.44,0.00
54185.54,9744.00,1.52,0.00
54187.14,9760.00,1.60,0.00
54188.82,9760.00,1.68,0.00
54190.58,9760.00,1.76,0.00
54192.42,9760.00,1.84,0.00
54194.34,9760.00,1.92,0.00
54196.34,9760.00,2.00,0.00
54198.42,9760.00,2.08,0.00
54200.58,9760.00,2.16,0.00
54202.82,9760.40,2.24,0.40
54205.14,9761.20,2.32,0.80
54207.54,9762.40,2.40,1.20
54210.02,9764.00,2.48,1.60
54212.57,9766.00,2.56,2.00
54215.21,9768.40,2.64,2.40
54217.93,9771.20,2.72,2.80
54220.73,9774.40,2.80,3.20
54223.61,9778.00,2.88,3.60
54226.57,9782.00,2.96,4.00
54229.61,9786.40,3.04,4.40
54232.55,9791.20,2.94,4.80
54235.57,9796.40,3.02,5.20
54238.50,9802.00,2.92,5.60
54241.50,9808.00,3.00,6.00
54244.57,9814.40,3.08,6.40
54247.55,9821.20,2.98,6.80
54250.61,9828.40,3.06,7.20
54253.57,9836.00,2.96,7.60
54256.61,9844.00,3.04,8.00
54259.55,9852.40,2.94,8.40
54262.57,9861.20,3.02,8.80
54265.50,9870.40,2.92,9.20
54268.50,9880.00,3.00,9.60
54271.57,9890.00,3.08,10.00
54274.55,9885.39,2.98,-4.61
54277.61,9880.78,3.06,-4.61
54280.57,9876.17,2.96,-4.61
54283.61,9871.56,3.04,-4.61
54286.55,9866.95,2.94,-4.61
54289.57,9862.34,3.02,-4.61
54292.50,9857.73,2.92,-4.61
54295.50,9853.12,3.00,-4.61
54298.57,9848.51,3.08,-4.61
54301.55,9843.90,2.98,-4.61
54304.61,9839.29,3.06,-4.61
54307.57,9834.68,2.96,-4.61
54310.00,9830.47,2.43,-4.21
54310.00,9826.66,0.00,-3.81
54305.50,9823.16,-4.50,-3.50
54301.28,9820.06,-4.22,-3.10
54297.34,9817.36,-3.94,-2.70
54293.68,9815.06,-3.66,-2.30
54290.30,9813.16,-3.38,-1.90
54287.20,9811.66,-3.10,-1.50
54284.38,9810.56,-2.82,-1.10
54281.84,9809.86,-2.54,-0.70
54279.58,9809.56,-2.26,-0.30
54277.60,9809.66,-1.98,0.10
54275.90,9810.16,-1.70,0.50
54274.48,9811.06,-1.42,0.90
54273.34,9812.36,-1.14,1.30
54272.48,9814.06,-0.86,1.70
54271.90,9816.16,-0.58,2.10
54271.60,9818.66,-0.30,2.50
54271.58,9821.56,-0.02,2.90
54271.64,9824.86,0.06,3.30
54271.78,9828.56,0.14,3.70
54272.00,9832.66,0.22,4.10
54272.30,9837.16,0.30,4.50
54272.68,9842.06,0.38,4.90
54273.14,9847.36,0.46,5.30
54273.68,9853.06,0.54,5.70
54274.30,9859.16,0.62,6.10
54275.00,9865.66,0.70,6.50
54275.78,9872.56,0.78,6.90
54276.46,9879.86,0.68,7.30
54277.04,9887.56,0.58,7.70
54277.52,9895.66,0.48,8.10
54277.89,9904.16,0.38,8.50
54278.18,9913.06,0.28,8.90
54278.36,9922.36,0.18,9.30
54278.43,9932.06,0.08,9.70
54278.43,9942.07,0.00,10.01
54278.43,9952.08,0.00,10.01
54278.43,9962.09,0.00,10.01
54278.43,9972.10,0.00,10.01
54278.43,9982.11,0.00,10.01
54278.43,9992.12,0.00,10.01
54278.43,10002.12,0.00,10.01
54278.43,10012.13,0.00,10.01
54278.43,10022.14,0.00,10.01
54278.43,10032.15,0.00,10.01
54278.43,10042.16,0.00,10.01
54278.43,10048.00,0.00,5.84
54278.43,10048.00,0.00,0.00
54278.43,10048.00,0.00,0.00
54278.43,10048.00,0.00,0.00
54278.43,10048.00,0.00,0.00
54278.43,10048.00,0.00,0.00
54278.36,10048.00,-0.08,0.00
54278.20,10048.00,-0.16,0.00
54277.96,10048.00,-0.24,0.00
54277.64,10048.00,-0.32,0.00
54277.24,10048.00,-0.40,0.00
54276.76,10048.00,-0.48,0.00
54276.20,10048.00,-0.56,0.00
54275.56,10048.00,-0.64,0.00
54274.84,10048.00,-0.72,0.00
54274.04,10048.00,-0.80,0.00
54273.16,10048.00,-0.88,0.00
54272.20,10048.00,-0.96,0.00
54271.16,10048.00,-1.04,0.00
54270.04,10048.00,-1.12,0.00
54268.84,10048.00,-1.20,0.00
54267.56,10048.00,-1.28,0.00
54266.20,10048.00,-1.36,0.00
54264.76,10048.00,-1.44,0.00
54263.24,10048.00,-1.52,0.00
54261.64,10048.36,-1.60,0.00
54259.96,10050.04,-1.68,0.00
54258.20,10051.80,-1.76,0.00
54256.36,10053.64,-1.84,0.00
54254.43,10055.57,-1.92,0.00
54252.43,10057.57,-2.00,0.00
54250.36,10059.64,-2.08,0.00
54248.20,10061.80,-2.16,0.00
54245.96,10062.21,-2.24,0.40
54243.64,10063.00,-2.32,0.80
54241.24,10064.00,-2.40,1.00
54238.76,10064.00,-2.48,0.00
54236.20,10064.00,-2.56,0.00
54233.56,10064.00,-2.64,0.00
54230.84,10064.00,-2.72,0.00
54228.04,10080.40,-2.80,0.40
54225.16,10081.20,-2.88,0.80
54222.20,10082.40,-2.96,1.20
54219.16,10084.00,-3.04,1.60
54216.22,10086.00,-2.94,2.00
54213.38,10088.40,-2.84,2.40
54210.64,10091.20,-2.74,2.80
54208.00,10094.40,-2.64,3.20
54205.46,10098.00,-2.54,3.60
54203.20,10102.00,-2.26,4.00
54201.22,10106.40,-1.98,4.40
54199.52,10111.20,-1.70,4.80
54198.10,10116.40,-1.42,5.20
54196.96,10122.00,-1.14,5.60
54196.10,10128.00,-0.86,6.00
54195.52,10134.40,-0.58,6.40
54195.22,10141.20,-0.30,6.80
54195.20,10148.40,-0.02,7.20
54195.26,10156.00,0.06,7.60
54195.26,10164.00,0.00,8.00
54195.26,10172.40,0.00,8.40
54195.26,10176.00,0.00,3.60
54195.26,10176.00,0.00,0.00
54195.26,10176.00,0.00,0.00
54195.26,10176.00,0.00,0.00
54195.26,10176.00,0.00,0.00
54195.26,10176.00,0.00,0.00
54195.26,10176.00,0.00,0.00
54195.26,10176.00,0.00,0.00
54195.26,10176.00,0.00,0.00
54195.26,10176.00,0.00,0.00
54195.26,10176.00,0.00,0.00
54195.26,10176.00,0.00,0.00
54195.26,10176.00,0.00,0.00
54195.26,10176.00,0.00,0.00
54195.26,10176.00,0.00,0.00
54195.26,10176.00,0.00,0.00
54195.26,10176.00,0.00,0.00
54195.26,10176.00,0.00,0.00
54195.26,10176.00,0.00,0.00
54195.18,10176.00,-0.08,0.00
54195.02,10176.00,-0.16,0.00
54194.78,10176.00,-0.24,0.00
54194.46,10176.00,-0.32,0.00
54194.06,10176.00,-0.40,0.00
54193.58,10176.00,-0.48,0.00
54193.02,10176.00,-0.56,0.00
54192.38,10176.00,-0.64,0.00
54191.66,10176.00,-0.72,0.00
54190.86,10176.00,-0.80,0.00
54189.98,10176.00,-0.88,0.00
54189.02,10176.00,-0.96,0.00
54187.98,10176.00,-1.04,0.00
54186.86,10176.00,-1.12,0.00
54185.66,10176.00,-1.20,0.00
54184.38,10176.00,-1.28,0.00
54183.02,10176.00,-1.36,0.00
54181.58,10192.00,-1.44,0.00
54180.06,10192.00,-1.52,0.00
54178.46,10192.00,-1.60,0.00
54176.78,10192.00,-1.68,0.00
54175.02,10192.00,-1.76,0.00
54173.18,10192.00,-1.84,0.00
54171.26,10192.00,-1.92,0.00
54169.26,10192.00,-2.00,0.00
54167.18,10192.00,-2.08,0.00
54165.02,10208.00,-2.16,0.00
54163.90,10208.00,-2.24,0.00
54162.74,10208.00,-2.32,0.00
54161.54,10208.00,-2.40,0.00
54160.30,10208.00,-2.48,0.00
54159.02,10208.00,-2.56,0.00
54157.70,10208.00,-2.64,0.00
54156.34,10208.00,-2.72,0.00
54154.94,10208.00,-2.80,0.00
54153.50,10208.00,-2.88,0.00
54152.02,10208.00,-2.96,0.00
54150.50,10224.00,-3.04,0.00
54149.08,10224.00,-2.84,0.00
54147.62,10224.00,-2.92,0.00
54146.12,10224.00,-3.00,0.00
54144.58,10224.00,-3.08,0.00
54143.14,10224.00,-2.88,0.00
54141.66,10224.00,-2.96,0.00
54140.28,10224.00,-2.76,0.00
54139.00,10216.00,-2.56,0.00
54137.82,10216.00,-2.36,0.00
54136.74,10216.00,-2.16,0.00
54135.76,10216.00,-1.96,0.00
54134.88,10216.00,-1.76,0.00
54134.10,10216.00,-1.56,0.00
54133.28,10216.00,-1.64,0.00
54132.42,10216.00,-1.72,0.00
54131.52,10216.00,-1.80,0.00
54130.58,10216.00,-1.88,0.00
54129.60,10216.00,-1.96,0.00
54128.72,10216.00,-1.76,0.00
54127.94,10216.00,-1.56,0.00
54127.26,10216.00,-1.36,0.00
54126.68,10216.00,-1.16,0.00
54126.20,10216.00,-0.96,0.00
54125.82,10216.00,-0.76,0.00
54125.58,10216.00,-0.48,0.00
54125.48,10216.00,-0.20,0.00
54125.42,10216.00,-0.12,0.00
54125.40,10213.09,-0.04,-5.81
54125.42,10210.19,0.04,-5.81
54125.48,10207.28,0.12,-5.81
54125.58,10204.38,0.20,-5.81
54125.72,10201.47,0.28,-5.81
54126.08,10195.66,0.36,-5.81
54126.52,10191.05,0.44,-4.61
54127.04,10186.44,0.52,-4.61
54127.64,10181.83,0.60,-4.61
54128.32,10177.22,0.68,-4.61
54129.09,10172.61,0.76,-4.61
54129.93,10168.00,0.84,-4.61
54130.85,10163.79,0.92,-4.21
54131.85,10159.98,1.00,-3.81
54132.93,10156.57,1.08,-3.41
54134.09,10153.56,1.16,-3.01
54135.32,10150.95,1.24,-2.61
54136.64,10148.74,1.32,-2.21
54138.04,10146.93,1.40,-1.81
54139.52,10145.52,1.48,-1.41
54141.08,10144.51,1.56,-1.01
54142.72,10143.90,1.64,-0.61
54144.44,10143.69,1.72,-0.21
54146.24,10143.88,1.80,0.19
54148.12,10144.47,1.88,0.59
54150.08,10145.46,1.96,0.99
54152.12,10146.85,2.04,1.39
54154.24,10148.64,2.12,1.79
54156.44,10150.83,2.20,2.19
54158.72,10153.42,2.28,2.59
54161.08,10156.41,2.36,2.99
54163.52,10159.80,2.44,3.39
54166.04,10163.59,2.52,3.79
54168.64,10167.78,2.60,4.19
54171.32,10172.37,2.68,4.59
54174.09,10177.36,2.76,4.99
54176.75,10182.75,2.66,5.39
54179.30,10188.54,2.56,5.79
54181.77,10192.00,2.46,3.46
54184.12,10176.00,2.36,0.00
54186.29,10176.00,2.16,0.00
54188.25,10176.00,1.96,0.00
54190.01,10176.00,1.76,0.00
54191.57,10176.00,1.56,0.00
54192.93,10176.00,1.36,0.00
54194.09,10176.00,1.16,0.00
54195.05,10176.00,0.96,0.00
54195.81,10176.00,0.76,0.00
54196.37,10176.00,0.56,0.00
54196.73,10176.00,0.36,0.00
54196.89,10176.00,0.16,0.00
54196.89,10176.00,0.00,0.00
54196.89,10176.00,0.00,0.00
54196.89,10176.00,0.00,0.00
54196.89,10176.00,0.00,0.00
54196.89,10171.39,0.00,-4.61
54196.89,10166.78,0.00,-4.61
54196.89,10162.17,0.00,-4.61
54196.89,10157.56,0.00,-4.61
54196.89,10152.95,0.00,-4.61
54196.89,10148.34,0.00,-4.61
54196.89,10143.73,0.00,-4.61
54196.89,10139.12,0.00,-4.61
54196.89,10134.51,0.00,-4.61
54196.89,10129.90,0.00,-4.61
54196.89,10125.29,0.00,-4.61
54196.89,10120.68,0.00,-4.61
54196.89,10116.07,0.00,-4.61
54196.89,10111.86,0.00,-4.21
54196.96,10108.05,0.08,-3.81
54197.12,10104.64,0.16,-3.41
54197.36,10101.63,0.24,-3.01
54197.68,10099.02,0.32,-2.61
54198.08,10096.81,0.40,-2.21
54198.56,10092.20,0.48,-4.61
54199.12,10087.58,0.56,-4.61
54199.76,10082.97,0.64,-4.61
54200.48,10078.36,0.72,-4.61
54201.28,10073.75,0.80,-4.61
54202.16,10069.14,0.88,-4.61
54203.12,10064.53,0.96,-4.61
54204.16,10059.92,1.04,-4.61
54205.28,10055.31,1.12,-4.61
54206.48,10050.70,1.20,-4.61
54207.76,10046.09,1.28,-4.61
54209.12,10041.88,1.36,-4.21
54210.56,10038.07,1.44,-3.81
54212.08,10034.66,1.52,-3.41
54213.68,10031.65,1.60,-3.01
54215.36,10029.04,1.68,-2.61
54217.12,10026.83,1.76,-2.21
54218.96,10025.02,1.84,-1.81
54220.89,10023.61,1.92,-1.41
54222.89,10022.60,2.00,-1.01
54224.96,10021.99,2.08,-0.61
54227.12,10021.78,2.16,-0.21
54229.36,10021.97,2.24,0.19
54231.68,10022.56,2.32,0.59
54234.08,10023.55,2.40,0.99
54236.56,10024.94,2.48,1.39
54239.12,10026.73,2.56,1.79
54241.76,10028.92,2.64,2.19
54244.48,10031.51,2.72,2.59
54247.28,10034.50,2.80,2.99
54250.16,10037.89,2.88,3.39
54253.12,10041.68,2.96,3.79
54255.98,10045.87,2.86,4.19
54258.74,10050.46,2.76,4.59
54261.40,10048.60,2.66,0.00
54263.86,10048.00,2.46,0.00
54266.12,10048.00,2.26,0.00
54268.18,10048.00,2.06,0.00
54270.04,10048.00,1.86,0.00
54271.70,10048.00,1.66,0.00
54273.16,10048.00,1.46,0.00
54274.43,10048.00,1.26,0.00
54275.48,10048.00,1.06,0.00
54276.27,10043.39,0.78,-4.61
54276.77,10038.78,0.50,-4.61
54276.98,10034.17,0.22,-4.61
54276.93,10029.56,-0.06,-4.61
54276.79,10024.95,-0.14,-4.61
54276.57,10020.34,-0.22,-4.61
54276.27,10015.73,-0.30,-4.61
54275.89,10011.12,-0.38,-4.61
54275.43,10006.51,-0.46,-4.61
54274.89,10001.90,-0.54,-4.61
54274.27,9997.29,-0.62,-4.61
54273.57,9992.68,-0.70,-4.61
54272.79,9988.07,-0.78,-4.61
54271.93,9983.86,-0.86,-4.21
54270.98,9980.05,-0.94,-3.81
54269.96,9976.64,-1.02,-3.41
54268.86,9973.63,-1.10,-3.01
54267.68,9971.02,-1.18,-2.61
54266.42,9968.81,-1.26,-2.21
54265.08,9967.00,-1.34,-1.81
54263.66,9965.59,-1.42,-1.41
54262.16,9960.98,-1.50,-4.61
54260.58,9956.37,-1.58,-4.61
54258.92,9951.76,-1.66,-4.61
54257.18,9947.15,-1.74,-4.61
54255.36,9942.53,-1.82,-4.61
54253.46,9937.92,-1.90,-4.61
54251.48,9933.31,-1.98,-4.61
54249.43,9928.70,-2.06,-4.61
54247.29,9924.09,-2.14,-4.61
54245.07,9919.48,-2.22,-4.61
54242.77,9914.87,-2.30,-4.61
54240.39,9910.26,-2.38,-4.61
54237.93,9906.05,-2.46,-4.21
54235.39,9902.24,-2.54,-3.81
54232.77,9898.83,-2.62,-3.41
54230.07,9895.82,-2.70,-3.01
54227.29,9893.21,-2.78,-2.61
54224.43,9891.00,-2.86,-2.21
54221.48,9889.19,-2.94,-1.81
54218.46,9887.78,-3.02,-1.41
54215.54,9886.77,-2.92,-1.01
54212.72,9886.16,-2.82,-0.61
54210.00,9885.95,-2.72,-0.21
54207.38,9886.14,-2.62,0.19
54204.86,9886.73,-2.52,0.59
54202.44,9887.72,-2.42,0.99
54200.12,9889.11,-2.32,1.39
54197.90,9890.90,-2.22,1.79
54195.78,9893.09,-2.12,2.19
54193.76,9895.68,-2.02,2.59
54191.84,9896.00,-1.92,0.32
54190.02,9896.00,-1.82,0.00
54188.40,9896.00,-1.62,0.00
54186.98,9896.00,-1.42,0.00
54185.76,9887.76,-1.22,0.00
54184.74,9886.74,-1.02,0.00
54183.92,9885.92,-0.82,0.00
54183.30,9885.30,-0.62,0.00
54182.88,9884.88,-0.42,0.00
54182.73,9884.73,-0.14,0.00
54182.68,9884.68,-0.06,0.00
54182.70,9884.70,0.02,0.00
54182.80,9884.80,0.10,0.00
54182.98,9884.98,0.18,0.00
54183.24,9885.24,0.26,0.00
54183.58,9885.58,0.34,0.00
54184.00,9885.98,0.42,0.40
54184.50,9886.50,0.50,0.00
54185.08,9881.89,0.58,-4.61
54185.74,9877.28,0.66,-4.61
54186.48,9872.67,0.74,-4.61
54187.30,9868.06,0.82,-4.61
54188.20,9863.45,0.90,-4.61
54189.18,9858.84,0.98,-4.61
54190.23,9854.23,1.06,-4.61
54191.38,9849.62,1.14,-4.61
54192.59,9845.01,1.22,-4.61
54193.89,9840.40,1.30,-4.61
54195.27,9836.19,1.38,-4.21
54196.73,9832.38,1.46,-3.81
54198.27,9828.97,1.54,-3.41
54199.89,9825.96,1.62,-3.01
54201.59,9823.35,1.70,-2.61
54203.38,9821.14,1.78,-2.21
54205.23,9819.33,1.86,-1.81
54207.18,9817.92,1.94,-1.41
54209.20,9816.91,2.02,-1.01
54211.30,9816.30,2.10,-0.61
54213.12,9816.09,1.82,-0.21
54214.66,9816.28,1.54,0.19
54215.92,9816.87,1.26,0.59
54216.90,9817.86,0.98,0.99
54217.60,9813.25,0.70,-4.61
54218.02,9808.64,0.42,-4.61
54218.16,9804.03,0.14,-4.61
54218.22,9799.42,0.06,-4.61
54218.20,9794.81,-0.02,-4.61
54218.10,9790.20,-0.10,-4.61
54217.92,9785.59,-0.18,-4.61
54217.66,9780.98,-0.26,-4.61
54217.32,9776.36,-0.34,-4.61
54216.89,9771.75,-0.42,-4.61
54216.39,9767.14,-0.50,-4.61
54215.82,9762.53,-0.58,-4.61
54215.16,9758.32,-0.66,-4.21
54214.42,9754.51,-0.74,-3.81
54213.60,9751.10,-0.82,-3.41
54212.70,9748.09,-0.90,-3.01
54211.72,9745.48,-0.98,-2.61
54210.66,9743.27,-1.06,-2.21
54209.52,9741.46,-1.14,-1.81
54208.30,9740.05,-1.22,-1.41
54207.00,9739.04,-1.30,-1.01
54205.62,9738.43,-1.38,-0.61
54204.16,9738.22,-1.46,-0.21
54202.62,9738.41,-1.54,0.19
54201.00,9739.00,-1.62,0.59
54199.30,9739.99,-1.70,0.99
54197.52,9741.38,-1.78,1.39
54195.66,9743.17,-1.86,1.79
54193.72,9745.36,-1.94,2.19
54191.70,9747.95,-2.02,2.59
54189.60,9750.94,-2.10,2.99
54187.42,9754.33,-2.18,3.39
54185.16,9744.00,-2.26,0.00
54182.82,9744.00,-2.34,0.00
54180.39,9744.00,-2.42,0.00
54177.89,9744.00,-2.50,0.00
54175.32,9744.00,-2.58,0.00
54172.66,9744.00,-2.66,0.00
54169.92,9736.00,-2.74,0.00
54167.10,9736.00,-2.82,0.00
54164.20,9736.00,-2.90,0.00
54161.22,9736.00,-2.98,0.00
54158.44,9736.00,-2.78,0.00
54155.86,9736.00,-2.58,0.00
54153.48,9728.00,-2.38,0.00
54151.30,9728.00,-2.18,0.00
54149.32,9728.00,-1.98,0.00
54147.54,9728.00,-1.78,0.00
54145.96,9728.00,-1.58,0.00
54144.58,9728.00,-1.38,0.00
54143.40,9728.00,-1.18,0.00
54142.42,9728.00,-0.98,0.00
54141.64,9728.00,-0.78,0.00
54141.06,9728.00,-0.58,0.00
54140.68,9728.00,-0.38,0.00
54140.50,9728.00,-0.18,0.00
54140.50,9728.00,0.00,0.00
54140.50,9728.00,0.00,0.00
54140.50,9728.00,0.00,0.00
54140.50,9728.00,0.00,0.00
54140.50,9728.00,0.00,0.00
54140.50,9728.00,0.00,0.00
54140.50,9728.00,0.00,0.00
54140.50,9728.00,0.00,0.00
54140.50,9728.00,0.00,0.00
54140.50,9728.00,0.00,0.00
54140.50,9728.00,0.00,0.00
54140.50,9728.00,0.00,0.00
54140.50,9728.00,0.00,0.00
54140.50,9728.00,0.00,0.00
54140.50,9728.00,0.00,0.00
54140.50,9728.00,0.00,0.00
54140.50,9728.00,0.00,0.00
54140.50,9728.00,0.00,0.00
54140.50,9728.00,0.00,0.00
54140.50,9728.00,0.00,0.00
54140.50,9728.00,0.00,0.00
54140.50,9728.00,0.00,0.00
54140.50,9728.00,0.00,0.00
54140.50,9728.00,0.00,0.00
54140.50,9728.00,0.00,0.00
54140.50,9728.00,0.00,0.00
54140.50,9728.00,0.00,0.00
54140.50,9728.00,0.00,0.00
54140.50,9728.00,0.00,0.00
54140.50,9728.00,0.00,0.00
54140.50,9728.00,0.00,0.00
54140.50,9728.00,0.00,0.00
54140.50,9728.00,0.00,0.00
54140.50,9728.00,0.00,0.00
54140.50,9728.00,0.00,0.00
54140.50,9728.00,0.00,0.00
54140.50,9728.00,0.00,0.00
54140.50,9728.00,0.00,0.00
54140.50,9728.00,0.00,0.00
54140.50,9728.00,0.00,0.00
54140.50,9728.00,0.00,0.00
54140.50,9728.00,0.00,0.00
54140.43,9728.00,-0.08,0.00
54140.27,9728.00,-0.16,0.00
54140.03,9728.00,-0.24,0.00
54139.71,9728.00,-0.32,0.00
54139.31,9728.00,-0.40,0.00
54138.83,9728.00,-0.48,0.00
54138.27,9728.00,-0.56,0.00
54137.63,9712.00,-0.64,0.00
54136.91,9712.00,-0.72,0.00
54136.11,9712.00,-0.80,0.00
54135.23,9712.00,-0.88,0.00
54134.27,9712.00,-0.96,0.00
54133.23,9712.00,-1.04,0.00
54132.11,9712.00,-1.12,0.00
54130.91,9712.00,-1.20,0.00
54129.63,9712.00,-1.28,0.00
54128.27,9712.00,-1.36,0.00
54126.83,9712.00,-1.44,0.00
54125.31,9712.00,-1.52,0.00
54123.71,9712.00,-1.60,0.00
54122.03,9712.00,-1.68,0.00
54120.27,9710.27,-1.76,0.00
54118.43,9708.43,-1.84,0.00
54116.50,9706.50,-1.92,0.00
54114.50,9704.50,-2.00,0.00
54112.43,9702.43,-2.08,0.00
54110.27,9700.27,-2.16,0.00
54108.03,9698.03,-2.24,0.00
54105.71,9696.00,-2.32,0.00
54103.31,9696.00,-2.40,0.00
54100.83,9696.00,-2.48,0.00
54098.27,9696.00,-2.56,0.00
54095.63,9696.00,-2.64,0.00
54092.91,9696.00,-2.72,0.00
54090.11,9696.00,-2.80,0.00
54087.23,9696.00,-2.88,0.00
54084.27,9696.00,-2.96,0.00
54081.23,9696.00,-3.04,0.00
54078.39,9696.00,-2.84,0.00
54075.47,9696.00,-2.92,0.00
54072.47,9696.00,-3.00,0.00
54069.39,9696.00,-3.08,0.00
54066.51,9696.00,-2.88,0.00
54063.55,9696.00,-2.96,0.00
54060.51,9696.00,-3.04,0.00
54057.67,9696.00,-2.84,0.00
54054.75,9696.00,-2.92,0.00
54051.75,9696.00,-3.00,0.00
54048.67,9696.00,-3.08,0.00
54045.79,9696.00,-2.88,0.00
54043.11,9696.00,-2.68,0.00
54040.63,9688.00,-2.48,0.00
54038.35,9688.00,-2.28,0.00
54036.27,9688.00,-2.08,0.00
54034.39,9688.00,-1.88,0.00
54032.71,9688.00,-1.68,0.00
54031.23,9688.00,-1.48,0.00
54029.95,9688.00,-1.28,0.00
54028.95,9688.00,-1.00,0.00
54028.23,9688.00,-0.72,0.00
54027.79,9688.00,-0.44,0.00
54027.63,9688.00,-0.16,0.00
54027.55,9688.00,-0.08,0.00
54027.55,9688.00,0.00,0.00
54027.63,9688.00,0.08,0.00
54027.79,9688.00,0.16,0.00
54028.03,9688.00,0.24,0.00
54028.35,9688.00,0.32,0.00
54028.75,9688.00,0.40,0.00
54029.23,9688.00,0.48,0.00
54029.79,9688.00,0.56,0.00
54030.43,9688.00,0.64,0.00
54031.15,9688.00,0.72,0.00
54031.95,9688.00,0.80,0.00
54032.83,9688.00,0.88,0.00
54033.79,9688.00,0.96,0.00
54034.83,9688.00,1.04,0.00
54035.95,9688.00,1.12,0.00
54037.15,9688.00,1.20,0.00
54038.43,9688.00,1.28,0.00
54039.79,9688.00,1.36,0.00
54041.23,9688.00,1.44,0.00
54042.75,9696.00,1.52,0.00
54044.35,9696.00,1.60,0.00
54046.03,9696.00,1.68,0.00
54047.79,9696.00,1.76,0.00
54049.63,9696.00,1.84,0.00
54051.55,9696.00,1.92,0.00
54053.55,9696.00,2.00,0.00
54055.63,9696.00,2.08,0.00
54057.79,9696.00,2.16,0.00
54060.03,9696.00,2.24,0.00
54062.35,9696.00,2.32,0.00
54064.75,9696.00,2.40,0.00
54067.23,9696.00,2.48,0.00
54069.79,9696.00,2.56,0.00
54072.43,9696.00,2.64,0.00
54075.15,9696.00,2.72,0.00
54077.95,9696.00,2.80,0.00
54080.83,9696.00,2.88,0.00
54083.79,9696.00,2.96,0.00
54086.83,9696.00,3.04,0.00
54089.67,9696.00,2.84,0.00
54092.31,9696.00,2.64,0.00
54094.75,9696.00,2.44,0.00
54096.99,9696.00,2.24,0.00
54099.03,9696.00,2.04,0.00
54100.87,9696.00,1.84,0.00
54102.51,9696.00,1.64,0.00
54103.95,9696.00,1.44,0.00
54105.19,9696.00,1.24,0.00
54106.23,9696.23,1.04,0.00
54107.07,9697.07,0.84,0.00
54107.71,9697.71,0.64,0.00
54108.15,9698.15,0.44,0.00
54108.39,9698.39,0.24,0.00
54108.43,9698.43,0.04,0.00
54108.43,9698.43,0.00,0.00
54108.43,9698.43,0.00,0.00
54108.43,9698.43,0.00,0.00
54108.43,9698.43,0.00,0.00
54108.43,9698.43,0.00,0.00
54108.43,9698.43,0.00,0.00
54108.43,9698.43,0.00,0.00
54108.43,9698.43,0.00,0.00
54108.43,9698.43,0.00,0.00
54108.43,9698.43,0.00,0.00
54108.43,9698.43,0.00,0.00
54108.43,9698.43,0.00,0.00
54108.43,9698.43,0.00,0.00
54108.43,9698.43,0.00,0.00
54108.43,9698.43,0.00,0.00
54108.43,9698.43,0.00,0.00
54108.43,9698.43,0.00,0.00
54108.43,9698.43,0.00,0.00
54108.43,9698.43,0.00,0.00
54108.43,9698.43,0.00,0.00
54108.43,9698.43,0.00,0.00
54108.43,9698.43,0.00,0.00
54108.43,9698.43,0.00,0.00
54108.43,9698.43,0.00,0.00
54108.43,9698.43,0.00,0.00
54108.43,9698.43,0.00,0.00
54108.43,9698.43,0.00,0.00
54108.43,9698.43,0.00,0.00
54108.43,9698.43,0.00,0.00
54108.43,9698.43,0.00,0.00
54108.43,9698.43,0.00,0.00
54108.43,9698.43,0.00,0.00
54108.43,9698.43,0.00,0.00
54108.43,9698.43,0.00,0.00
54108.43,9698.43,0.00,0.00
54108.43,9698.43,0.00,0.00
54108.43,9698.43,0.00,0.00
54108.43,9698.43,0.00,0.00
54108.43,9698.43,0.00,0.00
54108.43,9698.43,0.00,0.00
54108.43,9698.43,0.00,0.00
54108.43,9698.43,0.00,0.00
54108.43,9698.43,0.00,0.00
54108.43,9698.43,0.00,0.00
54108.43,9698.43,0.00,0.00
54108.43,9698.43,0.00,0.00
54108.43,9698.43,0.00,0.00
54108.43,9698.43,0.00,0.00
54108.43,9698.43,0.00,0.00
54108.43,9698.43,0.00,0.00
54108.43,9698.43,0.00,0.00
54108.43,9698.43,0.00,0.00
54108.43,9698.43,0.00,0.00
54108.43,9698.43,0.00,0.00
54108.43,9698.43,0.00,0.00
54108.43,9698.43,0.00,0.00
54108.43,9698.43,0.00,0.00
54108.43,9698.43,0.00,0.00
54108.43,9698.43,0.00,0.00
54108.43,9698.43,0.00,0.00
54108.43,9698.43,0.00,0.00
54108.43,9698.43,0.00,0.00
54108.43,9698.43,0.00,0.00
54108.43,9698.43,0.00,0.00
54108.43,9698.43,0.00,0.00
54108.43,9698.43,0.00,0.00
54108.43,9698.43,0.00,0.00
54108.43,9698.43,0.00,0.00
54108.43,9698.43,0.00,0.00
54108.43,9698.43,0.00,0.00
54108.43,9698.43,0.00,0.00
54108.43,9698.43,0.00,0.00
54108.43,9698.43,0.00,0.00
54108.43,9698.43,0.00,0.00
54108.43,9698.43,0.00,0.00
54108.43,9698.43,0.00,0.00
54108.43,9698.43,0.00,0.00
54108.43,9698.43,0.00,0.00
54108.43,9698.43,0.00,0.00
54108.43,9698.43,0.00,0.00
54108.43,9698.43,0.00,0.00
54108.43,9698.43,0.00,0.00
54108.43,9698.43,0.00,0.00
54108.43,9698.43,0.00,0.00
54108.43,9698.43,0.00,0.00
54108.43,9698.43,0.00,0.00
54108.43,9698.43,0.00,0.00
54108.43,9698.43,0.00,0.00
54108.43,9698.43,0.00,0.00
54108.43,9698.43,0.00,0.00
54108.43,9698.43,0.00,0.00
54108.43,9698.43,0.00,0.00
54108.43,9698.43,0.00,0.00
54108.43,9698.43,0.00,0.00
54108.43,9698.43,0.00,0.00
54108.43,9698.43,0.00,0.00
54108.43,9698.43,0.00,0.00
54108.43,9698.43,0.00,0.00
54108.43,9698.43,0.00,0.00
54108.43,9698.43,0.00,0.00
54108.43,9698.43,0.00,0.00
54108.43,9698.43,0.00,0.00
54108.43,9698.43,0.00,0.00
54108.43,9698.43,0.00,0.00
54108.43,9698.43,0.00,0.00
54108.43,9698.43,0.00,0.00
54108.43,9698.43,0.00,0.00
54108.50,9698.50,0.08,0.00
54108.66,9698.66,0.16,0.00
54108.90,9698.90,0.24,0.00
54109.22,9699.22,0.32,0.00
54109.62,9699.62,0.40,0.00
54110.10,9700.10,0.48,0.00
54110.66,9700.66,0.56,0.00
54111.30,9701.30,0.64,0.00
54112.02,9702.02,0.72,0.00
54112.82,9702.82,0.80,0.00
54113.70,9703.70,0.88,0.00
54114.66,9704.66,0.96,0.00
54115.70,9705.70,1.04,0.00
54116.82,9706.82,1.12,0.00
54118.02,9708.02,1.20,0.00
54119.30,9708.42,1.28,0.40
54120.66,9709.22,1.36,0.80
54121.92,9710.42,1.26,1.20
54123.08,9712.00,1.16,1.58
54124.14,9712.00,1.06,0.00
54125.00,9712.00,0.86,0.00
54125.66,9712.00,0.66,0.00
54126.12,9712.00,0.46,0.00
54126.38,9712.00,0.26,0.00
54126.44,9712.00,0.06,0.00
54126.44,9712.00,0.00,0.00
54126.44,9712.00,0.00,0.00
54126.44,9712.00,0.00,0.00
54126.44,9712.00,0.00,0.00
54126.44,9712.00,0.00,0.00
54126.44,9712.00,0.00,0.00
54126.36,9712.00,-0.08,0.00
54126.20,9712.00,-0.16,0.00
54125.96,9712.00,-0.24,0.00
54125.64,9712.00,-0.32,0.00
54125.25,9712.00,-0.40,0.00
54124.77,9712.00,-0.48,0.00
54124.21,9712.00,-0.56,0.00
54123.57,9712.00,-0.64,0.00
54122.85,9712.00,-0.72,0.00
54122.05,9712.00,-0.80,0.00
54121.17,9711.17,-0.88,0.00
54120.21,9710.21,-0.96,0.00
54119.17,9709.17,-1.04,0.00
54118.05,9708.05,-1.12,0.00
54116.85,9706.85,-1.20,0.00
54115.57,9705.57,-1.28,0.00
54114.21,9704.21,-1.36,0.00
54112.77,9702.77,-1.44,0.00
54111.25,9701.25,-1.52,0.00
54109.64,9699.65,-1.60,0.00
54107.96,9697.97,-1.68,0.00
54106.20,9696.20,-1.76,0.00
54104.36,9696.00,-1.84,0.00
54102.44,9696.00,-1.92,0.00
54100.44,9696.00,-2.00,0.00
54098.36,9696.00,-2.08,0.00
54096.20,9696.00,-2.16,0.00
54093.96,9696.00,-2.24,0.00
54091.64,9696.00,-2.32,0.00
54089.25,9696.00,-2.40,0.00
54086.77,9696.00,-2.48,0.00
54084.21,9696.00,-2.56,0.00
54081.57,9696.00,-2.64,0.00
54078.85,9696.00,-2.72,0.00
54076.05,9696.00,-2.80,0.00
54073.17,9696.00,-2.88,0.00
54070.21,9696.00,-2.96,0.00
54067.17,9696.00,-3.04,0.00
54064.33,9696.00,-2.84,0.00
54061.41,9696.00,-2.92,0.00
54058.41,9696.00,-3.00,0.00
54055.33,9696.00,-3.08,0.00
54052.45,9696.00,-2.88,0.00
54049.49,9696.00,-2.96,0.00
54046.45,9696.00,-3.04,0.00
54043.61,9696.00,-2.84,0.00
54040.69,9688.00,-2.92,0.00
54037.69,9688.00,-3.00,0.00
54034.61,9688.00,-3.08,0.00
54031.73,9688.00,-2.88,0.00
54028.77,9688.00,-2.96,0.00
54025.73,9680.00,-3.04,0.00
54022.89,9680.00,-2.84,0.00
54020.25,9680.00,-2.64,0.00
54017.81,9680.00,-2.44,0.00
54015.57,9680.00,-2.24,0.00
54013.53,9680.00,-2.04,0.00
54011.69,9680.00,-1.84,0.00
54010.05,9680.00,-1.64,0.00
54008.61,9678.61,-1.44,0.00
54007.37,9677.37,-1.24,0.00
54006.33,9676.33,-1.04,0.00
54005.49,9675.49,-0.84,0.00
54004.85,9674.85,-0.64,0.00
54004.41,9674.41,-0.44,0.00
54004.17,9674.17,-0.24,0.00
54004.13,9674.13,-0.04,0.00
54004.13,9674.13,0.00,0.00
54004.13,9674.13,0.00,0.00
54004.13,9674.13,0.00,0.00
54004.13,9674.13,0.00,0.00
54004.13,9674.13,0.00,0.00
54004.13,9674.13,0.00,0.00
54004.13,9674.13,0.00,0.00
54004.13,9674.13,0.00,0.00
54004.13,9674.13,0.00,0.00
54004.13,9674.13,0.00,0.00
54004.13,9674.13,0.00,0.00
54004.13,9674.13,0.00,0.00
54004.13,9674.13,0.00,0.00
54004.13,9674.13,0.00,0.00
54004.13,9674.13,0.00,0.00
54004.13,9674.13,0.00,0.00
54004.13,9674.13,0.00,0.00
54004.13,9674.13,0.00,0.00
54004.13,9674.13,0.00,0.00
54004.13,9674.13,0.00,0.00
54004.13,9674.13,0.00,0.00
54004.13,9674.13,0.00,0.00
54004.13,9674.13,0.00,0.00
54004.13,9674.13,0.00,0.00
54004.13,9674.13,0.00,0.00
54004.13,9674.13,0.00,0.00
54004.13,9674.13,0.00,0.00
54004.13,9674.13,0.00,0.00
54004.13,9674.13,0.00,0.00
54004.13,9674.13,0.00,0.00
54004.13,9674.13,0.00,0.00
54004.13,9674.13,0.00,0.00
54004.13,9674.13,0.00,0.00
54004.13,9674.13,0.00,0.00
54004.13,9674.13,0.00,0.00
54004.13,9674.13,0.00,0.00
54004.13,9674.13,0.00,0.00
54004.13,9674.13,0.00,0.00
54004.13,9674.13,0.00,0.00
54004.13,9674.13,0.00,0.00
54004.13,9674.13,0.00,0.00
54004.13,9674.13,0.00,0.00
54004.13,9674.13,0.00,0.00
54004.13,9674.13,0.00,0.00
54004.13,9674.13,0.00,0.00
54004.13,9674.13,0.00,0.00
54004.13,9674.13,0.00,0.00
54004.13,9674.13,0.00,0.00
54004.13,9674.13,0.00,0.00
54004.13,9674.13,0.00,0.00
54004.13,9674.13,0.00,0.00
54004.13,9674.13,0.00,0.00
54004.13,9674.13,0.00,0.00
54004.13,9674.13,0.00,0.00
54004.13,9674.13,0.00,0.00
54004.13,9674.13,0.00,0.00
54004.13,9674.13,0.00,0.00
54004.13,9674.13,0.00,0.00
54004.13,9674.13,0.00,0.00
54004.13,9674.13,0.00,0.00
54004.13,9674.13,0.00,0.00
54004.13,9674.13,0.00,0.00
54004.13,9674.13,0.00,0.00
54004.13,9674.13,0.00,0.00
54004.13,9674.13,0.00,0.00
54004.13,9674.13,0.00,0.00
54004.13,9674.13,0.00,0.00
54004.13,9674.13,0.00,0.00
54004.13,9674.13,0.00,0.00
54004.13,9674.13,0.00,0.00
54004.13,9674.13,0.00,0.00
54004.13,9674.13,0.00,0.00
54004.13,9674.13,0.00,0.00
54004.13,9674.13,0.00,0.00
54004.13,9674.13,0.00,0.00
54004.13,9674.13,0.00,0.00
54004.13,9674.13,0.00,0.00
54004.13,9674.13,0.00,0.00
54004.13,9674.13,0.00,0.00
54004.13,9674.13,0.00,0.00
54004.13,9674.13,0.00,0.00
54004.13,9674.13,0.00,0.00
54004.13,9674.13,0.00,0.00
54004.13,9674.13,0.00,0.00
54004.13,9674.13,0.00,0.00
54004.13,9674.13,0.00,0.00
54004.13,9674.13,0.00,0.00
54004.13,9674.13,0.00,0.00
54004.13,9674.13,0.00,0.00
54004.13,9674.13,0.00,0.00
54004.13,9674.13,0.00,0.00
54004.13,9674.13,0.00,0.00
54004.13,9674.13,0.00,0.00
54004.13,9674.13,0.00,0.00
54004.13,9674.13,0.00,0.00
54004.13,9674.13,0.00,0.00
54004.13,9674.13,0.00,0.00
54004.13,9674.13,0.00,0.00
54004.13,9674.13,0.00,0.00
54004.13,9674.13,0.00,0.00
54004.13,9674.13,0.00,0.00
54004.13,9674.13,0.00,0.00
54004.13,9674.13,0.00,0.00
54004.13,9674.13,0.00,0.00
54004.13,9674.13,0.00,0.00
54004.13,9674.13,0.00,0.00
54004.13,9674.13,0.00,0.00
54004.13,9674.13,0.00,0.00
54004.13,9674.13,0.00,0.00
54004.13,9674.13,0.00,0.00
54004.13,9674.13,0.00,0.00
54004.13,9674.13,0.00,0.00
54004.13,9674.13,0.00,0.00
54004.13,9674.13,0.00,0.00
54004.13,9674.13,0.00,0.00
54004.13,9674.13,0.00,0.00
54004.13,9674.13,0.00,0.00
54004.13,9674.13,0.00,0.00
54004.13,9674.13,0.00,0.00
54004.13,9674.13,0.00,0.00
54004.13,9674.13,0.00,0.00
54004.13,9674.13,0.00,0.00
54004.13,9674.13,0.00,0.00
54004.13,9674.13,0.00,0.00
54004.13,9674.13,0.00,0.00
54004.13,9674.13,0.00,0.00
54004.13,9674.13,0.00,0.00
54004.13,9674.13,0.00,0.00
54004.13,9674.13,0.00,0.00
54004.13,9674.13,0.00,0.00
54004.13,9674.13,0.00,0.00
54004.13,9674.13,0.00,0.00
54004.13,9674.13,0.00,0.00
54004.13,9674.13,0.00,0.00
54004.13,9674.13,0.00,0.00
54004.13,9674.13,0.00,0.00
54004.13,9674.13,0.00,0.00
54004.13,9674.13,0.00,0.00
54004.13,9674.13,0.00,0.00
54004.13,9674.13,0.00,0.00
54004.13,9674.13,0.00,0.00
54004.13,9674.13,0.00,0.00
54004.13,9674.13,0.00,0.00
54004.13,9674.13,0.00,0.00
54004.13,9674.13,0.00,0.00
54004.13,9674.13,0.00,0.00
54004.13,9674.13,0.00,0.00
54004.13,9674.13,0.00,0.00
54004.13,9674.13,0.00,0.00
54004.13,9674.13,0.00,0.00
54004.13,9674.13,0.00,0.00
54004.13,9674.13,0.00,0.00
54004.13,9674.13,0.00,0.00
54004.13,9674.13,0.00,0.00
54004.13,9674.13,0.00,0.00
54004.13,9674.13,0.00,0.00
54004.13,9674.13,0.00,0.00
54004.13,9674.13,0.00,0.00
54004.13,9674.13,0.00,0.00
54004.13,9674.13,0.00,0.00
54004.13,9674.13,0.00,0.00
54004.13,9674.13,0.00,0.00
54004.13,9674.13,0.00,0.00
54004.13,9674.13,0.00,0.00
54004.13,9674.13,0.00,0.00
54004.13,9674.13,0.00,0.00
54004.13,9674.13,0.00,0.00
54004.13,9674.13,0.00,0.00
54004.13,9674.13,0.00,0.00
54004.13,9674.13,0.00,0.00
54004.13,9674.13,0.00,0.00
54004.13,9674.13,0.00,0.00
54004.13,9674.13,0.00,0.00
54004.13,9674.13,0.00,0.00
54004.13,9674.13,0.00,0.00
54004.13,9674.13,0.00,0.00
54004.13,9674.13,0.00,0.00
54004.13,9674.13,0.00,0.00
54004.13,9674.13,0.00,0.00
54004.13,9674.13,0.00,0.00
54004.13,9674.13,0.00,0.00
54004.13,9674.13,0.00,0.00
54004.13,9674.13,0.00,0.00
54004.13,9674.13,0.00,0.00
54004.13,9674.13,0.00,0.00
54004.13,9674.13,0.00,0.00
54004.13,9674.13,0.00,0.00
54004.13,9674.13,0.00,0.00
54004.13,9674.13,0.00,0.00
54004.13,9674.13,0.00,0.00
54004.13,9674.13,0.00,0.00
54004.13,9674.13,0.00,0.00
54004.13,9674.13,0.00,0.00
54004.13,9674.13,0.00,0.00
54004.13,9674.13,0.00,0.00
54004.13,9674.13,0.00,0.00
54004.13,9674.13,0.00,0.00
54004.13,9674.13,0.00,0.00
54004.13,9674.13,0.00,0.00
54004.13,9674.13,0.00,0.00
54004.13,9674.13,0.00,0.00
54004.13,9674.13,0.00,0.00
54004.13,9674.13,0.00,0.00
54004.13,9674.13,0.00,0.00
54004.13,9674.13,0.00,0.00
54004.13,9674.13,0.00,0.00
54004.13,9674.13,0.00,0.00
54004.13,9674.13,0.00,0.00
54004.13,9674.13,0.00,0.00
54004.13,9674.13,0.00,0.00
54004.13,9674.13,0.00,0.00
54004.13,9674.13,0.00,0.00
54004.13,9674.13,0.00,0.00
54004.13,9674.13,0.00,0.00
54004.13,9674.13,0.00,0.00
54004.13,9674.13,0.00,0.00
54004.13,9674.13,0.00,0.00
54004.13,9674.13,0.00,0.00
54004.13,9674.13,0.00,0.00
54004.13,9674.13,0.00,0.00
54004.13,9674.13,0.00,0.00
54004.13,9674.13,0.00,0.00
54004.13,9674.13,0.00,0.00
54004.13,9674.13,0.00,0.00
54004.13,9674.13,0.00,0.00
54004.13,9674.13,0.00,0.00
54004.13,9674.13,0.00,0.00
54004.13,9674.13,0.00,0.00
54004.13,9674.13,0.00,0.00
54004.13,9674.13,0.00,0.00
54004.13,9674.13,0.00,0.00
54004.13,9674.13,0.00,0.00
54004.13,9674.13,0.00,0.00
54004.13,9674.13,0.00,0.00
54004.13,9674.13,0.00,0.00
54004.13,9674.13,0.00,0.00
54004.13,9674.13,0.00,0.00
54004.13,9674.13,0.00,0.00
54004.13,9674.13,0.00,0.00
54004.13,9674.13,0.00,0.00
54004.13,9674.13,0.00,0.00
54004.13,9674.13,0.00,0.00
54004.13,9674.13,0.00,0.00
54004.13,9674.13,0.00,0.00
54004.13,9674.13,0.00,0.00
54004.13,9674.13,0.00,0.00
54004.13,9674.13,0.00,0.00
54004.13,9674.13,0.00,0.00
54004.13,9674.13,0.00,0.00
54004.13,9674.13,0.00,0.00
54004.13,9674.13,0.00,0.00
54004.13,9674.13,0.00,0.00
54004.13,9674.13,0.00,0.00
54004.13,9674.13,0.00,0.00
54004.13,9674.13,0.00,0.00
54004.13,9674.13,0.00,0.00
54004.13,9674.13,0.00,0.00
54004.13,9674.13,0.00,0.00
54004.13,9674.13,0.00,0.00
54004.13,9674.13,0.00,0.00
54004.13,9674.13,0.00,0.00
54004.13,9674.13,0.00,0.00
54004.13,9674.13,0.00,0.00
54004.13,9674.13,0.00,0.00
54004.13,9674.13,0.00,0.00
54004.13,9674.13,0.00,0.00
54004.13,9674.13,0.00,0.00
54004.13,9674.13,0.00,0.00
54004.13,9674.13,0.00,0.00
54004.13,9674.13,0.00,0.00
54004.13,9674.13,0.00,0.00
54004.13,9674.13,0.00,0.00
54004.13,9674.13,0.00,0.00
54004.13,9674.13,0.00,0.00
54004.13,9674.13,0.00,0.00
54004.13,9674.13,0.00,0.00
54004.13,9674.13,0.00,0.00
54004.13,9674.13,0.00,0.00
54004.13,9674.13,0.00,0.00
54004.13,9674.13,0.00,0.00
54004.13,9674.13,0.00,0.00
54004.13,9674.13,0.00,0.00
54004.13,9674.13,0.00,0.00
54004.13,9674.13,0.00,0.00
54004.13,9674.13,0.00,0.00
54004.13,9674.13,0.00,0.00
54004.13,9674.13,0.00,0.00
54004.13,9674.13,0.00,0.00
54004.13,9674.13,0.00,0.00
54004.13,9674.13,0.00,0.00
54004.13,9674.13,0.00,0.00
54004.13,9674.13,0.00,0.00
54004.13,9674.13,0.00,0.00
54004.13,9674.13,0.00,0.00
54004.13,9674.13,0.00,0.00
54004.13,9674.13,0.00,0.00
54004.13,9674.13,0.00,0.00
54004.13,9674.13,0.00,0.00
54004.13,9674.13,0.00,0.00
54004.13,9674.13,0.00,0.00
54004.13,9674.13,0.00,0.00
54004.13,9674.13,0.00,0.00
54004.13,9674.13,0.00,0.00
54004.13,9674.13,0.00,0.00
54004.13,9674.13,0.00,0.00
54004.13,9674.13,0.00,0.00
54004.13,9674.13,0.00,0.00
54004.13,9674.13,0.00,0.00
54004.13,9674.13,0.00,0.00
54004.13,9674.13,0.00,0.00
54004.13,9674.13,0.00,0.00
54004.13,9674.13,0.00,0.00
54004.13,9674.13,0.00,0.00
54004.13,9674.13,0.00,0.00
54004.13,9674.13,0.00,0.00
54004.13,9674.13,0.00,0.00
54004.13,9674.13,0.00,0.00
54004.13,9674.13,0.00,0.00
54004.13,9674.13,0.00,0.00
54004.13,9674.13,0.00,0.00
54004.13,9674.13,0.00,0.00
54004.13,9674.13,0.00,0.00
54004.13,9674.13,0.00,0.00
54004.13,9674.13,0.00,0.00
54004.13,9674.13,0.00,0.00
54004.13,9674.13,0.00,0.00
54004.13,9674.13,0.00,0.00
54004.13,9674.13,0.00,0.00
54004.13,9674.13,0.00,0.00
54004.13,9674.13,0.00,0.00
54004.13,9674.13,0.00,0.00
54004.13,9674.13,0.00,0.00
54004.13,9674.13,0.00,0.00
54004.13,9674.13,0.00,0.00
54004.13,9674.13,0.00,0.00
54004.13,9674.13,0.00,0.00
54004.13,9674.13,0.00,0.00
54004.13,9674.13,0.00,0.00
54004.13,9674.13,0.00,0.00
54004.13,9674.13,0.00,0.00
54004.13,9674.13,0.00,0.00
54004.13,9674.13,0.00,0.00
54004.13,9674.13,0.00,0.00
54004.13,9674.13,0.00,0.00
54004.13,9674.13,0.00,0.00
54004.13,9674.13,0.00,0.00
54004.13,9674.13,0.00,0.00
54004.13,9674.13,0.00,0.00
54004.13,9674.13,0.00,0.00
54004.13,9674.13,0.00,0.00
54004.13,9674.13,0.00,0.00
54004.13,9674.13,0.00,0.00
54004.13,9674.13,0.00,0.00
54004.13,9674.13,0.00,0.00
54004.13,9674.13,0.00,0.00
54004.13,9674.13,0.00,0.00
54004.13,9674.13,0.00,0.00
54004.13,9674.13,0.00,0.00
54004.13,9674.13,0.00,0.00
54004.13,9674.13,0.00,0.00
54004.13,9674.13,0.00,0.00
54004.13,9674.13,0.00,0.00
54004.13,9674.13,0.00,0.00
54004.13,9674.13,0.00,0.00
54004.13,9674.13,0.00,0.00
54004.13,9674.13,0.00,0.00
54004.13,9674.13,0.00,0.00
54004.13,9674.13,0.00,0.00
54004.13,9674.13,0.00,0.00
54004.13,9674.13,0.00,0.00
54004.13,9674.13,0.00,0.00
54004.13,9674.13,0.00,0.00
54004.13,9674.13,0.00,0.00
54004.13,9674.13,0.00,0.00
54004.13,9674.13,0.00,0.00
54004.13,9674.13,0.00,0.00
54004.13,9674.13,0.00,0.00
54004.13,9674.13,0.00,0.00
54004.13,9674.13,0.00,0.00
54004.13,9674.13,0.00,0.00
54004.13,9674.13,0.00,0.00
54004.13,9674.13,0.00,0.00
54004.13,9674.13,0.00,0.00
54004.13,9674.13,0.00,0.00
54004.13,9674.13,0.00,0.00
54004.13,9674.13,0.00,0.00
54004.13,9674.13,0.00,0.00
54004.13,9674.13,0.00,0.00
54004.13,9674.13,0.00,0.00
54004.13,9674.13,0.00,0.00
54004.13,9674.13,0.00,0.00
54004.13,9674.13,0.00,0.00
54004.13,9674.13,0.00,0.00
54004.13,9674.13,0.00,0.00
54004.13,9674.13,0.00,0.00
54004.13,9674.13,0.00,0.00
54004.13,9674.13,0.00,0.00
54004.13,9674.13,0.00,0.00
54004.13,9674.13,0.00,0.00
54004.13,9674.13,0.00,0.00
54004.13,9674.13,0.00,0.00
54004.13,9674.13,0.00,0.00
54004.13,9674.13,0.00,0.00
54004.13,9674.13,0.00,0.00
54004.13,9674.13,0.00,0.00
54004.13,9674.13,0.00,0.00
54004.13,9674.13,0.00,0.00
54004.13,9674.13,0.00,0.00
54004.13,9674.13,0.00,0.00
54004.05,9674.06,-0.08,0.00
54003.89,9673.90,-0.16,0.00
54003.66,9673.66,-0.24,0.00
54003.34,9673.34,-0.32,0.00
54002.94,9672.94,-0.40,0.00
54002.46,9672.46,-0.48,0.00
54001.90,9671.90,-0.56,0.00
54001.26,9671.26,-0.64,0.00
54000.54,9670.54,-0.72,0.00
53999.74,9669.74,-0.80,0.00
53998.86,9668.86,-0.88,0.00
53997.90,9667.90,-0.96,0.00
53996.86,9666.86,-1.04,0.00
53995.74,9665.74,-1.12,0.00
53994.54,9664.54,-1.20,0.00
53993.26,9664.00,-1.28,0.00
53991.90,9664.00,-1.36,0.00
53990.46,9664.00,-1.44,0.00
53988.94,9664.00,-1.52,0.00
53987.34,9664.00,-1.60,0.00
53985.66,9664.00,-1.68,0.00
53983.89,9664.00,-1.76,0.00
53982.05,9664.00,-1.84,0.00
53980.13,9664.00,-1.92,0.00
53978.13,9664.00,-2.00,0.00
53976.05,9662.06,-2.08,0.00
53973.89,9659.90,-2.16,0.00
53971.66,9657.66,-2.24,0.00
53969.34,9655.34,-2.32,0.00
53966.94,9652.94,-2.40,0.00
53964.46,9650.46,-2.48,0.00
53961.90,9648.00,-2.56,0.00
53959.26,9648.00,-2.64,0.00
53956.54,9648.00,-2.72,0.00
53953.74,9648.00,-2.80,0.00
53950.86,9648.00,-2.88,0.00
53947.90,9648.00,-2.96,0.00
53944.86,9646.86,-3.04,0.00
53942.02,9644.02,-2.84,0.00
53939.10,9641.10,-2.92,0.00
53936.10,9638.10,-3.00,0.00
53933.02,9635.02,-3.08,0.00
53930.14,9632.14,-2.88,0.00
53927.18,9632.00,-2.96,0.00
53924.14,9632.00,-3.04,0.00
53921.30,9632.00,-2.84,0.00
53918.38,9632.00,-2.92,0.00
53915.38,9632.00,-3.00,0.00
53912.30,9632.00,-3.08,0.00
53909.42,9632.00,-2.88,0.00
53906.46,9632.00,-2.96,0.00
53903.42,9632.00,-3.04,0.00
53900.58,9632.00,-2.84,0.00
53897.66,9632.00,-2.92,0.00
53894.66,9632.00,-3.00,0.00
53891.58,9632.00,-3.08,0.00
53888.70,9632.00,-2.88,0.00
53885.74,9632.00,-2.96,0.00
53882.70,9632.00,-3.04,0.00
53879.86,9632.00,-2.84,0.00
53876.94,9632.00,-2.92,0.00
53873.94,9632.00,-3.00,0.00
53870.86,9632.00,-3.08,0.00
53867.98,9632.00,-2.88,0.00
53865.02,9632.00,-2.96,0.00
53861.98,9632.00,-3.04,0.00
53859.14,9632.00,-2.84,0.00
53856.22,9632.00,-2.92,0.00
53853.22,9632.00,-3.00,0.00
53850.14,9632.00,-3.08,0.00
53847.27,9632.00,-2.88,0.00
53844.30,9632.00,-2.96,0.00
53841.27,9632.00,-3.04,0.00
53838.43,9632.00,-2.84,0.00
53835.50,9632.00,-2.92,0.00
53832.50,9632.00,-3.00,0.00
53829.43,9632.00,-3.08,0.00
53826.55,9632.00,-2.88,0.00
53823.59,9632.00,-2.96,0.00
53820.55,9632.00,-3.04,0.00
53817.71,9632.00,-2.84,0.00
53814.79,9632.00,-2.92,0.00
53811.79,9632.00,-3.00,0.00
53808.71,9632.00,-3.08,0.00
53805.83,9632.00,-2.88,0.00
53802.87,9632.00,-2.96,0.00
53799.83,9632.00,-3.04,0.00
53796.99,9632.00,-2.84,0.00
53794.07,9632.00,-2.92,0.00
53791.07,9632.00,-3.00,0.00
53787.99,9632.00,-3.08,0.00
53785.11,9632.00,-2.88,0.00
53782.15,9632.00,-2.96,0.00
53779.11,9632.00,-3.04,0.00
53776.27,9632.00,-2.84,0.00
53773.35,9632.00,-2.92,0.00
53770.35,9632.00,-3.00,0.00
53767.27,9632.00,-3.08,0.00
53764.39,9632.00,-2.88,0.00
53761.43,9632.00,-2.96,0.00
53758.39,9632.00,-3.04,0.00
53755.55,9632.00,-2.84,0.00
53752.63,9632.00,-2.92,0.00
53749.91,9632.00,-2.72,0.00
53747.39,9632.00,-2.52,0.00
53745.07,9632.00,-2.32,0.00
53742.95,9632.00,-2.12,0.00
53741.03,9632.00,-1.92,0.00
53739.31,9632.00,-1.72,0.00
53737.79,9632.00,-1.52,0.00
53736.47,9632.00,-1.32,0.00
53735.35,9632.00,-1.12,0.00
53734.43,9632.00,-0.92,0.00
53733.71,9632.00,-0.72,0.00
53733.19,9632.00,-0.52,0.00
53732.87,9627.39,-0.32,-4.61
53732.65,9626.01,-0.22,-1.38
53732.53,9626.01,-0.12,0.00
53732.51,9626.41,-0.02,0.40
53732.51,9627.21,0.00,0.80
53732.51,9628.41,0.00,1.20
53732.51,9630.01,0.00,1.60
53732.51,9632.00,0.00,1.99
53732.51,9632.00,0.00,0.00
53732.51,9632.00,0.00,0.00
53732.51,9632.00,0.00,0.00
53732.51,9632.00,0.00,0.00
53732.51,9632.00,0.00,0.00
53732.51,9632.00,0.00,0.00
53732.51,9632.00,0.00,0.00
53732.43,9632.00,-0.08,0.00
53732.27,9632.00,-0.16,0.00
53732.03,9632.00,-0.24,0.00
53731.71,9632.00,-0.32,0.00
53731.31,9632.00,-0.40,0.00
53730.83,9632.00,-0.48,0.00
53730.27,9632.00,-0.56,0.00
53729.63,9632.00,-0.64,0.00
53728.91,9632.00,-0.72,0.00
53728.11,9632.00,-0.80,0.00
53727.23,9632.00,-0.88,0.00
53726.27,9632.00,-0.96,0.00
53725.23,9632.00,-1.04,0.00
53724.11,9632.00,-1.12,0.00
53722.91,9632.00,-1.20,0.00
53721.63,9632.00,-1.28,0.00
53720.27,9632.00,-1.36,0.00
53718.83,9632.00,-1.44,0.00
53717.31,9632.00,-1.52,0.00
53715.71,9632.00,-1.60,0.00
53714.03,9632.00,-1.68,0.00
53712.27,9632.00,-1.76,0.00
53710.43,9632.00,-1.84,0.00
53708.51,9632.00,-1.92,0.00
53706.79,9632.00,-1.72,0.00
53706.00,9632.00,-0.79,0.00
53706.00,9632.00,0.00,0.00
53706.00,9627.39,0.00,-4.61
53706.00,9622.78,0.00,-4.61
53706.00,9618.17,0.00,-4.61
53706.00,9613.56,0.00,-4.61
53706.00,9608.95,0.00,-4.61
53706.00,9604.34,0.00,-4.61
53706.00,9599.73,0.00,-4.61
53706.00,9595.12,0.00,-4.61
53706.00,9590.51,0.00,-4.61
53706.00,9585.90,0.00,-4.61
53706.00,9581.29,0.00,-4.61
53706.00,9576.68,0.00,-4.61
53706.00,9572.07,0.00,-4.61
53706.00,9567.46,0.00,-4.61
53706.00,9562.85,0.00,-4.61
53706.00,9558.23,0.00,-4.61
53706.00,9554.02,0.00,-4.21
53705.92,9550.22,-0.08,-3.81
53705.76,9546.81,-0.16,-3.41
53705.52,9543.80,-0.24,-3.01
53705.20,9541.19,-0.32,-2.61
53704.80,9538.98,-0.40,-2.21
53704.32,9537.17,-0.48,-1.81
53703.77,9535.76,-0.56,-1.41
53703.12,9534.75,-0.64,-1.01
53702.41,9534.14,-0.72,-0.61
53701.61,9533.93,-0.80,-0.21
53700.73,9534.12,-0.88,0.19
53699.77,9534.71,-0.96,0.59
53698.73,9535.70,-1.04,0.99
53697.61,9537.09,-1.12,1.39
53696.41,9538.88,-1.20,1.79
53695.12,9541.07,-1.28,2.19
53693.77,9543.66,-1.36,2.59
53692.32,9546.65,-1.44,2.99
53690.80,9550.04,-1.52,3.39
53689.20,9551.20,-1.60,0.00
53687.52,9549.52,-1.68,0.00
53685.76,9547.76,-1.76,0.00
53683.92,9545.92,-1.84,0.00
53682.28,9544.28,-1.64,0.00
53680.84,9542.84,-1.44,0.00
53679.60,9541.60,-1.24,0.00
53678.56,9540.56,-1.04,0.00
53677.72,9539.72,-0.84,0.00
53677.08,9539.08,-0.64,0.00
53676.64,9538.64,-0.44,0.00
53676.40,9538.40,-0.24,0.00
53676.36,9538.36,-0.04,0.00
53676.36,9538.36,0.00,0.00
53676.36,9538.36,0.00,0.00
53676.44,9538.44,0.08,0.00
53676.60,9538.60,0.16,0.00
53676.84,9538.84,0.24,0.00
53677.16,9539.16,0.32,0.00
53677.56,9539.56,0.40,0.00
53678.04,9540.04,0.48,0.00
53678.60,9540.60,0.56,0.00
53679.24,9541.24,0.64,0.00
53679.96,9541.96,0.72,0.00
53680.48,9542.48,0.52,0.00
53680.80,9542.80,0.32,0.00
53680.92,9542.92,0.12,0.00
53680.92,9542.92,0.00,0.00
53680.92,9542.92,0.00,0.00
53680.92,9542.92,0.00,0.00
53680.92,9542.92,0.00,0.00
53680.92,9542.92,0.00,0.00
53680.92,9542.92,0.00,0.00
53680.92,9542.92,0.00,0.00
53680.92,9542.92,0.00,0.00
53680.92,9542.92,0.00,0.00
53680.92,9542.92,0.00,0.00
53680.92,9542.92,0.00,0.00
53680.92,9542.92,0.00,0.00
53681.00,9543.00,0.08,0.00
53681.16,9543.16,0.16,0.00
53681.39,9543.40,0.24,0.00
53681.71,9543.72,0.32,0.00
53682.11,9544.11,0.40,0.00
53682.59,9544.59,0.48,0.00
53683.15,9539.98,0.56,-4.61
53683.79,9535.37,0.64,-4.61
53684.51,9530.76,0.72,-4.61
53685.31,9526.15,0.80,-4.61
53686.19,9521.54,0.88,-4.61
53687.15,9516.93,0.96,-4.61
53688.19,9512.32,1.04,-4.61
53689.31,9507.71,1.12,-4.61
53690.51,9503.10,1.20,-4.61
53691.79,9498.49,1.28,-4.61
53693.15,9493.88,1.36,-4.61
53694.59,9489.27,1.44,-4.61
53696.11,9484.66,1.52,-4.61
53697.71,9480.45,1.60,-4.21
53699.39,9476.64,1.68,-3.81
53701.16,9473.23,1.76,-3.41
53703.00,9470.22,1.84,-3.01
53704.92,9467.61,1.92,-2.61
53706.92,9465.40,2.00,-2.21
53709.00,9463.59,2.08,-1.81
53710.98,9462.18,1.98,-1.41
53712.86,9461.17,1.88,-1.01
53714.64,9460.56,1.78,-0.61
53716.32,9460.35,1.68,-0.21
53717.89,9460.54,1.58,0.19
53719.38,9461.13,1.48,0.59
53720.75,9462.12,1.38,0.99
53722.04,9463.51,1.28,1.39
53723.21,9465.30,1.18,1.79
53724.48,9467.49,1.26,2.19
53725.82,9470.08,1.34,2.59
53727.24,9473.07,1.42,2.99
53728.74,9476.46,1.50,3.39
53730.32,9480.25,1.58,3.79
53731.98,9484.44,1.66,4.19
53733.71,9489.03,1.74,4.59
53735.54,9486.47,1.82,0.00
53737.43,9484.57,1.90,0.00
53739.41,9482.59,1.98,0.00
53741.20,9480.81,1.78,0.00
53742.77,9479.23,1.58,0.00
53744.15,9477.85,1.38,0.00
53745.33,9476.67,1.18,0.00
53746.31,9475.69,0.98,0.00
53747.09,9474.91,0.78,0.00
53747.67,9474.33,0.58,0.00
53748.05,9473.95,0.38,0.00
53748.23,9473.77,0.18,0.00
53748.23,9473.77,0.00,0.00
53748.23,9473.77,0.00,0.00
53748.23,9473.77,0.00,0.00
53748.15,9473.85,-0.08,0.00
53747.99,9474.01,-0.16,0.00
53747.75,9474.25,-0.24,0.00
53747.43,9474.57,-0.32,0.00
53747.04,9474.97,-0.40,0.00
53746.55,9475.45,-0.48,0.00
53746.00,9476.00,-0.56,0.00
53745.36,9476.65,-0.64,0.00
53744.64,9477.36,-0.72,0.00
53743.84,9478.16,-0.80,0.00
53742.96,9479.04,-0.88,0.00
53742.00,9480.00,-0.96,0.00
53740.96,9481.04,-1.04,0.00
53739.84,9482.16,-1.12,0.00
53738.64,9483.36,-1.20,0.00
53737.36,9484.65,-1.28,0.00
53736.00,9485.05,-1.36,0.40
53734.55,9485.85,-1.44,0.80
53733.04,9487.05,-1.52,1.20
53731.43,9488.65,-1.60,1.60
53729.75,9484.03,-1.68,-4.61
53727.99,9479.42,-1.76,-4.61
53726.15,9474.81,-1.84,-4.61
53724.23,9470.20,-1.92,-4.61
53722.23,9465.59,-2.00,-4.61
53720.15,9460.98,-2.08,-4.61
53717.99,9456.37,-2.16,-4.61
53715.75,9451.76,-2.24,-4.61
53713.43,9447.15,-2.32,-4.61
53711.04,9442.54,-2.40,-4.61
53708.55,9437.93,-2.48,-4.61
53706.00,9433.32,-2.56,-4.61
53703.36,9429.11,-2.64,-4.21
53700.64,9425.30,-2.72,-3.81
53697.84,9421.89,-2.80,-3.41
53694.96,9418.88,-2.88,-3.01
53692.00,9416.27,-2.96,-2.61
53688.96,9414.06,-3.04,-2.21
53686.02,9412.25,-2.94,-1.81
53683.00,9410.84,-3.02,-1.41
53680.07,9409.83,-2.92,-1.01
53677.07,9409.22,-3.00,-0.61
53674.00,9409.01,-3.08,-0.21
53671.02,9409.20,-2.98,0.19
53667.96,9409.79,-3.06,0.59
53665.00,9410.78,-2.96,0.99
53661.96,9412.17,-3.04,1.39
53659.02,9413.96,-2.94,1.79
53658.00,9416.15,-1.02,2.19
53658.00,9418.74,0.00,2.59
53658.00,9421.73,0.00,2.99
53658.00,9425.12,0.00,3.39
53658.00,9428.91,0.00,3.79
53658.00,9433.10,0.00,4.19
53658.00,9437.69,0.00,4.59
53658.00,9442.68,0.00,4.99
53658.00,9448.07,0.00,5.39
53658.08,9453.86,0.08,5.79
53658.24,9460.05,0.16,6.19
53658.48,9466.64,0.24,6.59
53658.80,9473.63,0.32,6.99
53659.20,9481.02,0.40,7.39
53659.68,9488.81,0.48,7.79
53660.23,9497.00,0.56,8.19
53660.88,9505.59,0.64,8.59
53661.59,9514.58,0.72,8.99
53662.39,9523.97,0.80,9.39
53663.27,9533.76,0.88,9.79
53664.23,9536.00,0.96,2.24
53665.27,9536.00,1.04,0.00
53666.39,9536.00,1.12,0.00
53667.59,9536.00,1.20,0.00
53668.88,9536.00,1.28,0.00
53670.23,9536.00,1.36,0.00
53671.68,9536.00,1.44,0.00
53673.20,9536.00,1.52,0.00
53674.80,9536.80,1.60,0.00
53676.48,9538.48,1.68,0.00
53678.24,9540.24,1.76,0.00
53680.08,9542.08,1.84,0.00
53682.00,9544.00,1.92,0.00
53684.00,9546.00,2.00,0.00
53686.08,9548.08,2.08,0.00
53688.24,9548.48,2.16,0.40
53690.48,9549.28,2.24,0.80
53692.80,9550.48,2.32,1.20
53695.20,9552.00,2.40,1.52
53697.68,9552.00,2.48,0.00
53700.23,9552.00,2.56,0.00
53702.88,9552.00,2.64,0.00
53705.32,9552.00,2.44,0.00
53707.55,9552.40,2.24,0.40
53709.52,9553.20,1.96,0.80
53711.20,9554.40,1.68,1.20
53712.59,9556.00,1.40,1.60
53713.71,9558.00,1.12,2.00
53714.55,9560.40,0.84,2.40
53715.11,9563.20,0.56,2.80
53715.39,9566.40,0.28,3.20
53715.39,9570.00,-0.00,3.60
53715.32,9574.00,-0.08,4.00
53715.16,9578.40,-0.16,4.40
53714.92,9583.20,-0.24,4.80
53714.60,9588.40,-0.32,5.20
53714.20,9594.00,-0.40,5.60
53713.90,9600.00,-0.30,6.00
53713.70,9606.40,-0.20,6.40
53713.60,9613.20,-0.10,6.80
53713.60,9620.40,-0.00,7.20
53713.60,9628.00,0.00,7.60
53713.68,9632.00,0.08,4.00
53713.84,9632.00,0.16,0.00
53714.07,9632.00,0.24,0.00
53714.39,9632.00,0.32,0.00
53714.79,9632.00,0.40,0.00
53715.27,9632.00,0.48,0.00
53715.83,9632.00,0.56,0.00
53716.47,9632.00,0.64,0.00
53717.19,9632.00,0.72,0.00
53717.99,9632.00,0.80,0.00
53718.87,9632.00,0.88,0.00
53719.83,9632.00,0.96,0.00
53720.87,9632.00,1.04,0.00
53721.99,9632.00,1.12,0.00
53723.19,9632.00,1.20,0.00
53724.47,9632.00,1.28,0.00
53725.83,9632.00,1.36,0.00
53727.27,9632.00,1.44,0.00
53728.79,9632.00,1.52,0.00
53730.39,9632.00,1.60,0.00
53732.07,9632.00,1.68,0.00
53733.84,9632.00,1.76,0.00
53735.68,9632.00,1.84,0.00
53737.60,9632.00,1.92,0.00
53739.60,9632.00,2.00,0.00
53741.68,9632.00,2.08,0.00
53743.84,9632.00,2.16,0.00
53746.07,9632.00,2.24,0.00
53748.39,9632.00,2.32,0.00
53750.79,9632.00,2.40,0.00
53753.27,9632.00,2.48,0.00
53755.83,9632.00,2.56,0.00
53758.47,9632.00,2.64,0.00
53761.19,9632.00,2.72,0.00
53763.99,9632.00,2.80,0.00
53766.87,9632.00,2.88,0.00
53769.83,9632.00,2.96,0.00
53772.87,9632.00,3.04,0.00
53775.71,9632.00,2.84,0.00
53778.63,9632.00,2.92,0.00
53781.63,9632.00,3.00,0.00
53784.71,9632.00,3.08,0.00
53787.59,9632.00,2.88,0.00
53790.55,9632.00,2.96,0.00
53793.59,9632.00,3.04,0.00
53796.43,9632.00,2.84,0.00
53799.35,9632.00,2.92,0.00
53802.35,9632.00,3.00,0.00
53805.43,9632.00,3.08,0.00
53808.31,9632.00,2.88,0.00
53811.27,9632.00,2.96,0.00
53814.31,9632.00,3.04,0.00
53817.15,9632.00,2.84,0.00
53820.07,9632.00,2.92,0.00
53823.07,9632.00,3.00,0.00
53826.15,9632.00,3.08,0.00
53829.03,9632.00,2.88,0.00
53831.99,9632.00,2.96,0.00
53835.03,9632.00,3.04,0.00
53837.87,9632.00,2.84,0.00
53840.79,9632.00,2.92,0.00
53843.79,9632.00,3.00,0.00
53846.87,9632.00,3.08,0.00
53849.75,9632.00,2.88,0.00
53852.71,9632.00,2.96,0.00
53855.75,9632.00,3.04,0.00
53858.59,9632.00,2.84,0.00
53861.51,9632.00,2.92,0.00
53864.51,9632.00,3.00,0.00
53867.59,9632.00,3.08,0.00
53870.46,9632.00,2.88,0.00
53873.43,9632.00,2.96,0.00
53876.46,9632.00,3.04,0.00
53879.30,9632.00,2.84,0.00
53882.23,9632.00,2.92,0.00
53885.23,9632.00,3.00,0.00
53888.30,9632.00,3.08,0.00
53891.18,9632.00,2.88,0.00
53894.14,9632.00,2.96,0.00
53897.18,9632.00,3.04,0.00
53900.02,9632.00,2.84,0.00
53902.95,9632.00,2.92,0.00
53905.95,9632.00,3.00,0.00
53909.02,9632.00,3.08,0.00
53911.90,9632.00,2.88,0.00
53914.86,9632.00,2.96,0.00
53917.90,9632.00,3.04,0.00
53920.74,9632.00,2.84,0.00
53923.66,9632.00,2.92,0.00
53926.66,9632.00,3.00,0.00
53929.74,9632.00,3.08,0.00
53932.62,9634.62,2.88,0.00
53935.58,9637.58,2.96,0.00
53938.62,9640.62,3.04,0.00
53941.46,9643.46,2.84,0.00
53944.38,9646.38,2.92,0.00
53947.38,9648.00,3.00,1.62
53950.46,9648.00,3.08,0.00
53953.34,9648.00,2.88,0.00
53956.30,9648.00,2.96,0.00
53959.34,9648.00,3.04,0.00
53962.18,9648.18,2.84,0.00
53965.10,9651.10,2.92,0.00
53968.10,9654.10,3.00,0.00
53971.18,9657.18,3.08,0.00
53974.06,9660.06,2.88,0.00
53977.02,9660.46,2.96,0.40
53980.06,9661.26,3.04,0.80
53983.00,9662.46,2.94,1.20
53986.02,9664.00,3.02,1.54
53988.94,9664.00,2.92,0.00
53991.94,9664.00,3.00,0.00
53995.02,9665.02,3.08,0.00
53997.90,9667.90,2.88,0.00
54000.86,9670.86,2.96,0.00
54003.90,9673.90,3.04,0.00
54006.74,9676.74,2.84,0.00
54009.66,9677.14,2.92,0.40
54012.66,9677.94,3.00,0.80
54015.74,9679.14,3.08,1.20
54018.72,9680.00,2.98,0.86
54021.78,9680.00,3.06,0.00
54024.64,9680.00,2.86,0.00
54027.58,9688.00,2.94,0.00
54030.60,9688.00,3.02,0.00
54033.42,9688.00,2.82,0.00
54036.32,9688.00,2.90,0.00
54039.30,9688.00,2.98,0.00
54042.08,9696.00,2.78,0.00
54044.66,9696.00,2.58,0.00
54047.04,9696.00,2.38,0.00
54049.21,9696.00,2.18,0.00
54051.20,9696.00,1.98,0.00
54052.98,9696.00,1.78,0.00
54054.55,9696.00,1.58,0.00
54055.93,9696.00,1.38,0.00
54057.11,9696.00,1.18,0.00
54058.09,9696.00,0.98,0.00
54058.88,9696.00,0.78,0.00
54059.45,9696.00,0.58,0.00
54059.83,9696.00,0.38,0.00
54060.01,9696.00,0.18,0.00
54060.01,9696.00,0.00,0.00
54060.01,9696.00,0.00,0.00
54060.01,9696.00,0.00,0.00
54060.01,9696.00,0.00,0.00
54060.01,9696.00,0.00,0.00
54060.01,9696.00,0.00,0.00
54060.01,9696.00,0.00,0.00
54060.01,9696.00,0.00,0.00
54060.01,9696.00,0.00,0.00
54060.01,9696.00,0.00,0.00
54060.01,9696.00,0.00,0.00
54060.01,9696.00,0.00,0.00
54060.01,9696.00,0.00,0.00
54060.01,9696.00,0.00,0.00
54060.01,9696.00,0.00,0.00
54060.01,9696.00,0.00,0.00
54060.01,9696.00,0.00,0.00
54060.01,9696.00,0.00,0.00
54060.01,9696.00,0.00,0.00
54060.01,9696.00,0.00,0.00
54060.01,9696.00,0.00,0.00
54060.01,9696.00,0.00,0.00
54060.01,9696.00,0.00,0.00
54060.01,9696.00,0.00,0.00
54060.01,9696.00,0.00,0.00
54060.01,9696.00,0.00,0.00
54060.01,9696.00,0.00,0.00
54060.09,9696.00,0.08,0.00
54060.25,9696.00,0.16,0.00
54060.49,9696.00,0.24,0.00
54060.81,9696.00,0.32,0.00
54061.21,9696.00,0.40,0.00
54061.69,9696.00,0.48,0.00
54062.25,9696.00,0.56,0.00
54062.89,9696.00,0.64,0.00
54063.61,9696.00,0.72,0.00
54064.41,9696.00,0.80,0.00
54065.29,9696.00,0.88,0.00
54066.25,9696.00,0.96,0.00
54067.29,9696.00,1.04,0.00
54068.41,9696.00,1.12,0.00
54069.61,9696.00,1.20,0.00
54070.89,9696.00,1.28,0.00
54072.25,9696.00,1.36,0.00
54073.69,9696.00,1.44,0.00
54074.93,9696.00,1.24,0.00
54075.96,9696.00,1.04,0.00
54076.80,9696.00,0.84,0.00
54077.45,9696.00,0.64,0.00
54077.89,9696.00,0.44,0.00
54078.12,9696.00,0.24,0.00
54078.16,9696.00,0.04,0.00
54078.16,9696.00,0.00,0.00
54078.16,9696.00,0.00,0.00
54078.16,9696.00,0.00,0.00
54078.16,9696.00,0.00,0.00
54078.16,9696.00,0.00,0.00
54078.16,9696.00,0.00,0.00
54078.16,9696.00,0.00,0.00
54078.16,9696.00,0.00,0.00
54078.16,9696.00,0.00,0.00
54078.16,9696.00,0.00,0.00
54078.16,9696.00,0.00,0.00
54078.16,9696.00,0.00,0.00
54078.16,9696.00,0.00,0.00
54078.16,9696.00,0.00,0.00
54078.16,9696.00,0.00,0.00
54078.16,9696.00,0.00,0.00
54078.16,9696.00,0.00,0.00
54078.16,9696.00,0.00,0.00
54078.16,9696.00,0.00,0.00
54078.16,9696.00,0.00,0.00
54078.16,9696.00,0.00,0.00
54078.16,9696.00,0.00,0.00
54078.16,9696.00,0.00,0.00
54078.16,9696.00,0.00,0.00
54078.16,9696.00,0.00,0.00
54078.16,9696.00,0.00,0.00
54078.16,9696.00,0.00,0.00
54078.16,9696.00,0.00,0.00
54078.16,9696.00,0.00,0.00
54078.16,9696.00,0.00,0.00
54078.16,9696.00,0.00,0.00
54078.16,9696.00,0.00,0.00
54078.16,9696.00,0.00,0.00
54078.16,9696.00,0.00,0.00
54078.16,9696.00,0.00,0.00
54078.16,9696.00,0.00,0.00
54078.16,9696.00,0.00,0.00
54078.16,9696.00,0.00,0.00
54078.16,9696.00,0.00,0.00
54078.16,9696.00,0.00,0.00
54078.16,9696.00,0.00,0.00
54078.16,9696.00,0.00,0.00
54078.16,9696.00,0.00,0.00
54078.16,9696.00,0.00,0.00
54078.16,9696.00,0.00,0.00
54078.16,9696.00,0.00,0.00
54078.16,9696.00,0.00,0.00
54078.16,9696.00,0.00,0.00
54078.16,9696.00,0.00,0.00
54078.16,9696.00,0.00,0.00
54078.16,9696.00,0.00,0.00
54078.16,9696.00,0.00,0.00
54078.16,9696.00,0.00,0.00
54078.16,9696.00,0.00,0.00
54078.16,9696.00,0.00,0.00
54078.16,9696.00,0.00,0.00
54078.09,9696.00,-0.08,0.00
54077.93,9696.00,-0.16,0.00
54077.69,9696.00,-0.24,0.00
54077.37,9696.00,-0.32,0.00
54076.97,9696.00,-0.40,0.00
54076.49,9696.00,-0.48,0.00
54075.93,9696.00,-0.56,0.00
54075.29,9696.00,-0.64,0.00
54074.57,9696.00,-0.72,0.00
54073.77,9696.00,-0.80,0.00
54073.17,9696.00,-0.60,0.00
54072.77,9696.00,-0.40,0.00
54072.57,9696.00,-0.20,0.00
54072.57,9696.00,0.00,0.00
54072.57,9696.00,0.00,0.00
54072.57,9696.00,0.00,0.00
54072.57,9696.00,0.00,0.00
54072.57,9696.00,0.00,0.00
54072.57,9696.00,0.00,0.00
54072.57,9696.00,0.00,0.00
54072.57,9696.00,0.00,0.00
54072.57,9696.00,0.00,0.00
54072.57,9696.00,0.00,0.00
54072.57,9696.00,0.00,0.00
54072.57,9696.00,0.00,0.00
54072.57,9696.00,0.00,0.00
54072.57,9696.00,0.00,0.00
54072.57,9696.00,0.00,0.00
54072.57,9696.00,0.00,0.00
54072.57,9696.00,0.00,0.00
54072.57,9696.00,0.00,0.00
54072.57,9696.00,0.00,0.00
54072.57,9696.00,0.00,0.00
54072.57,9696.00,0.00,0.00
54072.57,9696.00,0.00,0.00
54072.57,9696.00,0.00,0.00
54072.57,9696.00,0.00,0.00
54072.57,9696.00,0.00,0.00
54072.57,9696.00,0.00,0.00
54072.57,9696.00,0.00,0.00
54072.57,9696.00,0.00,0.00
54072.57,9696.00,0.00,0.00
54072.57,9696.00,0.00,0.00
54072.57,9696.00,0.00,0.00
54072.57,9696.00,0.00,0.00
54072.57,9696.00,0.00,0.00
54072.57,9696.00,0.00,0.00
54072.57,9696.00,0.00,0.00
54072.57,9696.00,0.00,0.00
54072.57,9696.00,0.00,0.00
54072.57,9696.00,0.00,0.00
54072.57,9696.00,0.00,0.00
54072.57,9696.00,0.00,0.00
54072.57,9696.00,0.00,0.00
54072.57,9696.00,0.00,0.00
54072.57,9696.00,0.00,0.00
54072.57,9696.00,0.00,0.00
54072.57,9696.00,0.00,0.00
54072.57,9696.00,0.00,0.00
54072.57,9696.00,0.00,0.00
54072.57,9696.00,0.00,0.00
54072.57,9696.00,0.00,0.00
54072.57,9696.00,0.00,0.00
54072.57,9696.00,0.00,0.00
54072.57,9696.00,0.00,0.00
54072.57,9696.00,0.00,0.00
54072.57,9696.00,0.00,0.00
54072.57,9696.00,0.00,0.00
54072.57,9696.00,0.00,0.00
54072.57,9696.00,0.00,0.00
54072.57,9696.00,0.00,0.00
54072.57,9696.00,0.00,0.00
54072.57,9696.00,0.00,0.00
54072.57,9696.00,0.00,0.00
54072.57,9696.00,0.00,0.00
54072.57,9696.00,0.00,0.00
54072.57,9696.00,0.00,0.00
54072.57,9696.00,0.00,0.00
54072.57,9696.00,0.00,0.00
54072.57,9696.00,0.00,0.00
54072.57,9696.00,0.00,0.00
54072.57,9696.00,0.00,0.00
54072.57,9696.00,0.00,0.00
54072.57,9696.00,0.00,0.00
54072.57,9696.00,0.00,0.00
54072.57,9696.00,0.00,0.00
54072.57,9696.00,0.00,0.00
54072.57,9696.00,0.00,0.00
54072.57,9696.00,0.00,0.00
54072.57,9696.00,0.00,0.00
54072.57,9696.00,0.00,0.00
54072.57,9696.00,0.00,0.00
54072.57,9696.00,0.00,0.00
54072.57,9696.00,0.00,0.00
54072.57,9696.00,0.00,0.00
54072.57,9696.00,0.00,0.00
54072.57,9696.00,0.00,0.00
54072.57,9696.00,0.00,0.00
54072.57,9696.00,0.00,0.00
54072.57,9696.00,0.00,0.00
54072.57,9696.00,0.00,0.00
54072.57,9696.00,0.00,0.00
54072.57,9696.00,0.00,0.00
54072.65,9696.00,0.08,0.00
54072.81,9696.00,0.16,0.00
54073.05,9696.00,0.24,0.00
54073.37,9696.00,0.32,0.00
54073.77,9696.00,0.40,0.00
54074.25,9696.00,0.48,0.00
54074.80,9696.00,0.56,0.00
54075.45,9696.00,0.64,0.00
54076.16,9696.00,0.72,0.00
54076.96,9696.00,0.80,0.00
54077.84,9696.00,0.88,0.00
54078.80,9696.00,0.96,0.00
54079.84,9696.00,1.04,0.00
54080.96,9696.00,1.12,0.00
54082.16,9696.00,1.20,0.00
54083.45,9696.00,1.28,0.00
54084.80,9696.00,1.36,0.00
54086.25,9696.00,1.44,0.00
54087.77,9696.00,1.52,0.00
54089.37,9696.00,1.60,0.00
54091.05,9696.00,1.68,0.00
54092.81,9696.00,1.76,0.00
54094.65,9696.00,1.84,0.00
54096.57,9696.00,1.92,0.00
54098.57,9696.00,2.00,0.00
54100.65,9696.00,2.08,0.00
54102.81,9696.00,2.16,0.00
54105.05,9696.00,2.24,0.00
54107.37,9697.37,2.32,0.00
54109.77,9699.77,2.40,0.00
54112.25,9702.25,2.48,0.00
54114.80,9704.81,2.56,0.00
54117.45,9707.45,2.64,0.00
54120.16,9710.16,2.72,0.00
54122.96,9710.56,2.80,0.40
54125.84,9711.36,2.88,0.80
54128.80,9712.00,2.96,0.64
54131.84,9712.00,3.04,0.00
54134.68,9712.00,2.84,0.00
54137.61,9712.00,2.92,0.00
54140.61,9728.00,3.00,0.00
54143.68,9728.00,3.08,0.00
54146.56,9728.00,2.88,0.00
54149.52,9728.00,2.96,0.00
54152.56,9728.00,3.04,0.00
54155.40,9736.00,2.84,0.00
54158.32,9736.00,2.92,0.00
54161.32,9736.00,3.00,0.00
54164.40,9736.00,3.08,0.00
54167.28,9736.00,2.88,0.00
54170.24,9744.00,2.96,0.00
54173.28,9744.00,3.04,0.00
54176.12,9744.00,2.84,0.00
54179.04,9744.00,2.92,0.00
54182.04,9744.00,3.00,0.00
54185.12,9744.00,3.08,0.00
54188.00,9760.00,2.88,0.00
54190.96,9760.00,2.96,0.00
54194.00,9760.00,3.04,0.00
54196.84,9760.00,2.84,0.00
54199.76,9760.00,2.92,0.00
54202.76,9760.40,3.00,0.40
54205.84,9761.20,3.08,0.80
54208.82,9762.40,2.98,1.20
54211.88,9764.00,3.06,1.60
54214.84,9766.00,2.96,2.00
54217.88,9768.40,3.04,2.40
54220.82,9771.20,2.94,2.80
54223.84,9774.40,3.02,3.20
54226.76,9778.00,2.92,3.60
54229.76,9782.00,3.00,4.00
54232.84,9786.40,3.08,4.40
54235.82,9791.20,2.98,4.80
54238.88,9796.40,3.06,5.20
54241.84,9802.00,2.96,5.60
54244.88,9808.00,3.04,6.00
54247.82,9814.40,2.94,6.40
54250.84,9821.20,3.02,6.80
54253.76,9828.40,2.92,7.20
54256.76,9836.00,3.00,7.60
54259.84,9844.00,3.08,8.00
54262.82,9852.40,2.98,8.40
54265.88,9861.20,3.06,8.80
54268.84,9870.40,2.96,9.20
54271.70,9880.00,2.86,9.60
54274.46,9890.00,2.76,10.00
54277.12,9900.01,2.66,10.01
54279.50,9910.02,2.38,10.01
54281.60,9920.03,2.10,10.01
54283.42,9930.04,1.82,10.01
54284.96,9940.05,1.54,10.01
54286.22,9950.06,1.26,10.01
54287.20,9960.07,0.98,10.01
54287.90,9970.08,0.70,10.01
54288.32,9980.09,0.42,10.01
54288.46,9990.10,0.14,10.01
54288.52,10000.11,0.06,10.01
54288.50,10010.12,-0.02,10.01
54288.40,10020.13,-0.10,10.01
54288.22,10030.14,-0.18,10.01
54287.96,10040.15,-0.26,10.01
54287.62,10048.00,-0.34,7.85
54287.20,10048.00,-0.42,0.00
54286.70,10048.00,-0.50,0.00
54286.12,10048.00,-0.58,0.00
54285.46,10048.00,-0.66,0.00
54284.72,10048.00,-0.74,0.00
54283.90,10048.00,-0.82,0.00
54283.28,10048.00,-0.62,0.00
54282.86,10048.00,-0.42,0.00
54282.64,10048.00,-0.22,0.00
54282.62,10048.00,-0.02,0.00
54282.62,10048.00,0.00,0.00
54282.62,10048.00,0.00,0.00
54282.62,10048.00,0.00,0.00
54282.62,10048.00,0.00,0.00
54282.62,10048.00,0.00,0.00
54282.62,10048.00,0.00,0.00
54282.62,10048.00,0.00,0.00
54282.62,10048.00,0.00,0.00
54282.62,10048.00,0.00,0.00
54282.62,10048.00,0.00,0.00
54282.62,10048.00,0.00,0.00
54282.62,10048.00,0.00,0.00
54282.62,10048.00,0.00,0.00
54282.54,10048.00,-0.08,0.00
54282.38,10048.00,-0.16,0.00
54282.14,10048.00,-0.24,0.00
54281.82,10048.00,-0.32,0.00
54281.43,10048.00,-0.40,0.00
54280.95,10048.00,-0.48,0.00
54280.39,10048.00,-0.56,0.00
54279.75,10048.00,-0.64,0.00
54279.03,10048.00,-0.72,0.00
54278.23,10048.00,-0.80,0.00
54277.35,10048.00,-0.88,0.00
54276.39,10048.00,-0.96,0.00
54275.35,10048.00,-1.04,0.00
54274.51,10048.00,-0.84,0.00
54273.87,10048.00,-0.64,0.00
54273.43,10048.00,-0.44,0.00
54273.19,10048.00,-0.24,0.00
54273.15,10048.00,-0.04,0.00
54273.15,10048.00,0.00,0.00
54273.15,10048.00,0.00,0.00
54273.15,10048.00,0.00,0.00
54273.15,10048.00,0.00,0.00
54273.15,10048.00,0.00,0.00
54273.15,10048.00,0.00,0.00
54273.15,10048.00,0.00,0.00
54273.15,10048.00,0.00,0.00
54273.15,10048.00,0.00,0.00
54273.15,10048.00,0.00,0.00
54273.15,10048.00,0.00,0.00
54273.15,10048.00,0.00,0.00
54273.15,10048.00,0.00,0.00
54273.15,10048.00,0.00,0.00
54273.15,10048.00,0.00,0.00
54273.15,10048.00,0.00,0.00
54273.15,10048.00,0.00,0.00
54273.15,10048.00,0.00,0.00
54273.15,10048.00,0.00,0.00
54273.07,10048.00,-0.08,0.00
54272.91,10048.00,-0.16,0.00
54272.67,10048.00,-0.24,0.00
54272.35,10048.00,-0.32,0.00
54271.95,10048.00,-0.40,0.00
54271.47,10048.00,-0.48,0.00
54270.91,10048.00,-0.56,0.00
54270.27,10048.00,-0.64,0.00
54269.55,10048.00,-0.72,0.00
54268.75,10048.00,-0.80,0.00
54267.88,10048.00,-0.88,0.00
54266.91,10048.00,-0.96,0.00
54265.88,10048.00,-1.04,0.00
54264.75,10048.00,-1.12,0.00
54263.55,10048.00,-1.20,0.00
54262.27,10048.00,-1.28,0.00
54260.91,10049.09,-1.36,0.00
54259.47,10050.53,-1.44,0.00
54257.95,10052.05,-1.52,0.00
54256.35,10053.65,-1.60,0.00
54254.67,10055.33,-1.68,0.00
54252.91,10057.09,-1.76,0.00
54251.07,10058.93,-1.84,0.00
54249.15,10060.85,-1.92,0.00
54247.15,10061.25,-2.00,0.40
54245.07,10062.05,-2.08,0.80
54242.91,10063.25,-2.16,1.20
54240.67,10064.00,-2.24,0.75
54238.35,10064.00,-2.32,0.00
54235.95,10064.00,-2.40,0.00
54233.47,10064.00,-2.48,0.00
54230.91,10064.00,-2.56,0.00
54228.27,10080.40,-2.64,0.40
54225.55,10081.20,-2.72,0.80
54222.75,10082.40,-2.80,1.20
54219.88,10084.00,-2.88,1.60
54216.91,10086.00,-2.96,2.00
54213.88,10088.40,-3.04,2.40
54210.93,10091.20,-2.94,2.80
54207.91,10094.40,-3.02,3.20
54204.99,10098.00,-2.92,3.60
54201.99,10102.00,-3.00,4.00
54198.91,10106.40,-3.08,4.40
54195.93,10111.20,-2.98,4.80
54192.88,10116.40,-3.06,5.20
54189.91,10122.00,-2.96,5.60
54186.88,10128.00,-3.04,6.00
54183.93,10134.40,-2.94,6.40
54180.91,10141.20,-3.02,6.80
54177.99,10148.40,-2.92,7.20
54174.99,10156.00,-3.00,7.60
54171.91,10164.00,-3.08,8.00
54168.93,10172.40,-2.98,8.40
54165.88,10181.20,-3.06,8.80
54162.91,10176.59,-2.96,-4.61
54159.88,10171.98,-3.04,-4.61
54156.93,10167.37,-2.94,-4.61
54153.91,10162.76,-3.02,-4.61
54150.99,10158.15,-2.92,-4.61
54147.99,10153.54,-3.00,-4.61
54144.91,10148.93,-3.08,-4.61
54141.93,10144.32,-2.98,-4.61
54138.88,10139.71,-3.06,-4.61
54135.91,10135.10,-2.96,-4.61
54132.88,10130.89,-3.04,-4.21
54129.93,10127.08,-2.94,-3.81
54126.91,10123.67,-3.02,-3.41
54123.99,10120.66,-2.92,-3.01
54120.99,10118.05,-3.00,-2.61
54117.91,10115.84,-3.08,-2.21
54114.93,10114.03,-2.98,-1.81
54111.88,10112.62,-3.06,-1.41
54108.91,10111.61,-2.96,-1.01
54105.88,10111.00,-3.04,-0.61
54102.93,10110.79,-2.94,-0.21
54099.91,10110.98,-3.02,0.19
54096.99,10111.57,-2.92,0.59
54093.99,10112.56,-3.00,0.99
54090.91,10113.95,-3.08,1.39
54087.93,10115.74,-2.98,1.79
54084.88,10117.93,-3.06,2.19
54081.91,10120.52,-2.96,2.59
54078.88,10123.51,-3.04,2.99
54075.93,10126.90,-2.94,3.39
54072.91,10130.69,-3.02,3.79
54069.99,10134.88,-2.92,4.19
54066.99,10139.47,-3.00,4.59
54063.91,10144.46,-3.08,4.99
54060.93,10149.85,-2.98,5.39
54057.88,10155.64,-3.06,5.79
54054.91,10161.83,-2.96,6.19
54051.88,10168.42,-3.04,6.59
54048.93,10175.41,-2.94,6.99
54045.91,10182.80,-3.02,7.39
54042.99,10190.59,-2.92,7.79
54039.99,10198.78,-3.00,8.19
54036.91,10207.37,-3.08,8.59
54033.93,10208.00,-2.98,0.63
54030.88,10208.00,-3.06,0.00
54028.02,10208.00,-2.86,0.00
54025.07,10208.00,-2.94,0.00
54022.05,10208.00,-3.02,0.00
54019.23,10216.00,-2.82,0.00
54016.34,10216.00,-2.90,0.00
54013.36,10216.00,-2.98,0.00
54010.30,10216.00,-3.06,0.00
54007.44,10216.00,-2.86,0.00
54004.50,10224.00,-2.94,0.00
54001.48,10224.00,-3.02,0.00
53998.66,10224.00,-2.82,0.00
53995.76,10224.00,-2.90,0.00
53992.78,10224.00,-2.98,0.00
53989.72,10224.28,-3.06,0.00
53986.86,10227.14,-2.86,0.00
53983.92,10230.08,-2.94,0.00
53980.90,10233.10,-3.02,0.00
53978.08,10235.92,-2.82,0.00
53975.18,10238.82,-2.90,0.00
53972.20,10241.80,-2.98,0.00
53969.14,10244.86,-3.06,0.00
53966.28,10247.72,-2.86,0.00
53963.34,10250.66,-2.94,0.00
53960.32,10253.68,-3.02,0.00
53957.50,10256.00,-2.82,2.32
53954.60,10256.00,-2.90,0.00
53951.62,10256.00,-2.98,0.00
53948.56,10256.00,-3.06,0.00
53945.70,10256.00,-2.86,0.00
53942.76,10256.00,-2.94,0.00
53939.74,10258.26,-3.02,0.00
53936.92,10261.08,-2.82,0.00
53934.02,10263.98,-2.90,0.00
53931.04,10266.96,-2.98,0.00
53927.98,10270.02,-3.06,0.00
53925.12,10270.42,-2.86,0.40
53922.18,10271.22,-2.94,0.80
53919.16,10272.00,-3.02,0.78
53916.24,10272.00,-2.92,0.00
53913.24,10272.00,-3.00,0.00
53910.16,10272.00,-3.08,0.00
53907.29,10272.00,-2.88,0.00
53904.32,10272.00,-2.96,0.00
53901.29,10272.00,-3.04,0.00
53898.45,10272.00,-2.84,0.00
53895.52,10272.00,-2.92,0.00
53892.80,10272.00,-2.72,0.00
53890.29,10272.00,-2.52,0.00
53887.96,10272.00,-2.32,0.00
53885.84,10272.00,-2.12,0.00
53883.92,10272.00,-1.92,0.00
53882.20,10272.00,-1.72,0.00
53880.68,10272.00,-1.52,0.00
53879.36,10272.00,-1.32,0.00
53878.24,10272.00,-1.12,0.00
53877.32,10272.68,-0.92,0.00
53876.60,10273.40,-0.72,0.00
53876.08,10273.92,-0.52,0.00
53875.76,10274.24,-0.32,0.00
53875.64,10274.36,-0.12,0.00
53875.64,10274.36,0.00,0.00
53875.56,10274.44,-0.08,0.00
53875.40,10274.60,-0.16,0.00
53875.16,10274.84,-0.24,0.00
53874.84,10275.16,-0.32,0.00
53874.45,10275.55,-0.40,0.00
53873.96,10276.04,-0.48,0.00
53873.41,10276.59,-0.56,0.00
53872.77,10277.23,-0.64,0.00
53872.05,10277.95,-0.72,0.00
53871.25,10278.75,-0.80,0.00
53870.37,10279.63,-0.88,0.00
53869.41,10280.59,-0.96,0.00
53868.37,10281.63,-1.04,0.00
53867.25,10282.75,-1.12,0.00
53866.05,10283.95,-1.20,0.00
53864.77,10285.23,-1.28,0.00
53863.41,10285.63,-1.36,0.40
53861.96,10286.43,-1.44,0.80
53860.45,10287.63,-1.52,1.20
53858.84,10288.00,-1.60,0.37
53857.16,10288.00,-1.68,0.00
53855.40,10288.00,-1.76,0.00
53853.56,10288.00,-1.84,0.00
53851.64,10288.00,-1.92,0.00
53849.64,10288.00,-2.00,0.00
53847.56,10288.00,-2.08,0.00
53845.40,10288.00,-2.16,0.00
53843.16,10288.00,-2.24,0.00
53840.84,10288.00,-2.32,0.00
53838.45,10288.00,-2.40,0.00
53835.96,10288.00,-2.48,0.00
53833.41,10288.00,-2.56,0.00
53830.77,10288.00,-2.64,0.00
53828.05,10288.00,-2.72,0.00
53825.25,10288.00,-2.80,0.00
53822.37,10288.00,-2.88,0.00
53819.41,10288.00,-2.96,0.00
53816.37,10288.00,-3.04,0.00
53813.53,10288.00,-2.84,0.00
53810.61,10288.00,-2.92,0.00
53807.61,10288.00,-3.00,0.00
53804.53,10288.00,-3.08,0.00
53801.65,10288.00,-2.88,0.00
53798.97,10288.00,-2.68,0.00
53796.49,10288.00,-2.48,0.00
53794.21,10288.00,-2.28,0.00
53792.13,10288.00,-2.08,0.00
53790.25,10288.00,-1.88,0.00
53788.57,10288.00,-1.68,0.00
53787.09,10288.00,-1.48,0.00
53785.81,10288.00,-1.28,0.00
53784.73,10288.00,-1.08,0.00
53783.93,10288.00,-0.80,0.00
53783.41,10288.00,-0.52,0.00
53783.17,10288.00,-0.24,0.00
53783.21,10288.00,0.04,0.00
53783.33,10288.00,0.12,0.00
53783.53,10288.00,0.20,0.00
53783.81,10288.00,0.28,0.00
53784.17,10288.00,0.36,0.00
53784.61,10288.00,0.44,0.00
53785.13,10288.00,0.52,0.00
53785.73,10288.00,0.60,0.00
53786.41,10288.00,0.68,0.00
53787.18,10288.00,0.76,0.00
53788.02,10288.00,0.84,0.00
53788.94,10288.00,0.92,0.00
53789.94,10288.00,1.00,0.00
53791.02,10288.00,1.08,0.00
53792.18,10288.00,1.16,0.00
53793.41,10288.00,1.24,0.00
53794.73,10288.00,1.32,0.00
53796.13,10288.00,1.40,0.00
53797.61,10288.00,1.48,0.00
53799.17,10288.00,1.56,0.00
53800.81,10288.00,1.64,0.00
53802.53,10288.00,1.72,0.00
53804.33,10288.00,1.80,0.00
53806.21,10288.00,1.88,0.00
53808.17,10288.00,1.96,0.00
53810.21,10288.00,2.04,0.00
53812.33,10288.00,2.12,0.00
53814.53,10288.00,2.20,0.00
53816.81,10288.00,2.28,0.00
53819.17,10288.00,2.36,0.00
53821.61,10288.00,2.44,0.00
53824.13,10288.00,2.52,0.00
53826.73,10288.00,2.60,0.00
53829.41,10288.00,2.68,0.00
53832.18,10288.00,2.76,0.00
53835.02,10288.00,2.84,0.00
53837.94,10288.00,2.92,0.00
53840.94,10288.00,3.00,0.00
53843.74,10288.00,2.80,0.00
53846.62,10288.00,2.88,0.00
53849.58,10288.00,2.96,0.00
53852.62,10288.00,3.04,0.00
53855.46,10288.00,2.84,0.00
53858.38,10288.00,2.92,0.00
53861.38,10288.00,3.00,0.00
53864.18,10285.82,2.80,0.00
53867.06,10282.94,2.88,0.00
53870.02,10279.98,2.96,0.00
53873.06,10276.94,3.04,0.00
53875.90,10274.10,2.84,0.00
53878.82,10272.00,2.92,0.00
53881.82,10272.00,3.00,0.00
53884.62,10272.00,2.80,0.00
53887.50,10272.00,2.88,0.00
53890.46,10272.00,2.96,0.00
53893.50,10272.00,3.04,0.00
53896.34,10272.00,2.84,0.00
53899.26,10272.00,2.92,0.00
53902.26,10272.00,3.00,0.00
53905.34,10272.00,3.08,0.00
53908.22,10272.00,2.88,0.00
53911.18,10272.00,2.96,0.00
53914.22,10272.00,3.04,0.00
53917.06,10272.00,2.84,0.00
53919.98,10272.00,2.92,0.00
53922.98,10272.00,3.00,0.00
53926.06,10271.94,3.08,0.00
53928.94,10269.06,2.88,0.00
53931.90,10266.10,2.96,0.00
53934.94,10263.06,3.04,0.00
53937.78,10260.22,2.84,0.00
53940.70,10257.30,2.92,0.00
53943.70,10256.00,3.00,0.00
53946.78,10256.00,3.08,0.00
53949.66,10256.00,2.88,0.00
53952.62,10256.00,2.96,0.00
53955.66,10256.00,3.04,0.00
53958.50,10255.50,2.84,0.00
53961.42,10252.58,2.92,0.00
53964.42,10249.58,3.00,0.00
53967.50,10246.50,3.08,0.00
53970.38,10243.62,2.88,0.00
53973.34,10240.66,2.96,0.00
53976.38,10237.62,3.04,0.00
53979.21,10234.79,2.84,0.00
53982.14,10231.86,2.92,0.00
53985.14,10228.86,3.00,0.00
53988.21,10225.79,3.08,0.00
53991.09,10224.00,2.88,0.00
53994.05,10224.00,2.96,0.00
53997.09,10224.00,3.04,0.00
53999.93,10224.00,2.84,0.00
54002.86,10224.00,2.92,0.00
54005.86,10224.00,3.00,0.00
54008.93,10216.00,3.08,0.00
54011.81,10216.00,2.88,0.00
54014.77,10216.00,2.96,0.00
54017.81,10216.00,3.04,0.00
54020.65,10216.00,2.84,0.00
54023.57,10208.00,2.92,0.00
54026.57,10208.00,3.00,0.00
54029.65,10208.00,3.08,0.00
54032.53,10208.00,2.88,0.00
54035.49,10208.00,2.96,0.00
54038.53,10207.47,3.04,0.00
54041.37,10204.63,2.84,0.00
54044.29,10201.71,2.92,0.00
54047.29,10198.71,3.00,0.00
54050.37,10195.63,3.08,0.00
54053.25,10192.75,2.88,0.00
54056.21,10192.00,2.96,0.00
54059.25,10187.39,3.04,-4.61
54062.19,10182.78,2.94,-4.61
54065.21,10178.17,3.02,-4.61
54068.13,10173.56,2.92,-4.61
54071.13,10168.95,3.00,-4.61
54074.21,10164.34,3.08,-4.61
54077.19,10159.73,2.98,-4.61
54080.25,10155.12,3.06,-4.61
54083.21,10150.51,2.96,-4.61
54086.25,10145.90,3.04,-4.61
54089.19,10141.29,2.94,-4.61
54092.21,10137.08,3.02,-4.21
54095.13,10133.27,2.92,-3.81
54098.13,10129.86,3.00,-3.41
54101.21,10126.85,3.08,-3.01
54104.19,10124.24,2.98,-2.61
54107.25,10122.03,3.06,-2.21
54110.21,10120.22,2.96,-1.81
54113.25,10118.81,3.04,-1.41
54116.19,10117.80,2.94,-1.01
54119.21,10117.19,3.02,-0.61
54122.13,10116.98,2.92,-0.21
54125.13,10117.17,3.00,0.19
54128.21,10117.76,3.08,0.59
54131.19,10118.75,2.98,0.99
54134.25,10114.14,3.06,-4.61
54137.21,10109.53,2.96,-4.61
54140.25,10104.92,3.04,-4.61
54143.19,10100.31,2.94,-4.61
54146.21,10095.70,3.02,-4.61
54149.13,10091.08,2.92,-4.61
54152.13,10086.47,3.00,-4.61
54155.21,10081.86,3.08,-4.61
54158.19,10077.25,2.98,-4.61
54161.25,10072.64,3.06,-4.61
54164.21,10068.03,2.96,-4.61
54167.25,10063.82,3.04,-4.21
54170.19,10060.01,2.94,-3.81
54173.21,10056.60,3.02,-3.41
54176.13,10053.59,2.92,-3.01
54179.13,10050.98,3.00,-2.61
54182.21,10048.77,3.08,-2.21
54185.19,10046.96,2.98,-1.81
54188.25,10045.55,3.06,-1.41
54191.21,10044.54,2.96,-1.01
54194.25,10043.93,3.04,-0.61
54197.19,10043.72,2.94,-0.21
54200.21,10043.91,3.02,0.19
54203.13,10044.50,2.92,0.59
54206.13,10045.49,3.00,0.99
54209.21,10046.88,3.08,1.39
54212.19,10048.67,2.98,1.79
54215.25,10050.86,3.06,2.19
54218.21,10053.45,2.96,2.59
54221.07,10056.44,2.86,2.99
54223.83,10059.83,2.76,3.39
54226.49,10063.62,2.66,3.79
54229.05,10067.81,2.56,4.19
54231.51,10064.00,2.46,0.00
54233.77,10064.00,2.26,0.00
54235.83,10064.00,2.06,0.00
54237.69,10064.00,1.86,0.00
54239.35,10064.00,1.66,0.00
54240.81,10064.00,1.46,0.00
54242.07,10064.00,1.26,0.00
54243.13,10064.00,1.06,0.00
54243.99,10064.00,0.86,0.00
54244.65,10064.00,0.66,0.00
54245.11,10064.00,0.46,0.00
54245.38,10064.00,0.26,0.00
54245.43,10064.00,0.06,0.00
54245.43,10064.00,0.00,0.00
54245.43,10064.00,0.00,0.00
54245.43,10064.00,0.00,0.00
54245.43,10064.00,0.00,0.00
54245.43,10064.00,0.00,0.00
54245.51,10064.00,0.08,0.00
54245.67,10064.00,0.16,0.00
54245.91,10064.00,0.24,0.00
54246.23,10063.77,0.32,0.00
54246.63,10063.37,0.40,0.00
54247.11,10062.89,0.48,0.00
54247.67,10062.33,0.56,0.00
54248.31,10061.69,0.64,0.00
54249.03,10060.97,0.72,0.00
54249.83,10060.17,0.80,0.00
54250.71,10059.29,0.88,0.00
54251.39,10058.61,0.68,0.00
54251.87,10058.13,0.48,0.00
54252.15,10057.85,0.28,0.00
54252.23,10057.77,0.08,0.00
54252.23,10057.77,0.00,0.00
54252.23,10057.77,0.00,0.00
54252.23,10057.77,0.00,0.00
54252.23,10057.77,0.00,0.00
54252.23,10057.77,0.00,0.00
54252.23,10057.77,0.00,0.00
54252.23,10057.77,0.00,0.00
54252.23,10057.77,0.00,0.00
54252.23,10057.77,0.00,0.00
54252.23,10057.77,0.00,0.00
54252.23,10057.77,0.00,0.00
54252.23,10057.77,0.00,0.00
54252.23,10057.77,0.00,0.00
54252.23,10057.77,0.00,0.00
54252.23,10057.77,0.00,0.00
54252.23,10057.77,0.00,0.00
54252.23,10057.77,0.00,0.00
54252.23,10057.77,0.00,0.00
54252.23,10057.77,0.00,0.00
54252.23,10057.77,0.00,0.00
54252.23,10057.77,0.00,0.00
54252.15,10057.85,-0.08,0.00
54251.99,10058.01,-0.16,0.00
54251.75,10058.25,-0.24,0.00
54251.43,10058.57,-0.32,0.00
54251.03,10058.97,-0.40,0.00
54250.55,10059.45,-0.48,0.00
54249.99,10060.01,-0.56,0.00
54249.35,10060.41,-0.64,0.40
54248.63,10061.21,-0.72,0.80
54247.83,10062.17,-0.80,0.00
54246.95,10062.57,-0.88,0.40
54245.99,10063.37,-0.96,0.80
54244.95,10064.00,-1.04,0.63
54243.83,10064.00,-1.12,0.00
54242.63,10064.00,-1.20,0.00
54241.35,10064.00,-1.28,0.00
54239.99,10064.00,-1.36,0.00
54238.55,10064.00,-1.44,0.00
54237.03,10064.00,-1.52,0.00
54235.43,10064.00,-1.60,0.00
54233.75,10064.00,-1.68,0.00
54231.99,10064.00,-1.76,0.00
54230.15,10064.00,-1.84,0.00
54228.23,10080.40,-1.92,0.40
54226.23,10081.20,-2.00,0.80
54224.15,10082.40,-2.08,1.20
54221.99,10084.00,-2.16,1.60
54219.75,10086.00,-2.24,2.00
54217.43,10088.40,-2.32,2.40
54215.03,10091.20,-2.40,2.80
54212.55,10094.40,-2.48,3.20
54209.99,10098.00,-2.56,3.60
54207.35,10102.00,-2.64,4.00
54204.63,10106.40,-2.72,4.40
54201.83,10111.20,-2.80,4.80
54198.95,10116.40,-2.88,5.20
54195.99,10122.00,-2.96,5.60
54192.95,10128.00,-3.04,6.00
54190.01,10134.40,-2.94,6.40
54186.99,10141.20,-3.02,6.80
54184.07,10148.40,-2.92,7.20
54181.07,10156.00,-3.00,7.60
54177.99,10164.00,-3.08,8.00
54175.01,10172.40,-2.98,8.40
54171.95,10181.20,-3.06,8.80
54168.99,10190.40,-2.96,9.20
54165.95,10200.00,-3.04,9.60
54163.01,10208.00,-2.94,8.00
54161.50,10208.00,-3.02,0.00
54160.09,10208.00,-2.82,0.00
54158.64,10208.00,-2.90,0.00
54157.15,10208.00,-2.98,0.00
54155.62,10208.00,-3.06,0.00
54154.19,10208.00,-2.86,0.00
54152.72,10208.00,-2.94,0.00
54151.21,10224.00,-3.02,0.00
54149.80,10224.00,-2.82,0.00
54148.35,10224.00,-2.90,0.00
54146.86,10224.00,-2.98,0.00
54145.33,10224.00,-3.06,0.00
54143.90,10224.00,-2.86,0.00
54142.43,10224.00,-2.94,0.00
54140.92,10224.00,-3.02,0.00
54139.51,10224.00,-2.82,0.00
54138.06,10216.00,-2.90,0.00
54136.57,10216.00,-2.98,0.00
54135.04,10216.00,-3.06,0.00
54133.61,10216.00,-2.86,0.00
54132.14,10216.00,-2.94,0.00
54130.63,10216.00,-3.02,0.00
54129.22,10216.00,-2.82,0.00
54127.77,10216.00,-2.90,0.00
54126.29,10216.00,-2.98,0.00
54124.75,10216.00,-3.06,0.00
54123.32,10208.00,-2.86,0.00
54121.86,10208.00,-2.94,0.00
54120.34,10208.00,-3.02,0.00
54118.93,10208.00,-2.82,0.00
54117.48,10208.00,-2.90,0.00
54116.00,10208.00,-2.98,0.00
54114.46,10208.00,-3.06,0.00
54113.04,10208.00,-2.86,0.00
54111.57,10208.00,-2.94,0.00
54110.05,10208.00,-3.02,0.00
54108.64,10208.00,-2.82,0.00
54107.20,10192.00,-2.90,0.00
54104.21,10192.00,-2.98,0.00
54101.16,10192.00,-3.06,0.00
54098.30,10192.00,-2.86,0.00
54095.36,10192.00,-2.94,0.00
54092.34,10192.00,-3.02,0.00
54089.52,10192.00,-2.82,0.00
54086.62,10192.00,-2.90,0.00
54083.64,10192.00,-2.98,0.00
54080.58,10192.00,-3.06,0.00
54077.72,10192.00,-2.86,0.00
54074.78,10192.00,-2.94,0.00
54071.76,10192.00,-3.02,0.00
54068.94,10192.00,-2.82,0.00
54066.04,10192.00,-2.90,0.00
54063.06,10192.00,-2.98,0.00
54060.00,10192.00,-3.06,0.00
54057.14,10192.00,-2.86,0.00
54054.20,10192.00,-2.94,0.00
54051.18,10194.82,-3.02,0.00
54048.36,10197.64,-2.82,0.00
54045.46,10200.54,-2.90,0.00
54042.48,10203.52,-2.98,0.00
54039.42,10206.58,-3.06,0.00
54036.56,10206.98,-2.86,0.40
54033.62,10207.78,-2.94,0.80
54030.60,10208.00,-3.02,0.22
54027.68,10208.00,-2.92,0.00
54024.68,10208.00,-3.00,0.00
54021.60,10216.00,-3.08,0.00
54018.72,10216.00,-2.88,0.00
54016.04,10216.00,-2.68,0.00
54013.56,10216.00,-2.48,0.00
54011.28,10216.00,-2.28,0.00
54009.20,10216.00,-2.08,0.00
54007.32,10216.00,-1.88,0.00
54005.64,10224.00,-1.68,0.00
54004.16,10224.00,-1.48,0.00
54002.88,10224.00,-1.28,0.00
54001.80,10224.00,-1.08,0.00
54000.93,10224.00,-0.88,0.00
54000.25,10224.00,-0.68,0.00
53999.77,10224.00,-0.48,0.00
53999.48,10224.00,-0.28,0.00
53999.41,10224.00,-0.08,0.00
53999.41,10224.00,0.00,0.00
53999.41,10224.00,0.00,0.00
53999.41,10224.00,0.00,0.00
53999.41,10224.00,0.00,0.00
53999.41,10224.00,0.00,0.00
53999.41,10224.00,0.00,0.00
53999.41,10224.00,0.00,0.00
53999.41,10224.00,0.00,0.00
53999.41,10224.00,0.00,0.00
53999.41,10224.00,0.00,0.00
53999.41,10224.00,0.00,0.00
53999.41,10224.00,0.00,0.00
53999.41,10224.00,0.00,0.00
53999.41,10224.00,0.00,0.00
53999.41,10224.00,0.00,0.00
53999.41,10224.00,0.00,0.00
53999.48,10224.00,0.08,0.00
53999.64,10224.00,0.16,0.00
53999.88,10224.00,0.24,0.00
54000.20,10224.00,0.32,0.00
54000.60,10224.00,0.40,0.00
54001.08,10224.00,0.48,0.00
54001.64,10224.00,0.56,0.00
54002.28,10224.00,0.64,0.00
54003.00,10224.00,0.72,0.00
54003.80,10224.00,0.80,0.00
54004.68,10224.00,0.88,0.00
54005.64,10224.00,0.96,0.00
54006.68,10216.00,1.04,0.00
54007.52,10216.00,0.84,0.00
54008.16,10216.00,0.64,0.00
54008.60,10216.00,0.44,0.00
54008.84,10216.00,0.24,0.00
54008.88,10216.00,0.04,0.00
54008.88,10216.00,0.00,0.00
54008.88,10216.00,0.00,0.00
54008.88,10216.00,0.00,0.00
54008.88,10216.00,0.00,0.00
54008.88,10216.00,0.00,0.00
54008.88,10216.00,0.00,0.00
54008.88,10216.00,0.00,0.00
54008.88,10216.00,0.00,0.00
54008.88,10216.00,0.00,0.00
54008.88,10216.00,0.00,0.00
54008.88,10216.00,0.00,0.00
54008.88,10216.00,0.00,0.00
54008.88,10216.00,0.00,0.00
54008.88,10216.00,0.00,0.00
54008.88,10216.00,0.00,0.00
54008.88,10216.00,0.00,0.00
54008.88,10216.00,0.00,0.00
54008.88,10216.00,0.00,0.00
54008.88,10216.00,0.00,0.00
54008.88,10216.00,0.00,0.00
54008.88,10216.00,0.00,0.00
54008.88,10216.00,0.00,0.00
54008.88,10216.00,0.00,0.00
54008.88,10216.00,0.00,0.00
54008.88,10216.00,0.00,0.00
54008.88,10216.00,0.00,0.00
54008.88,10216.00,0.00,0.00
54008.88,10216.00,0.00,0.00
54008.88,10216.00,0.00,0.00
54008.88,10216.00,0.00,0.00
54008.88,10216.00,0.00,0.00
54008.88,10216.00,0.00,0.00
54008.88,10216.00,0.00,0.00
54008.88,10216.00,0.00,0.00
54008.88,10216.00,0.00,0.00
54008.88,10216.00,0.00,0.00
54008.88,10216.00,0.00,0.00
54008.80,10216.00,-0.08,0.00
54008.64,10216.00,-0.16,0.00
54008.40,10216.00,-0.24,0.00
54008.08,10216.00,-0.32,0.00
54007.68,10216.00,-0.40,0.00
54007.20,10216.00,-0.48,0.00
54006.64,10216.00,-0.56,0.00
54006.00,10216.00,-0.64,0.00
54005.29,10217.12,-0.72,1.12
54004.66,10218.64,-0.62,1.52
54004.14,10220.56,-0.52,1.92
54003.72,10222.88,-0.42,2.32
54003.58,10224.00,-0.14,1.12
54003.52,10224.00,-0.06,0.00
54003.54,10224.00,0.02,0.00
54003.64,10224.00,0.10,0.00
54003.82,10224.00,0.18,0.00
54004.09,10224.00,0.26,0.00
54004.43,10224.00,0.34,0.00
54004.85,10224.00,0.42,0.00
54005.35,10224.00,0.50,0.00
54005.93,10224.00,0.58,0.00
54006.59,10216.00,0.66,0.00
54007.32,10216.00,0.74,0.00
54008.14,10216.00,0.82,0.00
54009.04,10216.00,0.90,0.00
54010.02,10216.00,0.98,0.00
54011.08,10216.00,1.06,0.00
54012.22,10216.00,1.14,0.00
54013.44,10216.00,1.22,0.00
54014.74,10216.00,1.30,0.00
54016.12,10216.00,1.38,0.00
54017.58,10216.00,1.46,0.00
54019.12,10216.00,1.54,0.00
54020.74,10216.00,1.62,0.00
54022.44,10208.00,1.70,0.00
54024.22,10208.00,1.78,0.00
54026.08,10208.00,1.86,0.00
54028.02,10208.00,1.94,0.00
54030.04,10208.00,2.02,0.00
54032.14,10208.00,2.10,0.00
54034.32,10208.00,2.18,0.00
54036.59,10208.00,2.26,0.00
54038.93,10207.07,2.34,0.00
54041.35,10204.65,2.42,0.00
54043.57,10202.43,2.22,0.00
54045.59,10200.41,2.02,0.00
54047.41,10198.59,1.82,0.00
54049.03,10196.97,1.62,0.00
54050.45,10195.55,1.42,0.00
54051.67,10194.33,1.22,0.00
54052.69,10193.31,1.02,0.00
54053.51,10192.49,0.82,0.00
54054.13,10192.00,0.62,0.00
54054.55,10192.00,0.42,0.00
54054.77,10192.00,0.22,0.00
54054.79,10192.00,0.02,0.00
54054.79,10192.00,0.00,0.00
54054.87,10192.00,0.08,0.00
54055.03,10192.00,0.16,0.00
54055.27,10192.00,0.24,0.00
54055.59,10192.00,0.32,0.00
54055.98,10192.00,0.40,0.00
54056.46,10192.00,0.48,0.00
54057.02,10192.00,0.56,0.00
54057.66,10192.00,0.64,0.00
54058.38,10192.00,0.72,0.00
54059.18,10192.00,0.80,0.00
54060.06,10187.39,0.88,-4.61
54061.02,10182.78,0.96,-4.61
54062.06,10178.17,1.04,-4.61
54063.18,10173.56,1.12,-4.61
54064.38,10168.95,1.20,-4.61
54065.66,10164.34,1.28,-4.61
54067.02,10159.73,1.36,-4.61
54068.46,10155.12,1.44,-4.61
54069.98,10150.51,1.52,-4.61
54071.59,10145.90,1.60,-4.61
54073.27,10141.29,1.68,-4.61
54075.03,10136.68,1.76,-4.61
54076.87,10132.07,1.84,-4.61
54078.79,10127.46,1.92,-4.61
54080.79,10122.84,2.00,-4.61
54082.87,10118.23,2.08,-4.61
54085.03,10114.02,2.16,-4.21
54087.27,10110.21,2.24,-3.81
54089.59,10106.80,2.32,-3.41
54091.98,10103.79,2.40,-3.01
54094.46,10101.18,2.48,-2.61
54097.02,10098.97,2.56,-2.21
54099.66,10097.17,2.64,-1.81
54102.38,10095.75,2.72,-1.41
54105.18,10094.75,2.80,-1.01
54108.06,10094.13,2.88,-0.61
54111.02,10093.92,2.96,-0.21
54114.06,10094.12,3.04,0.19
54117.00,10094.71,2.94,0.59
54120.02,10095.70,3.02,0.99
54122.95,10097.08,2.92,1.39
54125.95,10098.88,3.00,1.79
54129.02,10101.07,3.08,2.19
54132.00,10103.66,2.98,2.59
54135.06,10106.65,3.06,2.99
54138.02,10110.04,2.96,3.39
54141.06,10113.83,3.04,3.79
54144.00,10118.02,2.94,4.19
54147.02,10122.61,3.02,4.59
54149.95,10118.00,2.92,-4.61
54152.95,10113.38,3.00,-4.61
54156.02,10108.77,3.08,-4.61
54159.00,10104.16,2.98,-4.61
54162.06,10099.55,3.06,-4.61
54165.02,10094.94,2.96,-4.61
54168.06,10090.33,3.04,-4.61
54171.00,10085.72,2.94,-4.61
54174.02,10081.11,3.02,-4.61
54176.95,10076.50,2.92,-4.61
54179.95,10071.89,3.00,-4.61
54183.02,10067.28,3.08,-4.61
54186.00,10063.07,2.98,-4.21
54189.06,10059.26,3.06,-3.81
54192.02,10055.85,2.96,-3.41
54195.06,10052.84,3.04,-3.01
54198.00,10050.23,2.94,-2.61
54201.02,10048.02,3.02,-2.21
54203.95,10046.21,2.92,-1.81
54206.95,10044.80,3.00,-1.41
54210.02,10043.79,3.08,-1.01
54213.00,10043.18,2.98,-0.61
54216.06,10042.97,3.06,-0.21
54219.02,10043.16,2.96,0.19
54222.06,10043.75,3.04,0.59
54225.00,10044.74,2.94,0.99
54227.84,10046.13,2.84,1.39
54230.58,10047.92,2.74,1.79
54233.22,10050.11,2.64,2.19
54235.76,10052.70,2.54,2.59
54238.20,10055.69,2.44,2.99
54240.54,10059.08,2.34,3.39
54242.78,10062.87,2.24,3.79
54244.92,10064.00,2.14,1.13
54246.96,10063.04,2.04,0.00
54248.80,10061.20,1.84,0.00
54250.44,10059.56,1.64,0.00
54251.88,10058.12,1.44,0.00
54253.12,10056.88,1.24,0.00
54254.16,10055.84,1.04,0.00
54255.00,10055.00,0.84,0.00
54255.64,10054.36,0.64,0.00
54256.08,10053.92,0.44,0.00
54256.32,10053.68,0.24,0.00
54256.36,10053.64,0.04,0.00
54256.36,10049.03,0.00,-4.61
54256.36,10044.42,0.00,-4.61
54256.28,10039.81,-0.08,-4.61
54256.12,10035.20,-0.16,-4.61
54255.88,10030.59,-0.24,-4.61
54255.56,10025.98,-0.32,-4.61
54255.16,10021.37,-0.40,-4.61
54254.68,10016.76,-0.48,-4.61
54254.12,10012.15,-0.56,-4.61
54253.48,10007.54,-0.64,-4.61
54252.77,10002.93,-0.72,-4.61
54251.96,9998.72,-0.80,-4.21
54251.09,9994.91,-0.88,-3.81
54250.12,9991.50,-0.96,-3.41
54249.09,9988.49,-1.04,-3.01
54247.96,9985.88,-1.12,-2.61
54246.77,9983.67,-1.20,-2.21
54245.48,9979.06,-1.28,-4.61
54244.12,9974.45,-1.36,-4.61
54242.68,9969.84,-1.44,-4.61
54241.16,9965.23,-1.52,-4.61
54239.56,9960.62,-1.60,-4.61
54237.88,9956.01,-1.68,-4.61
54236.12,9951.40,-1.76,-4.61
54234.28,9946.78,-1.84,-4.61
54234.00,9942.17,-0.28,-4.61
54234.00,9937.56,0.00,-4.61
54233.92,9932.95,-0.08,-4.61
54233.76,9928.34,-0.16,-4.61
54233.52,9924.13,-0.24,-4.21
54233.20,9920.32,-0.32,-3.81
54232.80,9916.91,-0.40,-3.41
54232.32,9913.90,-0.48,-3.01
54231.77,9911.29,-0.56,-2.61
54231.12,9909.08,-0.64,-2.21
54230.41,9907.27,-0.72,-1.81
54229.61,9905.86,-0.80,-1.41
54228.73,9904.85,-0.88,-1.01
54227.77,9904.24,-0.96,-0.61
54226.73,9904.03,-1.04,-0.21
54225.61,9904.22,-1.12,0.19
54224.41,9904.81,-1.20,0.59
54223.30,9905.80,-1.10,0.99
54222.30,9907.19,-1.00,1.39
54221.41,9908.98,-0.90,1.79
54220.61,9911.17,-0.80,2.19
54219.91,9913.76,-0.70,2.59
54219.30,9916.75,-0.60,2.99
54218.80,9920.14,-0.50,3.39
54218.41,9923.93,-0.40,3.79
54218.11,9928.12,-0.30,4.19
54217.91,9932.71,-0.20,4.59
54217.80,9935.81,-0.10,0.00
54217.80,9935.81,0.00,0.00
54217.80,9935.81,0.00,0.00
54217.80,9935.81,0.00,0.00
54217.80,9935.81,0.00,0.00
54217.80,9935.81,0.00,0.00
54217.80,9935.81,0.00,0.00
54217.80,9935.81,0.00,0.00
54217.80,9935.81,0.00,0.00
54217.88,9935.88,0.08,0.00
54218.04,9936.00,0.16,0.12
54218.28,9936.00,0.24,0.00
54218.60,9936.00,0.32,0.00
54219.00,9936.00,0.40,0.00
54219.48,9931.39,0.48,-4.61
54220.04,9926.78,0.56,-4.61
54220.68,9922.17,0.64,-4.61
54221.40,9917.56,0.72,-4.61
54222.20,9912.95,0.80,-4.61
54223.08,9908.34,0.88,-4.61
54224.04,9903.73,0.96,-4.61
54225.08,9899.12,1.04,-4.61
54226.20,9894.51,1.12,-4.61
54227.40,9889.90,1.20,-4.61
54228.68,9885.29,1.28,-4.61
54230.04,9880.68,1.36,-4.61
54231.30,9876.47,1.26,-4.21
54232.28,9872.66,0.98,-3.81
54232.98,9869.25,0.70,-3.41
54233.40,9866.24,0.42,-3.01
54233.54,9863.63,0.14,-2.61
54233.60,9861.42,0.06,-2.21
54233.58,9859.61,-0.02,-1.81
54233.48,9858.20,-0.10,-1.41
54233.30,9857.19,-0.18,-1.01
54233.04,9856.58,-0.26,-0.61
54232.70,9856.37,-0.34,-0.21
54232.28,9856.56,-0.42,0.19
54231.78,9857.15,-0.50,0.59
54231.20,9852.54,-0.58,-4.61
54230.54,9847.93,-0.66,-4.61
54229.80,9843.32,-0.74,-4.61
54228.98,9838.71,-0.82,-4.61
54228.08,9834.10,-0.90,-4.61
54227.10,9829.48,-0.98,-4.61
54226.04,9824.87,-1.06,-4.61
54224.90,9820.26,-1.14,-4.61
54223.68,9815.65,-1.22,-4.61
54222.38,9811.04,-1.30,-4.61
54221.00,9806.43,-1.38,-4.61
54219.54,9801.82,-1.46,-4.61
54218.00,9797.61,-1.54,-4.21
54216.38,9793.80,-1.62,-3.81
54214.68,9790.39,-1.70,-3.41
54212.90,9787.38,-1.78,-3.01
54211.04,9784.77,-1.86,-2.61
54209.10,9782.56,-1.94,-2.21
54207.08,9780.75,-2.02,-1.81
54204.98,9779.34,-2.10,-1.41
54202.80,9778.33,-2.18,-1.01
54202.00,9777.72,-0.80,-0.61
54202.00,9777.51,0.00,-0.21
54202.00,9777.70,0.00,0.19
54202.00,9778.29,0.00,0.59
54202.00,9779.28,0.00,0.99
54202.00,9780.67,0.00,1.39
54202.00,9782.46,0.00,1.79
54202.00,9784.65,0.00,2.19
54202.00,9787.24,0.00,2.59
54202.00,9790.23,0.00,2.99
54202.00,9793.62,0.00,3.39
54202.00,9797.41,0.00,3.79
54202.00,9801.60,0.00,4.19
54202.00,9806.19,0.00,4.59
54202.00,9811.18,0.00,4.99
54202.00,9816.57,0.00,5.39
54201.92,9822.36,-0.08,5.79
54201.76,9828.55,-0.16,6.19
54201.52,9835.14,-0.24,6.59
54201.20,9842.13,-0.32,6.99
54200.80,9849.52,-0.40,7.39
54200.32,9857.31,-0.48,7.79
54199.77,9865.50,-0.56,8.19
54199.12,9874.09,-0.64,8.59
54198.41,9883.08,-0.72,8.99
54197.61,9892.47,-0.80,9.39
54196.73,9896.00,-0.88,3.53
54195.77,9896.00,-0.96,0.00
54194.73,9896.00,-1.04,0.00
54193.89,9896.00,-0.84,0.00
54193.25,9896.00,-0.64,0.00
54192.80,9896.00,-0.44,0.00
54192.57,9896.00,-0.24,0.00
54192.53,9896.00,-0.04,0.00
54192.53,9896.00,0.00,0.00
54192.53,9896.00,0.00,0.00
54192.53,9896.00,0.00,0.00
54192.53,9896.00,0.00,0.00
54192.53,9896.00,0.00,0.00
54192.53,9896.00,0.00,0.00
54192.53,9896.00,0.00,0.00
54192.53,9896.00,0.00,0.00
54192.53,9896.00,0.00,0.00
54192.53,9896.00,0.00,0.00
54192.61,9896.00,0.08,0.00
54192.77,9896.00,0.16,0.00
54193.00,9896.00,0.24,0.00
54193.32,9896.00,0.32,0.00
54193.72,9896.00,0.40,0.00
54194.20,9896.00,0.48,0.00
54194.76,9896.00,0.56,0.00
54195.40,9896.00,0.64,0.00
54196.12,9896.00,0.72,0.00
54196.92,9891.39,0.80,-4.61
54197.80,9886.78,0.88,-4.61
54198.76,9882.17,0.96,-4.61
54199.80,9877.56,1.04,-4.61
54200.92,9872.95,1.12,-4.61
54202.12,9868.34,1.20,-4.61
54203.40,9863.73,1.28,-4.61
54204.76,9859.12,1.36,-4.61
54206.20,9854.51,1.44,-4.61
54207.72,9849.90,1.52,-4.61
54209.32,9845.29,1.60,-4.61
54211.00,9840.68,1.68,-4.61
54212.77,9836.07,1.76,-4.61
54214.61,9831.46,1.84,-4.61
54216.53,9826.85,1.92,-4.61
54218.53,9822.23,2.00,-4.61
54220.61,9818.02,2.08,-4.21
54222.77,9814.22,2.16,-3.81
54224.64,9810.81,1.88,-3.41
54226.25,9807.80,1.60,-3.01
54227.57,9805.19,1.32,-2.61
54228.61,9802.98,1.04,-2.21
54229.37,9801.17,0.76,-1.81
54229.85,9799.76,0.48,-1.41
54230.05,9798.75,0.20,-1.01
54230.17,9794.14,0.12,-4.61
54230.21,9789.52,0.04,-4.61
54230.17,9784.91,-0.04,-4.61
54230.05,9780.30,-0.12,-4.61
54229.85,9775.69,-0.20,-4.61
54229.57,9771.08,-0.28,-4.61
54229.21,9766.47,-0.36,-4.61
54228.77,9761.86,-0.44,-4.61
54228.25,9757.25,-0.52,-4.61
54227.64,9752.64,-0.60,-4.61
54226.96,9748.03,-0.68,-4.61
54226.20,9743.42,-0.76,-4.61
54225.36,9739.21,-0.84,-4.21
54224.44,9735.40,-0.92,-3.81
54223.44,9731.99,-1.00,-3.41
54222.36,9728.98,-1.08,-3.01
54221.20,9726.37,-1.16,-2.61
54219.96,9724.16,-1.24,-2.21
54218.64,9722.35,-1.32,-1.81
54217.25,9720.94,-1.40,-1.41
54215.77,9719.93,-1.48,-1.01
54214.21,9719.32,-1.56,-0.61
54212.57,9719.11,-1.64,-0.21
54210.85,9719.30,-1.72,0.19
54209.05,9719.89,-1.80,0.59
54207.17,9720.88,-1.88,0.99
54205.21,9722.27,-1.96,1.39
54203.17,9724.06,-2.04,1.79
54201.05,9726.25,-2.12,2.19
54198.85,9728.84,-2.20,2.59
54196.57,9731.83,-2.28,2.99
54194.21,9735.22,-2.36,3.39
54191.77,9739.01,-2.44,3.79
54189.25,9743.20,-2.52,4.19
54186.64,9747.79,-2.60,4.59
54183.96,9744.00,-2.68,0.00
54181.20,9744.00,-2.76,0.00
54178.36,9744.00,-2.84,0.00
54175.44,9744.00,-2.92,0.00
54172.44,9744.00,-3.00,0.00
54169.36,9736.00,-3.08,0.00
54166.48,9736.00,-2.88,0.00
54163.52,9736.00,-2.96,0.00
54160.48,9736.00,-3.04,0.00
54157.64,9736.00,-2.84,0.00
54154.72,9736.00,-2.92,0.00
54151.72,9728.00,-3.00,0.00
54148.64,9728.00,-3.08,0.00
54145.77,9723.39,-2.88,-4.61
54142.80,9718.78,-2.96,-4.61
54139.77,9714.17,-3.04,-4.61
54136.82,9709.56,-2.94,-4.61
54133.80,9704.95,-3.02,-4.61
54130.88,9700.34,-2.92,-4.61
54127.88,9695.73,-3.00,-4.61
54124.80,9691.12,-3.08,-4.61
54121.82,9686.51,-2.98,-4.61
54118.77,9681.90,-3.06,-4.61
54115.80,9677.29,-2.96,-4.61
54112.77,9673.08,-3.04,-4.21
54109.82,9669.27,-2.94,-3.81
54106.80,9665.86,-3.02,-3.41
54103.88,9662.85,-2.92,-3.01
54100.88,9660.24,-3.00,-2.61
54097.80,9658.03,-3.08,-2.21
54094.82,9656.22,-2.98,-1.81
54091.77,9654.81,-3.06,-1.41
54088.80,9653.80,-2.96,-1.01
54085.77,9653.19,-3.04,-0.61
54082.82,9652.98,-2.94,-0.21
54079.80,9653.17,-3.02,0.19
54076.88,9653.76,-2.92,0.59
54073.88,9654.75,-3.00,0.99
54070.80,9656.14,-3.08,1.39
54067.82,9657.93,-2.98,1.79
54064.77,9660.12,-3.06,2.19
54061.80,9662.71,-2.96,2.59
54058.77,9665.70,-3.04,2.99
54055.82,9669.09,-2.94,3.39
54052.80,9672.88,-3.02,3.79
54049.88,9677.07,-2.92,4.19
54046.88,9681.66,-3.00,4.59
54043.80,9686.65,-3.08,4.99
54040.82,9688.00,-2.98,1.35
54037.77,9688.00,-3.06,0.00
54034.91,9688.00,-2.86,0.00
54031.96,9688.00,-2.94,0.00
54028.95,9688.00,-3.02,0.00
54026.12,9688.00,-2.82,0.00
54023.23,9680.00,-2.90,0.00
54020.25,9680.00,-2.98,0.00
54017.19,9680.00,-3.06,0.00
54014.33,9680.00,-2.86,0.00
54011.39,9680.00,-2.94,0.00
54008.37,9678.37,-3.02,0.00
54005.55,9675.55,-2.82,0.00
54002.65,9672.65,-2.90,0.00
53999.67,9669.67,-2.98,0.00
53996.61,9666.61,-3.06,0.00
53993.75,9664.00,-2.86,0.00
53990.81,9664.00,-2.94,0.00
53987.79,9664.00,-3.02,0.00
53984.97,9664.00,-2.82,0.00
53982.07,9664.00,-2.90,0.00
53979.09,9664.00,-2.98,0.00
53976.03,9662.03,-3.06,0.00
53973.17,9659.17,-2.86,0.00
53970.23,9656.23,-2.94,0.00
53967.21,9653.21,-3.02,0.00
53964.39,9650.39,-2.82,0.00
53961.49,9648.00,-2.90,0.00
53958.51,9648.00,-2.98,0.00
53955.45,9648.00,-3.06,0.00
53952.59,9648.00,-2.86,0.00
53949.93,9648.00,-2.66,0.00
53947.47,9648.00,-2.46,0.00
53945.21,9647.21,-2.26,0.00
53943.15,9645.15,-2.06,0.00
53941.29,9643.29,-1.86,0.00
53939.71,9641.72,-1.58,0.00
53938.41,9640.41,-1.30,0.00
53937.39,9639.40,-1.02,0.00
53936.66,9638.66,-0.74,0.00
53936.20,9638.20,-0.46,0.00
53936.02,9638.02,-0.18,0.00
53935.91,9637.91,-0.10,0.00
53935.89,9637.90,-0.02,0.00
53935.95,9637.95,0.06,0.00
53936.09,9638.09,0.14,0.00
53936.31,9638.31,0.22,0.00
53936.61,9638.61,0.30,0.00
53936.99,9638.99,0.38,0.00
53937.45,9639.45,0.46,0.00
53937.99,9639.99,0.54,0.00
53938.61,9640.61,0.62,0.00
53939.31,9641.31,0.70,0.00
53940.09,9642.09,0.78,0.00
53940.95,9642.95,0.86,0.00
53941.89,9643.90,0.94,0.00
53942.91,9644.91,1.02,0.00
53944.02,9645.31,1.10,0.40
53945.20,9646.11,1.18,0.80
53946.46,9647.31,1.26,1.20
53947.80,9648.00,1.34,0.69
53949.22,9648.00,1.42,0.00
53950.72,9648.00,1.50,0.00
53952.30,9648.00,1.58,0.00
53953.96,9648.00,1.66,0.00
53955.70,9648.00,1.74,0.00
53957.52,9648.00,1.82,0.00
53959.41,9648.00,1.90,0.00
53961.39,9648.00,1.98,0.00
53963.45,9649.45,2.06,0.00
53965.59,9651.59,2.14,0.00
53967.81,9653.81,2.22,0.00
53970.11,9656.11,2.30,0.00
53972.49,9658.49,2.38,0.00
53974.95,9660.95,2.46,0.00
53977.49,9661.35,2.54,0.40
53980.11,9662.15,2.62,0.80
53982.81,9663.35,2.70,1.20
53985.59,9664.00,2.78,0.65
53988.45,9664.00,2.86,0.00
53991.39,9664.00,2.94,0.00
53994.41,9664.41,3.02,0.00
53997.23,9667.23,2.82,0.00
54000.13,9670.13,2.90,0.00
54003.11,9673.11,2.98,0.00
54006.17,9676.17,3.06,0.00
54009.03,9676.57,2.86,0.40
54011.97,9677.37,2.94,0.80
54014.99,9678.57,3.02,1.20
54017.91,9680.00,2.92,1.43
54020.73,9680.00,2.82,0.00
54023.36,9680.00,2.62,0.00
54025.78,9680.00,2.42,0.00
54028.00,9688.00,2.22,0.00
54030.02,9688.00,2.02,0.00
54031.84,9688.00,1.82,0.00
54033.46,9688.00,1.62,0.00
54034.88,9688.00,1.42,0.00
54036.10,9688.00,1.22,0.00
54037.12,9688.00,1.02,0.00
54037.94,9688.00,0.82,0.00
54038.56,9688.00,0.62,0.00
54038.98,9688.00,0.42,0.00
54039.20,9688.00,0.22,0.00
54039.22,9688.00,0.02,0.00
54039.22,9688.00,0.00,0.00
54039.22,9688.00,0.00,0.00
54039.22,9688.00,0.00,0.00
54039.22,9688.00,0.00,0.00
54039.22,9688.00,0.00,0.00
54039.22,9688.00,0.00,0.00
54039.22,9688.00,0.00,0.00
54039.22,9688.00,0.00,0.00
54039.22,9688.00,0.00,0.00
54039.22,9688.00,0.00,0.00
54039.22,9688.00,0.00,0.00
54039.22,9688.00,0.00,0.00
54039.22,9688.00,0.00,0.00
54039.22,9688.00,0.00,0.00
54039.22,9688.00,0.00,0.00
54039.22,9688.00,0.00,0.00
54039.22,9688.00,0.00,0.00
54039.22,9688.00,0.00,0.00
54039.22,9688.00,0.00,0.00
54039.22,9688.00,0.00,0.00
54039.22,9688.00,0.00,0.00
54039.22,9688.00,0.00,0.00
54039.22,9688.00,0.00,0.00
54039.22,9688.00,0.00,0.00
54039.22,9688.00,0.00,0.00
54039.22,9688.00,0.00,0.00
54039.22,9688.00,0.00,0.00
54039.22,9688.00,0.00,0.00
54039.22,9688.00,0.00,0.00
54039.22,9688.00,0.00,0.00
54039.22,9688.00,0.00,0.00
54039.22,9688.00,0.00,0.00
54039.22,9688.00,0.00,0.00
54039.22,9688.00,0.00,0.00
54039.22,9688.00,0.00,0.00
54039.22,9688.00,0.00,0.00
54039.22,9688.00,0.00,0.00
54039.22,9688.00,0.00,0.00
54039.22,9688.00,0.00,0.00
54039.22,9688.00,0.00,0.00
54039.22,9688.00,0.00,0.00
54039.22,9688.00,0.00,0.00
54039.22,9688.00,0.00,0.00
54039.22,9688.00,0.00,0.00
54039.22,9688.00,0.00,0.00
54039.22,9688.00,0.00,0.00
54039.22,9688.00,0.00,0.00
54039.22,9688.00,0.00,0.00
54039.22,9688.00,0.00,0.00
54039.22,9688.00,0.00,0.00
54039.22,9688.00,0.00,0.00
54039.22,9688.00,0.00,0.00
54039.22,9688.00,0.00,0.00
54039.22,9688.00,0.00,0.00
54039.22,9688.00,0.00,0.00
54039.22,9688.00,0.00,0.00
54039.22,9688.00,0.00,0.00
54039.22,9688.00,0.00,0.00
54039.22,9688.00,0.00,0.00
54039.22,9688.00,0.00,0.00
54039.22,9688.00,0.00,0.00
54039.22,9688.00,0.00,0.00
54039.22,9688.00,0.00,0.00
54039.22,9688.00,0.00,0.00
54039.22,9688.00,0.00,0.00
54039.22,9688.00,0.00,0.00
54039.22,9688.00,0.00,0.00
54039.22,9688.00,0.00,0.00
54039.22,9688.00,0.00,0.00
54039.22,9688.00,0.00,0.00
54039.22,9688.00,0.00,0.00
54039.22,9688.00,0.00,0.00
54039.22,9688.00,0.00,0.00
54039.22,9688.00,0.00,0.00
54039.22,9688.00,0.00,0.00
54039.22,9688.00,0.00,0.00
54039.22,9688.00,0.00,0.00
54039.22,9688.00,0.00,0.00
54039.22,9688.00,0.00,0.00
54039.22,9688.00,0.00,0.00
54039.22,9688.00,0.00,0.00
54039.22,9688.00,0.00,0.00
54039.22,9688.00,0.00,0.00
54039.22,9688.00,0.00,0.00
54039.22,9688.00,0.00,0.00
54039.22,9688.00,0.00,0.00
54039.22,9688.00,0.00,0.00
54039.22,9688.00,0.00,0.00
54039.22,9688.00,0.00,0.00
54039.22,9688.00,0.00,0.00
54039.22,9688.00,0.00,0.00
54039.22,9688.00,0.00,0.00
54039.22,9688.00,0.00,0.00
54039.22,9688.00,0.00,0.00
54039.22,9688.00,0.00,0.00
54039.22,9688.00,0.00,0.00
54039.14,9688.00,-0.08,0.00
54038.98,9688.00,-0.16,0.00
54038.74,9688.00,-0.24,0.00
54038.42,9688.00,-0.32,0.00
54038.02,9688.00,-0.40,0.00
54037.54,9688.00,-0.48,0.00
54036.98,9688.00,-0.56,0.00
54036.34,9688.00,-0.64,0.00
54035.62,9688.00,-0.72,0.00
54034.82,9688.00,-0.80,0.00
54033.95,9688.00,-0.88,0.00
54032.98,9688.00,-0.96,0.00
54031.95,9688.00,-1.04,0.00
54030.82,9688.00,-1.12,0.00
54029.62,9688.00,-1.20,0.00
54028.34,9688.00,-1.28,0.00
54026.98,9688.00,-1.36,0.00
54025.54,9680.00,-1.44,0.00
54024.02,9680.00,-1.52,0.00
54022.42,9680.00,-1.60,0.00
54020.74,9680.00,-1.68,0.00
54018.98,9680.00,-1.76,0.00
54017.14,9680.00,-1.84,0.00
54015.22,9680.00,-1.92,0.00
54013.22,9680.00,-2.00,0.00
54011.14,9680.00,-2.08,0.00
54008.98,9678.98,-2.16,0.00
54007.02,9677.02,-1.96,0.00
54005.26,9675.26,-1.76,0.00
54003.70,9673.70,-1.56,0.00
54002.34,9672.34,-1.36,0.00
54001.18,9671.18,-1.16,0.00
54000.22,9670.22,-0.96,0.00
53999.46,9669.46,-0.76,0.00
53998.90,9668.90,-0.56,0.00
53998.54,9668.54,-0.36,0.00
53998.38,9668.38,-0.16,0.00
53998.38,9668.38,0.00,0.00
53998.38,9668.38,0.00,0.00
53998.38,9668.38,0.00,0.00
53998.38,9668.38,0.00,0.00
53998.38,9668.38,0.00,0.00
53998.38,9668.38,0.00,0.00
53998.38,9668.38,0.00,0.00
53998.38,9668.38,0.00,0.00
53998.38,9668.38,0.00,0.00
53998.38,9668.38,0.00,0.00
53998.38,9668.38,0.00,0.00
53998.38,9668.38,0.00,0.00
53998.38,9668.38,0.00,0.00
53998.38,9668.38,0.00,0.00
53998.38,9668.38,0.00,0.00
53998.38,9668.38,0.00,0.00
53998.38,9668.38,0.00,0.00
53998.38,9668.38,0.00,0.00
53998.38,9668.38,0.00,0.00
53998.38,9668.38,0.00,0.00
53998.38,9668.38,0.00,0.00
53998.38,9668.38,0.00,0.00
53998.38,9668.38,0.00,0.00
53998.38,9668.38,0.00,0.00
53998.38,9668.38,0.00,0.00
53998.38,9668.38,0.00,0.00
53998.38,9668.38,0.00,0.00
53998.38,9668.38,0.00,0.00
53998.38,9668.38,0.00,0.00
53998.38,9668.38,0.00,0.00
53998.38,9668.38,0.00,0.00
53998.38,9668.38,0.00,0.00
53998.38,9668.38,0.00,0.00
53998.46,9668.46,0.08,0.00
53998.62,9668.62,0.16,0.00
53998.86,9668.86,0.24,0.00
53999.18,9669.18,0.32,0.00
53999.57,9669.57,0.40,0.00
54000.05,9670.06,0.48,0.00
54000.61,9670.61,0.56,0.00
54001.25,9671.25,0.64,0.00
54001.97,9671.97,0.72,0.00
54002.77,9672.77,0.80,0.00
54003.65,9673.65,0.88,0.00
54004.61,9674.61,0.96,0.00
54005.65,9675.65,1.04,0.00
54006.77,9676.77,1.12,0.00
54007.97,9677.17,1.20,0.40
54009.25,9677.97,1.28,0.80
54010.61,9679.17,1.36,1.20
54012.05,9680.00,1.44,0.83
54013.57,9680.00,1.52,0.00
54015.18,9680.00,1.60,0.00
54016.86,9680.00,1.68,0.00
54018.62,9680.00,1.76,0.00
54020.46,9680.00,1.84,0.00
54022.38,9680.00,1.92,0.00
54024.38,9680.00,2.00,0.00
54026.46,9688.00,2.08,0.00
54028.62,9688.00,2.16,0.00
54030.86,9688.00,2.24,0.00
54033.18,9688.00,2.32,0.00
54035.57,9688.00,2.40,0.00
54038.05,9688.00,2.48,0.00
54040.61,9688.00,2.56,0.00
54043.25,9696.00,2.64,0.00
54045.97,9696.00,2.72,0.00
54048.77,9696.00,2.80,0.00
54051.65,9696.00,2.88,0.00
54054.61,9696.00,2.96,0.00
54057.65,9696.00,3.04,0.00
54060.49,9696.00,2.84,0.00
54063.41,9696.00,2.92,0.00
54066.41,9696.00,3.00,0.00
54069.49,9696.00,3.08,0.00
54072.37,9696.00,2.88,0.00
54075.05,9696.00,2.68,0.00
54077.53,9696.00,2.48,0.00
54079.81,9696.00,2.28,0.00
54081.89,9696.00,2.08,0.00
54083.77,9696.00,1.88,0.00
54085.45,9696.00,1.68,0.00
54086.93,9696.00,1.48,0.00
54088.21,9696.00,1.28,0.00
54089.29,9696.00,1.08,0.00
54090.17,9696.00,0.88,0.00
54090.85,9696.00,0.68,0.00
54091.33,9696.00,0.48,0.00
54091.61,9696.00,0.28,0.00
54091.69,9696.00,0.08,0.00
54091.69,9696.00,0.00,0.00
54091.69,9696.00,0.00,0.00
54091.69,9696.00,0.00,0.00
54091.69,9696.00,0.00,0.00
54091.69,9696.00,0.00,0.00
54091.69,9696.00,0.00,0.00
54091.69,9696.00,0.00,0.00
54091.69,9696.00,0.00,0.00
54091.69,9696.00,0.00,0.00
54091.69,9696.00,0.00,0.00
54091.69,9696.00,0.00,0.00
54091.69,9696.00,0.00,0.00
54091.69,9696.00,0.00,0.00
54091.69,9696.00,0.00,0.00
54091.69,9696.00,0.00,0.00
54091.69,9696.00,0.00,0.00
54091.69,9696.00,0.00,0.00
54091.69,9696.00,0.00,0.00
54091.69,9696.00,0.00,0.00
54091.69,9696.00,0.00,0.00
54091.69,9696.00,0.00,0.00
54091.69,9696.00,0.00,0.00
54091.69,9696.00,0.00,0.00
54091.69,9696.00,0.00,0.00
54091.69,9696.00,0.00,0.00
54091.69,9696.00,0.00,0.00
54091.69,9696.00,0.00,0.00
54091.69,9696.00,0.00,0.00
54091.69,9696.00,0.00,0.00
54091.69,9696.00,0.00,0.00
54091.69,9696.00,0.00,0.00
54091.69,9696.00,0.00,0.00
54091.69,9696.00,0.00,0.00
54091.69,9696.00,0.00,0.00
54091.69,9696.00,0.00,0.00
54091.69,9696.00,0.00,0.00
54091.69,9696.00,0.00,0.00
54091.69,9696.00,0.00,0.00
54091.69,9696.00,0.00,0.00
54091.69,9696.00,0.00,0.00
54091.69,9696.00,0.00,0.00
54091.69,9696.00,0.00,0.00
54091.69,9696.00,0.00,0.00
54091.69,9696.00,0.00,0.00
54091.69,9696.00,0.00,0.00
54091.69,9696.00,0.00,0.00
54091.69,9696.00,0.00,0.00
54091.69,9696.00,0.00,0.00
54091.69,9696.00,0.00,0.00
54091.69,9696.00,0.00,0.00
54091.69,9696.00,0.00,0.00
54091.69,9696.00,0.00,0.00
54091.69,9696.00,0.00,0.00
54091.69,9696.00,0.00,0.00
54091.69,9696.00,0.00,0.00
54091.69,9696.00,0.00,0.00
54091.69,9696.00,0.00,0.00
54091.69,9696.00,0.00,0.00
54091.69,9696.00,0.00,0.00
54091.69,9696.00,0.00,0.00
54091.69,9696.00,0.00,0.00
54091.69,9696.00,0.00,0.00
54091.69,9696.00,0.00,0.00
54091.69,9696.00,0.00,0.00
54091.69,9696.00,0.00,0.00
54091.69,9696.00,0.00,0.00
54091.69,9696.00,0.00,0.00
54091.69,9696.00,0.00,0.00
54091.69,9696.00,0.00,0.00
54091.69,9696.00,0.00,0.00
54091.69,9696.00,0.00,0.00
54091.69,9696.00,0.00,0.00
54091.69,9696.00,0.00,0.00
54091.69,9696.00,0.00,0.00
54091.69,9696.00,0.00,0.00
54091.69,9696.00,0.00,0.00
54091.69,9696.00,0.00,0.00
54091.69,9696.00,0.00,0.00
54091.69,9696.00,0.00,0.00
54091.69,9696.00,0.00,0.00
54091.69,9696.00,0.00,0.00
54091.69,9696.00,0.00,0.00
54091.69,9696.00,0.00,0.00
54091.69,9696.00,0.00,0.00
54091.69,9696.00,0.00,0.00
54091.69,9696.00,0.00,0.00
54091.69,9696.00,0.00,0.00
54091.69,9696.00,0.00,0.00
54091.69,9696.00,0.00,0.00
54091.69,9696.00,0.00,0.00
54091.69,9696.00,0.00,0.00
54091.69,9696.00,0.00,0.00
54091.69,9696.00,0.00,0.00
54091.69,9696.00,0.00,0.00
54091.69,9696.00,0.00,0.00
54091.69,9696.00,0.00,0.00
54091.69,9696.00,0.00,0.00
54091.69,9696.00,0.00,0.00
54091.69,9696.00,0.00,0.00
54091.69,9696.00,0.00,0.00
54091.69,9696.00,0.00,0.00
54091.69,9696.00,0.00,0.00
54091.69,9696.00,0.00,0.00
54091.69,9696.00,0.00,0.00
54091.69,9696.00,0.00,0.00
54091.69,9696.00,0.00,0.00
54091.69,9696.00,0.00,0.00
54091.69,9696.00,0.00,0.00
54091.69,9696.00,0.00,0.00
54091.69,9696.00,0.00,0.00
54091.69,9696.00,0.00,0.00
54091.69,9696.00,0.00,0.00
54091.69,9696.00,0.00,0.00
54091.69,9696.00,0.00,0.00
54091.69,9696.00,0.00,0.00
54091.69,9696.00,0.00,0.00
54091.69,9696.00,0.00,0.00
54091.69,9696.00,0.00,0.00
54091.69,9696.00,0.00,0.00
54091.69,9696.00,0.00,0.00
54091.69,9696.00,0.00,0.00
54091.69,9696.00,0.00,0.00
54091.69,9696.00,0.00,0.00
54091.69,9696.00,0.00,0.00
54091.69,9696.00,0.00,0.00
54091.69,9696.00,0.00,0.00
54091.69,9696.00,0.00,0.00
54091.69,9696.00,0.00,0.00
54091.69,9696.00,0.00,0.00
54091.69,9696.00,0.00,0.00
54091.69,9696.00,0.00,0.00
54091.69,9696.00,0.00,0.00
54091.69,9696.00,0.00,0.00
54091.69,9696.00,0.00,0.00
54091.69,9696.00,0.00,0.00
54091.69,9696.00,0.00,0.00
54091.69,9696.00,0.00,0.00
54091.69,9696.00,0.00,0.00
54091.69,9696.00,0.00,0.00
54091.69,9696.00,0.00,0.00
54091.69,9696.00,0.00,0.00
54091.69,9696.00,0.00,0.00
54091.69,9696.00,0.00,0.00
54091.69,9696.00,0.00,0.00
54091.69,9696.00,0.00,0.00
54091.69,9696.00,0.00,0.00
54091.69,9696.00,0.00,0.00
54091.69,9696.00,0.00,0.00
54091.69,9696.00,0.00,0.00
54091.69,9696.00,0.00,0.00
54091.69,9696.00,0.00,0.00
54091.69,9696.00,0.00,0.00
54091.69,9696.00,0.00,0.00
54091.69,9696.00,0.00,0.00
54091.69,9696.00,0.00,0.00
54091.69,9696.00,0.00,0.00
54091.69,9696.00,0.00,0.00
54091.69,9696.00,0.00,0.00
54091.69,9696.00,0.00,0.00
54091.69,9696.00,0.00,0.00
54091.69,9696.00,0.00,0.00
54091.69,9696.00,0.00,0.00
54091.69,9696.00,0.00,0.00
54091.69,9696.00,0.00,0.00
54091.69,9696.00,0.00,0.00
54091.69,9696.00,0.00,0.00
54091.69,9696.00,0.00,0.00
54091.69,9696.00,0.00,0.00
54091.69,9696.00,0.00,0.00
54091.69,9696.00,0.00,0.00
54091.69,9696.00,0.00,0.00
54091.69,9696.00,0.00,0.00
54091.69,9696.00,0.00,0.00
54091.69,9696.00,0.00,0.00
54091.69,9696.00,0.00,0.00
54091.69,9696.00,0.00,0.00
54091.69,9696.00,0.00,0.00
54091.69,9696.00,0.00,0.00
54091.69,9696.00,0.00,0.00
54091.69,9696.00,0.00,0.00
54091.69,9696.00,0.00,0.00
54091.69,9696.00,0.00,0.00
54091.69,9696.00,0.00,0.00
54091.69,9696.00,0.00,0.00
54091.69,9696.00,0.00,0.00
54091.69,9696.00,0.00,0.00
54091.69,9696.00,0.00,0.00
54091.69,9696.00,0.00,0.00
54091.69,9696.00,0.00,0.00
54091.69,9696.00,0.00,0.00
54091.69,9696.00,0.00,0.00
54091.69,9696.00,0.00,0.00
54091.69,9696.00,0.00,0.00
54091.69,9696.00,0.00,0.00
54091.69,9696.00,0.00,0.00
54091.69,9696.00,0.00,0.00
54091.69,9696.00,0.00,0.00
54091.69,9696.00,0.00,0.00
54091.69,9696.00,0.00,0.00
54091.69,9696.00,0.00,0.00
54091.69,9696.00,0.00,0.00
54091.69,9696.00,0.00,0.00
54091.69,9696.00,0.00,0.00
54091.69,9696.00,0.00,0.00
54091.69,9696.00,0.00,0.00
54091.69,9696.00,0.00,0.00
54091.69,9696.00,0.00,0.00
54091.69,9696.00,0.00,0.00
54091.69,9696.00,0.00,0.00
54091.69,9696.00,0.00,0.00
54091.69,9696.00,0.00,0.00
54091.69,9696.00,0.00,0.00
54091.69,9696.00,0.00,0.00
54091.69,9696.00,0.00,0.00
54091.69,9696.00,0.00,0.00
54091.69,9696.00,0.00,0.00
54091.69,9696.00,0.00,0.00
54091.69,9696.00,0.00,0.00
54091.69,9696.00,0.00,0.00
54091.69,9696.00,0.00,0.00
54091.69,9696.00,0.00,0.00
54091.69,9696.00,0.00,0.00
54091.69,9696.00,0.00,0.00
54091.69,9696.00,0.00,0.00
54091.69,9696.00,0.00,0.00
54091.69,9696.00,0.00,0.00
54091.69,9696.00,0.00,0.00
54091.69,9696.00,0.00,0.00
54091.69,9696.00,0.00,0.00
54091.69,9696.00,0.00,0.00
54091.69,9696.00,0.00,0.00
54091.69,9696.00,0.00,0.00
54091.69,9696.00,0.00,0.00
54091.69,9696.00,0.00,0.00
54091.69,9696.00,0.00,0.00
54091.69,9696.00,0.00,0.00
54091.69,9696.00,0.00,0.00
54091.69,9696.00,0.00,0.00
54091.69,9696.00,0.00,0.00
54091.69,9696.00,0.00,0.00
54091.69,9696.00,0.00,0.00
54091.69,9696.00,0.00,0.00
54091.69,9696.00,0.00,0.00
54091.69,9696.00,0.00,0.00
54091.69,9696.00,0.00,0.00
54091.69,9696.00,0.00,0.00
54091.69,9696.00,0.00,0.00
54091.69,9696.00,0.00,0.00
54091.69,9696.00,0.00,0.00
54091.69,9696.00,0.00,0.00
54091.69,9696.00,0.00,0.00
54091.69,9696.00,0.00,0.00
54091.69,9696.00,0.00,0.00
54091.69,9696.00,0.00,0.00
54091.69,9696.00,0.00,0.00
54091.69,9696.00,0.00,0.00
54091.69,9696.00,0.00,0.00
54091.69,9696.00,0.00,0.00
54091.69,9696.00,0.00,0.00
54091.69,9696.00,0.00,0.00
54091.69,9696.00,0.00,0.00
54091.69,9696.00,0.00,0.00
54091.69,9696.00,0.00,0.00
54091.69,9696.00,0.00,0.00
54091.69,9696.00,0.00,0.00
54091.69,9696.00,0.00,0.00
54091.69,9696.00,0.00,0.00
54091.69,9696.00,0.00,0.00
54091.69,9696.00,0.00,0.00
54091.69,9696.00,0.00,0.00
54091.69,9696.00,0.00,0.00
54091.69,9696.00,0.00,0.00
54091.69,9696.00,0.00,0.00
54091.69,9696.00,0.00,0.00
54091.69,9696.00,0.00,0.00
54091.69,9696.00,0.00,0.00
54091.69,9696.00,0.00,0.00
54091.69,9696.00,0.00,0.00
54091.69,9696.00,0.00,0.00
54091.69,9696.00,0.00,0.00
54091.69,9696.00,0.00,0.00
54091.69,9696.00,0.00,0.00
54091.69,9696.00,0.00,0.00
54091.69,9696.00,0.00,0.00
54091.69,9696.00,0.00,0.00
54091.69,9696.00,0.00,0.00
54091.69,9696.00,0.00,0.00
54091.69,9696.00,0.00,0.00
54091.69,9696.00,0.00,0.00
54091.69,9696.00,0.00,0.00
54091.69,9696.00,0.00,0.00
54091.69,9696.00,0.00,0.00
54091.69,9696.00,0.00,0.00
54091.69,9696.00,0.00,0.00
54091.69,9696.00,0.00,0.00
54091.69,9696.00,0.00,0.00
54091.69,9696.00,0.00,0.00
54091.69,9696.00,0.00,0.00
54091.69,9696.00,0.00,0.00
54091.69,9696.00,0.00,0.00
54091.69,9696.00,0.00,0.00
54091.69,9696.00,0.00,0.00
54091.69,9696.00,0.00,0.00
54091.69,9696.00,0.00,0.00
54091.69,9696.00,0.00,0.00
54091.69,9696.00,0.00,0.00
54091.69,9696.00,0.00,0.00
54091.69,9696.00,0.00,0.00
54091.69,9696.00,0.00,0.00
54091.69,9696.00,0.00,0.00
54091.69,9696.00,0.00,0.00
54091.69,9696.00,0.00,0.00
54091.69,9696.00,0.00,0.00
54091.69,9696.00,0.00,0.00
54091.69,9696.00,0.00,0.00
54091.69,9696.00,0.00,0.00
54091.69,9696.00,0.00,0.00
54091.69,9696.00,0.00,0.00
54091.69,9696.00,0.00,0.00
54091.69,9696.00,0.00,0.00
54091.69,9696.00,0.00,0.00
54091.69,9696.00,0.00,0.00
54091.69,9696.00,0.00,0.00
54091.69,9696.00,0.00,0.00
54091.69,9696.00,0.00,0.00
54091.69,9696.00,0.00,0.00
54091.69,9696.00,0.00,0.00
54091.69,9696.00,0.00,0.00
54091.69,9696.00,0.00,0.00
54091.69,9696.00,0.00,0.00
54091.69,9696.00,0.00,0.00
54091.69,9696.00,0.00,0.00
54091.69,9696.00,0.00,0.00
54091.69,9696.00,0.00,0.00
54091.69,9696.00,0.00,0.00
54091.69,9696.00,0.00,0.00
54091.69,9696.00,0.00,0.00
54091.69,9696.00,0.00,0.00
54091.69,9696.00,0.00,0.00
54091.69,9696.00,0.00,0.00
54091.69,9696.00,0.00,0.00
54091.69,9696.00,0.00,0.00
54091.69,9696.00,0.00,0.00
54091.69,9696.00,0.00,0.00
54091.69,9696.00,0.00,0.00
54091.69,9696.00,0.00,0.00
54091.69,9696.00,0.00,0.00
54091.69,9696.00,0.00,0.00
54091.69,9696.00,0.00,0.00
54091.69,9696.00,0.00,0.00
54091.69,9696.00,0.00,0.00
54091.69,9696.00,0.00,0.00
54091.69,9696.00,0.00,0.00
54091.69,9696.00,0.00,0.00
54091.69,9696.00,0.00,0.00
54091.69,9696.00,0.00,0.00
54091.69,9696.00,0.00,0.00
54091.69,9696.00,0.00,0.00
54091.69,9696.00,0.00,0.00
54091.69,9696.00,0.00,0.00
54091.69,9696.00,0.00,0.00
54091.69,9696.00,0.00,0.00
54091.69,9696.00,0.00,0.00
54091.69,9696.00,0.00,0.00
54091.69,9696.00,0.00,0.00
54091.69,9696.00,0.00,0.00
54091.69,9696.00,0.00,0.00
54091.69,9696.00,0.00,0.00
54091.69,9696.00,0.00,0.00
54091.69,9696.00,0.00,0.00
54091.69,9696.00,0.00,0.00
54091.69,9696.00,0.00,0.00
54091.69,9696.00,0.00,0.00
54091.69,9696.00,0.00,0.00
54091.69,9696.00,0.00,0.00
54091.69,9696.00,0.00,0.00
54091.69,9696.00,0.00,0.00
54091.69,9696.00,0.00,0.00
54091.69,9696.00,0.00,0.00
54091.69,9696.00,0.00,0.00
54091.69,9696.00,0.00,0.00
54091.69,9696.00,0.00,0.00
54091.69,9696.00,0.00,0.00
54091.69,9696.00,0.00,0.00
54091.69,9696.00,0.00,0.00
54091.69,9696.00,0.00,0.00
54091.69,9696.00,0.00,0.00
